Product,Entity,Operation,Campaign Id,Ad Group Id,Portfolio Id,Ad Id,Keyword Id,Product Targeting Id,Campaign Name,Ad Group Name,Start Date,End Date,Targeting Type,State,Daily Budget,SKU,ASIN,Eligibility Status,Reasons for Ineligibility,Ad Group Default Bid,Bid,Keyword Text,Match Type,Bidding Strategy,Placement,Percentage,Product Targeting Expression
Sponsored Products,Campaign,Create,FATHERDAY_DADHAT_SP00_SPR00_dad hat_Exact_Nguyen_280526,,212170875998610,,,,FATHERDAY_DADHAT_SP00_SPR00_dad hat_Exact_Nguyen_280526,,20260528,,Manual,Enabled,5.0,,,,,,,,,Dynamic bids - down only,,,
Sponsored Products,Bidding Adjustment,Create,FATHERDAY_DADHAT_SP00_SPR00_dad hat_Exact_Nguyen_280526,,,,,,,,,,,Enabled,,,,,,,,,,,Placement Top,0,
Sponsored Products,Bidding Adjustment,Create,FATHERDAY_DADHAT_SP00_SPR00_dad hat_Exact_Nguyen_280526,,,,,,,,,,,Enabled,,,,,,,,,,,Placement Product Page,0,
Sponsored Products,Bidding Adjustment,Create,FATHERDAY_DADHAT_SP00_SPR00_dad hat_Exact_Nguyen_280526,,,,,,,,,,,Enabled,,,,,,,,,,,Placement Rest Of Search,0,
Sponsored Products,Ad Group,Create,FATHERDAY_DADHAT_SP00_SPR00_dad hat_Exact_Nguyen_280526,AG_01_Exact_dad hat,,,,,,AG_01_Exact_dad hat,,,,Enabled,,,,,,0.6,,,,,,,
Sponsored Products,Product Ad,Create,FATHERDAY_DADHAT_SP00_SPR00_dad hat_Exact_Nguyen_280526,AG_01_Exact_dad hat,,,,,,,,,,Enabled,,FATHERDAY_DADHAT,,,,,,,,,,,
Sponsored Products,Keyword,Create,FATHERDAY_DADHAT_SP00_SPR00_dad hat_Exact_Nguyen_280526,AG_01_Exact_dad hat,,,,,,,,,,Enabled,,,,,,,0.6,dad hat,exact,,,,
Sponsored Products,Ad Group,Create,FATHERDAY_DADHAT_SP00_SPR00_dad hat_Exact_Nguyen_280526,AG_02_Exact_dad hat,,,,,,AG_02_Exact_dad hat,,,,Enabled,,,,,,0.6,,,,,,,
Sponsored Products,Product Ad,Create,FATHERDAY_DADHAT_SP00_SPR00_dad hat_Exact_Nguyen_280526,AG_02_Exact_dad hat,,,,,,,,,,Enabled,,FATHERDAY_DADHAT,,,,,,,,,,,
Sponsored Products,Keyword,Create,FATHERDAY_DADHAT_SP00_SPR00_dad hat_Exact_Nguyen_280526,AG_02_Exact_dad hat,,,,,,,,,,Enabled,,,,,,,0.6,dad hat,exact,,,,
Sponsored Products,Ad Group,Create,FATHERDAY_DADHAT_SP00_SPR00_dad hat_Exact_Nguyen_280526,AG_03_Exact_dad hat,,,,,,AG_03_Exact_dad hat,,,,Enabled,,,,,,0.6,,,,,,,
Sponsored Products,Product Ad,Create,FATHERDAY_DADHAT_SP00_SPR00_dad hat_Exact_Nguyen_280526,AG_03_Exact_dad hat,,,,,,,,,,Enabled,,FATHERDAY_DADHAT,,,,,,,,,,,
Sponsored Products,Keyword,Create,FATHERDAY_DADHAT_SP00_SPR00_dad hat_Exact_Nguyen_280526,AG_03_Exact_dad hat,,,,,,,,,,Enabled,,,,,,,0.6,dad hat,exact,,,,
Sponsored Products,Campaign,Create,FATHERDAY_DADHAT_SP00_SPR01_best dad ever hat_Exact_Nguyen_280526,,212170875998610,,,,FATHERDAY_DADHAT_SP00_SPR01_best dad ever hat_Exact_Nguyen_280526,,20260528,,Manual,Enabled,5.0,,,,,,,,,Dynamic bids - down only,,,
Sponsored Products,Bidding Adjustment,Create,FATHERDAY_DADHAT_SP00_SPR01_best dad ever hat_Exact_Nguyen_280526,,,,,,,,,,,Enabled,,,,,,,,,,,Placement Top,0,
Sponsored Products,Bidding Adjustment,Create,FATHERDAY_DADHAT_SP00_SPR01_best dad ever hat_Exact_Nguyen_280526,,,,,,,,,,,Enabled,,,,,,,,,,,Placement Product Page,0,
Sponsored Products,Bidding Adjustment,Create,FATHERDAY_DADHAT_SP00_SPR01_best dad ever hat_Exact_Nguyen_280526,,,,,,,,,,,Enabled,,,,,,,,,,,Placement Rest Of Search,0,
Sponsored Products,Ad Group,Create,FATHERDAY_DADHAT_SP00_SPR01_best dad ever hat_Exact_Nguyen_280526,AG_01_Exact_best dad ever hat,,,,,,AG_01_Exact_best dad ever hat,,,,Enabled,,,,,,0.6,,,,,,,
Sponsored Products,Product Ad,Create,FATHERDAY_DADHAT_SP00_SPR01_best dad ever hat_Exact_Nguyen_280526,AG_01_Exact_best dad ever hat,,,,,,,,,,Enabled,,FATHERDAY_DADHAT,,,,,,,,,,,
Sponsored Products,Keyword,Create,FATHERDAY_DADHAT_SP00_SPR01_best dad ever hat_Exact_Nguyen_280526,AG_01_Exact_best dad ever hat,,,,,,,,,,Enabled,,,,,,,0.6,best dad ever hat,exact,,,,
Sponsored Products,Ad Group,Create,FATHERDAY_DADHAT_SP00_SPR01_best dad ever hat_Exact_Nguyen_280526,AG_02_Exact_best dad ever hat,,,,,,AG_02_Exact_best dad ever hat,,,,Enabled,,,,,,0.6,,,,,,,
Sponsored Products,Product Ad,Create,FATHERDAY_DADHAT_SP00_SPR01_best dad ever hat_Exact_Nguyen_280526,AG_02_Exact_best dad ever hat,,,,,,,,,,Enabled,,FATHERDAY_DADHAT,,,,,,,,,,,
Sponsored Products,Keyword,Create,FATHERDAY_DADHAT_SP00_SPR01_best dad ever hat_Exact_Nguyen_280526,AG_02_Exact_best dad ever hat,,,,,,,,,,Enabled,,,,,,,0.6,best dad ever hat,exact,,,,
Sponsored Products,Ad Group,Create,FATHERDAY_DADHAT_SP00_SPR01_best dad ever hat_Exact_Nguyen_280526,AG_03_Exact_best dad ever hat,,,,,,AG_03_Exact_best dad ever hat,,,,Enabled,,,,,,0.6,,,,,,,
Sponsored Products,Product Ad,Create,FATHERDAY_DADHAT_SP00_SPR01_best dad ever hat_Exact_Nguyen_280526,AG_03_Exact_best dad ever hat,,,,,,,,,,Enabled,,FATHERDAY_DADHAT,,,,,,,,,,,
Sponsored Products,Keyword,Create,FATHERDAY_DADHAT_SP00_SPR01_best dad ever hat_Exact_Nguyen_280526,AG_03_Exact_best dad ever hat,,,,,,,,,,Enabled,,,,,,,0.6,best dad ever hat,exact,,,,
Sponsored Products,Campaign,Create,FATHERDAY_DADHAT_SP00_SPR00_dadhat_Exact_Nguyen_280526,,212170875998610,,,,FATHERDAY_DADHAT_SP00_SPR00_dadhat_Exact_Nguyen_280526,,20260528,,Manual,Enabled,5.0,,,,,,,,,Dynamic bids - down only,,,
Sponsored Products,Bidding Adjustment,Create,FATHERDAY_DADHAT_SP00_SPR00_dadhat_Exact_Nguyen_280526,,,,,,,,,,,Enabled,,,,,,,,,,,Placement Top,0,
Sponsored Products,Bidding Adjustment,Create,FATHERDAY_DADHAT_SP00_SPR00_dadhat_Exact_Nguyen_280526,,,,,,,,,,,Enabled,,,,,,,,,,,Placement Product Page,0,
Sponsored Products,Bidding Adjustment,Create,FATHERDAY_DADHAT_SP00_SPR00_dadhat_Exact_Nguyen_280526,,,,,,,,,,,Enabled,,,,,,,,,,,Placement Rest Of Search,0,
Sponsored Products,Ad Group,Create,FATHERDAY_DADHAT_SP00_SPR00_dadhat_Exact_Nguyen_280526,AG_01_Exact_dadhat,,,,,,AG_01_Exact_dadhat,,,,Enabled,,,,,,0.6,,,,,,,
Sponsored Products,Product Ad,Create,FATHERDAY_DADHAT_SP00_SPR00_dadhat_Exact_Nguyen_280526,AG_01_Exact_dadhat,,,,,,,,,,Enabled,,FATHERDAY_DADHAT,,,,,,,,,,,
Sponsored Products,Keyword,Create,FATHERDAY_DADHAT_SP00_SPR00_dadhat_Exact_Nguyen_280526,AG_01_Exact_dadhat,,,,,,,,,,Enabled,,,,,,,0.6,dadhat,exact,,,,
Sponsored Products,Ad Group,Create,FATHERDAY_DADHAT_SP00_SPR00_dadhat_Exact_Nguyen_280526,AG_02_Exact_dadhat,,,,,,AG_02_Exact_dadhat,,,,Enabled,,,,,,0.6,,,,,,,
Sponsored Products,Product Ad,Create,FATHERDAY_DADHAT_SP00_SPR00_dadhat_Exact_Nguyen_280526,AG_02_Exact_dadhat,,,,,,,,,,Enabled,,FATHERDAY_DADHAT,,,,,,,,,,,
Sponsored Products,Keyword,Create,FATHERDAY_DADHAT_SP00_SPR00_dadhat_Exact_Nguyen_280526,AG_02_Exact_dadhat,,,,,,,,,,Enabled,,,,,,,0.6,dadhat,exact,,,,
Sponsored Products,Ad Group,Create,FATHERDAY_DADHAT_SP00_SPR00_dadhat_Exact_Nguyen_280526,AG_03_Exact_dadhat,,,,,,AG_03_Exact_dadhat,,,,Enabled,,,,,,0.6,,,,,,,
Sponsored Products,Product Ad,Create,FATHERDAY_DADHAT_SP00_SPR00_dadhat_Exact_Nguyen_280526,AG_03_Exact_dadhat,,,,,,,,,,Enabled,,FATHERDAY_DADHAT,,,,,,,,,,,
Sponsored Products,Keyword,Create,FATHERDAY_DADHAT_SP00_SPR00_dadhat_Exact_Nguyen_280526,AG_03_Exact_dadhat,,,,,,,,,,Enabled,,,,,,,0.6,dadhat,exact,,,,
Sponsored Products,Campaign,Create,FATHERDAY_DADHAT_SP00_SPR00_papa hat_Exact_Nguyen_280526,,212170875998610,,,,FATHERDAY_DADHAT_SP00_SPR00_papa hat_Exact_Nguyen_280526,,20260528,,Manual,Enabled,5.0,,,,,,,,,Dynamic bids - down only,,,
Sponsored Products,Bidding Adjustment,Create,FATHERDAY_DADHAT_SP00_SPR00_papa hat_Exact_Nguyen_280526,,,,,,,,,,,Enabled,,,,,,,,,,,Placement Top,0,
Sponsored Products,Bidding Adjustment,Create,FATHERDAY_DADHAT_SP00_SPR00_papa hat_Exact_Nguyen_280526,,,,,,,,,,,Enabled,,,,,,,,,,,Placement Product Page,0,
Sponsored Products,Bidding Adjustment,Create,FATHERDAY_DADHAT_SP00_SPR00_papa hat_Exact_Nguyen_280526,,,,,,,,,,,Enabled,,,,,,,,,,,Placement Rest Of Search,0,
Sponsored Products,Ad Group,Create,FATHERDAY_DADHAT_SP00_SPR00_papa hat_Exact_Nguyen_280526,AG_01_Exact_papa hat,,,,,,AG_01_Exact_papa hat,,,,Enabled,,,,,,0.6,,,,,,,
Sponsored Products,Product Ad,Create,FATHERDAY_DADHAT_SP00_SPR00_papa hat_Exact_Nguyen_280526,AG_01_Exact_papa hat,,,,,,,,,,Enabled,,FATHERDAY_DADHAT,,,,,,,,,,,
Sponsored Products,Keyword,Create,FATHERDAY_DADHAT_SP00_SPR00_papa hat_Exact_Nguyen_280526,AG_01_Exact_papa hat,,,,,,,,,,Enabled,,,,,,,0.6,papa hat,exact,,,,
Sponsored Products,Ad Group,Create,FATHERDAY_DADHAT_SP00_SPR00_papa hat_Exact_Nguyen_280526,AG_02_Exact_papa hat,,,,,,AG_02_Exact_papa hat,,,,Enabled,,,,,,0.6,,,,,,,
Sponsored Products,Product Ad,Create,FATHERDAY_DADHAT_SP00_SPR00_papa hat_Exact_Nguyen_280526,AG_02_Exact_papa hat,,,,,,,,,,Enabled,,FATHERDAY_DADHAT,,,,,,,,,,,
Sponsored Products,Keyword,Create,FATHERDAY_DADHAT_SP00_SPR00_papa hat_Exact_Nguyen_280526,AG_02_Exact_papa hat,,,,,,,,,,Enabled,,,,,,,0.6,papa hat,exact,,,,
Sponsored Products,Ad Group,Create,FATHERDAY_DADHAT_SP00_SPR00_papa hat_Exact_Nguyen_280526,AG_03_Exact_papa hat,,,,,,AG_03_Exact_papa hat,,,,Enabled,,,,,,0.6,,,,,,,
Sponsored Products,Product Ad,Create,FATHERDAY_DADHAT_SP00_SPR00_papa hat_Exact_Nguyen_280526,AG_03_Exact_papa hat,,,,,,,,,,Enabled,,FATHERDAY_DADHAT,,,,,,,,,,,
Sponsored Products,Keyword,Create,FATHERDAY_DADHAT_SP00_SPR00_papa hat_Exact_Nguyen_280526,AG_03_Exact_papa hat,,,,,,,,,,Enabled,,,,,,,0.6,papa hat,exact,,,,
Sponsored Products,Campaign,Create,FATHERDAY_DADHAT_SP00_SPR00_dad hats for men_Exact_Nguyen_280526,,212170875998610,,,,FATHERDAY_DADHAT_SP00_SPR00_dad hats for men_Exact_Nguyen_280526,,20260528,,Manual,Enabled,5.0,,,,,,,,,Dynamic bids - down only,,,
Sponsored Products,Bidding Adjustment,Create,FATHERDAY_DADHAT_SP00_SPR00_dad hats for men_Exact_Nguyen_280526,,,,,,,,,,,Enabled,,,,,,,,,,,Placement Top,0,
Sponsored Products,Bidding Adjustment,Create,FATHERDAY_DADHAT_SP00_SPR00_dad hats for men_Exact_Nguyen_280526,,,,,,,,,,,Enabled,,,,,,,,,,,Placement Product Page,0,
Sponsored Products,Bidding Adjustment,Create,FATHERDAY_DADHAT_SP00_SPR00_dad hats for men_Exact_Nguyen_280526,,,,,,,,,,,Enabled,,,,,,,,,,,Placement Rest Of Search,0,
Sponsored Products,Ad Group,Create,FATHERDAY_DADHAT_SP00_SPR00_dad hats for men_Exact_Nguyen_280526,AG_01_Exact_dad hats for men,,,,,,AG_01_Exact_dad hats for men,,,,Enabled,,,,,,0.6,,,,,,,
Sponsored Products,Product Ad,Create,FATHERDAY_DADHAT_SP00_SPR00_dad hats for men_Exact_Nguyen_280526,AG_01_Exact_dad hats for men,,,,,,,,,,Enabled,,FATHERDAY_DADHAT,,,,,,,,,,,
Sponsored Products,Keyword,Create,FATHERDAY_DADHAT_SP00_SPR00_dad hats for men_Exact_Nguyen_280526,AG_01_Exact_dad hats for men,,,,,,,,,,Enabled,,,,,,,0.6,dad hats for men,exact,,,,
Sponsored Products,Ad Group,Create,FATHERDAY_DADHAT_SP00_SPR00_dad hats for men_Exact_Nguyen_280526,AG_02_Exact_dad hats for men,,,,,,AG_02_Exact_dad hats for men,,,,Enabled,,,,,,0.6,,,,,,,
Sponsored Products,Product Ad,Create,FATHERDAY_DADHAT_SP00_SPR00_dad hats for men_Exact_Nguyen_280526,AG_02_Exact_dad hats for men,,,,,,,,,,Enabled,,FATHERDAY_DADHAT,,,,,,,,,,,
Sponsored Products,Keyword,Create,FATHERDAY_DADHAT_SP00_SPR00_dad hats for men_Exact_Nguyen_280526,AG_02_Exact_dad hats for men,,,,,,,,,,Enabled,,,,,,,0.6,dad hats for men,exact,,,,
Sponsored Products,Ad Group,Create,FATHERDAY_DADHAT_SP00_SPR00_dad hats for men_Exact_Nguyen_280526,AG_03_Exact_dad hats for men,,,,,,AG_03_Exact_dad hats for men,,,,Enabled,,,,,,0.6,,,,,,,
Sponsored Products,Product Ad,Create,FATHERDAY_DADHAT_SP00_SPR00_dad hats for men_Exact_Nguyen_280526,AG_03_Exact_dad hats for men,,,,,,,,,,Enabled,,FATHERDAY_DADHAT,,,,,,,,,,,
Sponsored Products,Keyword,Create,FATHERDAY_DADHAT_SP00_SPR00_dad hats for men_Exact_Nguyen_280526,AG_03_Exact_dad hats for men,,,,,,,,,,Enabled,,,,,,,0.6,dad hats for men,exact,,,,
Sponsored Products,Campaign,Create,FATHERDAY_DADHAT_SP00_SPR00_dad cap_Exact_Nguyen_280526,,212170875998610,,,,FATHERDAY_DADHAT_SP00_SPR00_dad cap_Exact_Nguyen_280526,,20260528,,Manual,Enabled,5.0,,,,,,,,,Dynamic bids - down only,,,
Sponsored Products,Bidding Adjustment,Create,FATHERDAY_DADHAT_SP00_SPR00_dad cap_Exact_Nguyen_280526,,,,,,,,,,,Enabled,,,,,,,,,,,Placement Top,0,
Sponsored Products,Bidding Adjustment,Create,FATHERDAY_DADHAT_SP00_SPR00_dad cap_Exact_Nguyen_280526,,,,,,,,,,,Enabled,,,,,,,,,,,Placement Product Page,0,
Sponsored Products,Bidding Adjustment,Create,FATHERDAY_DADHAT_SP00_SPR00_dad cap_Exact_Nguyen_280526,,,,,,,,,,,Enabled,,,,,,,,,,,Placement Rest Of Search,0,
Sponsored Products,Ad Group,Create,FATHERDAY_DADHAT_SP00_SPR00_dad cap_Exact_Nguyen_280526,AG_01_Exact_dad cap,,,,,,AG_01_Exact_dad cap,,,,Enabled,,,,,,0.6,,,,,,,
Sponsored Products,Product Ad,Create,FATHERDAY_DADHAT_SP00_SPR00_dad cap_Exact_Nguyen_280526,AG_01_Exact_dad cap,,,,,,,,,,Enabled,,FATHERDAY_DADHAT,,,,,,,,,,,
Sponsored Products,Keyword,Create,FATHERDAY_DADHAT_SP00_SPR00_dad cap_Exact_Nguyen_280526,AG_01_Exact_dad cap,,,,,,,,,,Enabled,,,,,,,0.6,dad cap,exact,,,,
Sponsored Products,Ad Group,Create,FATHERDAY_DADHAT_SP00_SPR00_dad cap_Exact_Nguyen_280526,AG_02_Exact_dad cap,,,,,,AG_02_Exact_dad cap,,,,Enabled,,,,,,0.6,,,,,,,
Sponsored Products,Product Ad,Create,FATHERDAY_DADHAT_SP00_SPR00_dad cap_Exact_Nguyen_280526,AG_02_Exact_dad cap,,,,,,,,,,Enabled,,FATHERDAY_DADHAT,,,,,,,,,,,
Sponsored Products,Keyword,Create,FATHERDAY_DADHAT_SP00_SPR00_dad cap_Exact_Nguyen_280526,AG_02_Exact_dad cap,,,,,,,,,,Enabled,,,,,,,0.6,dad cap,exact,,,,
Sponsored Products,Ad Group,Create,FATHERDAY_DADHAT_SP00_SPR00_dad cap_Exact_Nguyen_280526,AG_03_Exact_dad cap,,,,,,AG_03_Exact_dad cap,,,,Enabled,,,,,,0.6,,,,,,,
Sponsored Products,Product Ad,Create,FATHERDAY_DADHAT_SP00_SPR00_dad cap_Exact_Nguyen_280526,AG_03_Exact_dad cap,,,,,,,,,,Enabled,,FATHERDAY_DADHAT,,,,,,,,,,,
Sponsored Products,Keyword,Create,FATHERDAY_DADHAT_SP00_SPR00_dad cap_Exact_Nguyen_280526,AG_03_Exact_dad cap,,,,,,,,,,Enabled,,,,,,,0.6,dad cap,exact,,,,
Sponsored Products,Campaign,Create,FATHERDAY_DADHAT_SP00_SPR00_camo dad hat_Exact_Nguyen_280526,,212170875998610,,,,FATHERDAY_DADHAT_SP00_SPR00_camo dad hat_Exact_Nguyen_280526,,20260528,,Manual,Enabled,5.0,,,,,,,,,Dynamic bids - down only,,,
Sponsored Products,Bidding Adjustment,Create,FATHERDAY_DADHAT_SP00_SPR00_camo dad hat_Exact_Nguyen_280526,,,,,,,,,,,Enabled,,,,,,,,,,,Placement Top,0,
Sponsored Products,Bidding Adjustment,Create,FATHERDAY_DADHAT_SP00_SPR00_camo dad hat_Exact_Nguyen_280526,,,,,,,,,,,Enabled,,,,,,,,,,,Placement Product Page,0,
Sponsored Products,Bidding Adjustment,Create,FATHERDAY_DADHAT_SP00_SPR00_camo dad hat_Exact_Nguyen_280526,,,,,,,,,,,Enabled,,,,,,,,,,,Placement Rest Of Search,0,
Sponsored Products,Ad Group,Create,FATHERDAY_DADHAT_SP00_SPR00_camo dad hat_Exact_Nguyen_280526,AG_01_Exact_camo dad hat,,,,,,AG_01_Exact_camo dad hat,,,,Enabled,,,,,,0.6,,,,,,,
Sponsored Products,Product Ad,Create,FATHERDAY_DADHAT_SP00_SPR00_camo dad hat_Exact_Nguyen_280526,AG_01_Exact_camo dad hat,,,,,,,,,,Enabled,,FATHERDAY_DADHAT,,,,,,,,,,,
Sponsored Products,Keyword,Create,FATHERDAY_DADHAT_SP00_SPR00_camo dad hat_Exact_Nguyen_280526,AG_01_Exact_camo dad hat,,,,,,,,,,Enabled,,,,,,,0.6,camo dad hat,exact,,,,
Sponsored Products,Ad Group,Create,FATHERDAY_DADHAT_SP00_SPR00_camo dad hat_Exact_Nguyen_280526,AG_02_Exact_camo dad hat,,,,,,AG_02_Exact_camo dad hat,,,,Enabled,,,,,,0.6,,,,,,,
Sponsored Products,Product Ad,Create,FATHERDAY_DADHAT_SP00_SPR00_camo dad hat_Exact_Nguyen_280526,AG_02_Exact_camo dad hat,,,,,,,,,,Enabled,,FATHERDAY_DADHAT,,,,,,,,,,,
Sponsored Products,Keyword,Create,FATHERDAY_DADHAT_SP00_SPR00_camo dad hat_Exact_Nguyen_280526,AG_02_Exact_camo dad hat,,,,,,,,,,Enabled,,,,,,,0.6,camo dad hat,exact,,,,
Sponsored Products,Ad Group,Create,FATHERDAY_DADHAT_SP00_SPR00_camo dad hat_Exact_Nguyen_280526,AG_03_Exact_camo dad hat,,,,,,AG_03_Exact_camo dad hat,,,,Enabled,,,,,,0.6,,,,,,,
Sponsored Products,Product Ad,Create,FATHERDAY_DADHAT_SP00_SPR00_camo dad hat_Exact_Nguyen_280526,AG_03_Exact_camo dad hat,,,,,,,,,,Enabled,,FATHERDAY_DADHAT,,,,,,,,,,,
Sponsored Products,Keyword,Create,FATHERDAY_DADHAT_SP00_SPR00_camo dad hat_Exact_Nguyen_280526,AG_03_Exact_camo dad hat,,,,,,,,,,Enabled,,,,,,,0.6,camo dad hat,exact,,,,
Sponsored Products,Campaign,Create,FATHERDAY_DADHAT_SP00_SPR00_best dad hat_Exact_Nguyen_280526,,212170875998610,,,,FATHERDAY_DADHAT_SP00_SPR00_best dad hat_Exact_Nguyen_280526,,20260528,,Manual,Enabled,5.0,,,,,,,,,Dynamic bids - down only,,,
Sponsored Products,Bidding Adjustment,Create,FATHERDAY_DADHAT_SP00_SPR00_best dad hat_Exact_Nguyen_280526,,,,,,,,,,,Enabled,,,,,,,,,,,Placement Top,0,
Sponsored Products,Bidding Adjustment,Create,FATHERDAY_DADHAT_SP00_SPR00_best dad hat_Exact_Nguyen_280526,,,,,,,,,,,Enabled,,,,,,,,,,,Placement Product Page,0,
Sponsored Products,Bidding Adjustment,Create,FATHERDAY_DADHAT_SP00_SPR00_best dad hat_Exact_Nguyen_280526,,,,,,,,,,,Enabled,,,,,,,,,,,Placement Rest Of Search,0,
Sponsored Products,Ad Group,Create,FATHERDAY_DADHAT_SP00_SPR00_best dad hat_Exact_Nguyen_280526,AG_01_Exact_best dad hat,,,,,,AG_01_Exact_best dad hat,,,,Enabled,,,,,,0.6,,,,,,,
Sponsored Products,Product Ad,Create,FATHERDAY_DADHAT_SP00_SPR00_best dad hat_Exact_Nguyen_280526,AG_01_Exact_best dad hat,,,,,,,,,,Enabled,,FATHERDAY_DADHAT,,,,,,,,,,,
Sponsored Products,Keyword,Create,FATHERDAY_DADHAT_SP00_SPR00_best dad hat_Exact_Nguyen_280526,AG_01_Exact_best dad hat,,,,,,,,,,Enabled,,,,,,,0.6,best dad hat,exact,,,,
Sponsored Products,Ad Group,Create,FATHERDAY_DADHAT_SP00_SPR00_best dad hat_Exact_Nguyen_280526,AG_02_Exact_best dad hat,,,,,,AG_02_Exact_best dad hat,,,,Enabled,,,,,,0.6,,,,,,,
Sponsored Products,Product Ad,Create,FATHERDAY_DADHAT_SP00_SPR00_best dad hat_Exact_Nguyen_280526,AG_02_Exact_best dad hat,,,,,,,,,,Enabled,,FATHERDAY_DADHAT,,,,,,,,,,,
Sponsored Products,Keyword,Create,FATHERDAY_DADHAT_SP00_SPR00_best dad hat_Exact_Nguyen_280526,AG_02_Exact_best dad hat,,,,,,,,,,Enabled,,,,,,,0.6,best dad hat,exact,,,,
Sponsored Products,Ad Group,Create,FATHERDAY_DADHAT_SP00_SPR00_best dad hat_Exact_Nguyen_280526,AG_03_Exact_best dad hat,,,,,,AG_03_Exact_best dad hat,,,,Enabled,,,,,,0.6,,,,,,,
Sponsored Products,Product Ad,Create,FATHERDAY_DADHAT_SP00_SPR00_best dad hat_Exact_Nguyen_280526,AG_03_Exact_best dad hat,,,,,,,,,,Enabled,,FATHERDAY_DADHAT,,,,,,,,,,,
Sponsored Products,Keyword,Create,FATHERDAY_DADHAT_SP00_SPR00_best dad hat_Exact_Nguyen_280526,AG_03_Exact_best dad hat,,,,,,,,,,Enabled,,,,,,,0.6,best dad hat,exact,,,,
Sponsored Products,Campaign,Create,FATHERDAY_DADHAT_SP00_SPR00_daddy hats men_Exact_Nguyen_280526,,212170875998610,,,,FATHERDAY_DADHAT_SP00_SPR00_daddy hats men_Exact_Nguyen_280526,,20260528,,Manual,Enabled,5.0,,,,,,,,,Dynamic bids - down only,,,
Sponsored Products,Bidding Adjustment,Create,FATHERDAY_DADHAT_SP00_SPR00_daddy hats men_Exact_Nguyen_280526,,,,,,,,,,,Enabled,,,,,,,,,,,Placement Top,0,
Sponsored Products,Bidding Adjustment,Create,FATHERDAY_DADHAT_SP00_SPR00_daddy hats men_Exact_Nguyen_280526,,,,,,,,,,,Enabled,,,,,,,,,,,Placement Product Page,0,
Sponsored Products,Bidding Adjustment,Create,FATHERDAY_DADHAT_SP00_SPR00_daddy hats men_Exact_Nguyen_280526,,,,,,,,,,,Enabled,,,,,,,,,,,Placement Rest Of Search,0,
Sponsored Products,Ad Group,Create,FATHERDAY_DADHAT_SP00_SPR00_daddy hats men_Exact_Nguyen_280526,AG_01_Exact_daddy hats men,,,,,,AG_01_Exact_daddy hats men,,,,Enabled,,,,,,0.6,,,,,,,
Sponsored Products,Product Ad,Create,FATHERDAY_DADHAT_SP00_SPR00_daddy hats men_Exact_Nguyen_280526,AG_01_Exact_daddy hats men,,,,,,,,,,Enabled,,FATHERDAY_DADHAT,,,,,,,,,,,
Sponsored Products,Keyword,Create,FATHERDAY_DADHAT_SP00_SPR00_daddy hats men_Exact_Nguyen_280526,AG_01_Exact_daddy hats men,,,,,,,,,,Enabled,,,,,,,0.6,daddy hats men,exact,,,,
Sponsored Products,Ad Group,Create,FATHERDAY_DADHAT_SP00_SPR00_daddy hats men_Exact_Nguyen_280526,AG_02_Exact_daddy hats men,,,,,,AG_02_Exact_daddy hats men,,,,Enabled,,,,,,0.6,,,,,,,
Sponsored Products,Product Ad,Create,FATHERDAY_DADHAT_SP00_SPR00_daddy hats men_Exact_Nguyen_280526,AG_02_Exact_daddy hats men,,,,,,,,,,Enabled,,FATHERDAY_DADHAT,,,,,,,,,,,
Sponsored Products,Keyword,Create,FATHERDAY_DADHAT_SP00_SPR00_daddy hats men_Exact_Nguyen_280526,AG_02_Exact_daddy hats men,,,,,,,,,,Enabled,,,,,,,0.6,daddy hats men,exact,,,,
Sponsored Products,Ad Group,Create,FATHERDAY_DADHAT_SP00_SPR00_daddy hats men_Exact_Nguyen_280526,AG_03_Exact_daddy hats men,,,,,,AG_03_Exact_daddy hats men,,,,Enabled,,,,,,0.6,,,,,,,
Sponsored Products,Product Ad,Create,FATHERDAY_DADHAT_SP00_SPR00_daddy hats men_Exact_Nguyen_280526,AG_03_Exact_daddy hats men,,,,,,,,,,Enabled,,FATHERDAY_DADHAT,,,,,,,,,,,
Sponsored Products,Keyword,Create,FATHERDAY_DADHAT_SP00_SPR00_daddy hats men_Exact_Nguyen_280526,AG_03_Exact_daddy hats men,,,,,,,,,,Enabled,,,,,,,0.6,daddy hats men,exact,,,,
Sponsored Products,Campaign,Create,FATHERDAY_DADHAT_SP00_SPR00_mens dad hat_Exact_Nguyen_280526,,212170875998610,,,,FATHERDAY_DADHAT_SP00_SPR00_mens dad hat_Exact_Nguyen_280526,,20260528,,Manual,Enabled,5.0,,,,,,,,,Dynamic bids - down only,,,
Sponsored Products,Bidding Adjustment,Create,FATHERDAY_DADHAT_SP00_SPR00_mens dad hat_Exact_Nguyen_280526,,,,,,,,,,,Enabled,,,,,,,,,,,Placement Top,0,
Sponsored Products,Bidding Adjustment,Create,FATHERDAY_DADHAT_SP00_SPR00_mens dad hat_Exact_Nguyen_280526,,,,,,,,,,,Enabled,,,,,,,,,,,Placement Product Page,0,
Sponsored Products,Bidding Adjustment,Create,FATHERDAY_DADHAT_SP00_SPR00_mens dad hat_Exact_Nguyen_280526,,,,,,,,,,,Enabled,,,,,,,,,,,Placement Rest Of Search,0,
Sponsored Products,Ad Group,Create,FATHERDAY_DADHAT_SP00_SPR00_mens dad hat_Exact_Nguyen_280526,AG_01_Exact_mens dad hat,,,,,,AG_01_Exact_mens dad hat,,,,Enabled,,,,,,0.6,,,,,,,
Sponsored Products,Product Ad,Create,FATHERDAY_DADHAT_SP00_SPR00_mens dad hat_Exact_Nguyen_280526,AG_01_Exact_mens dad hat,,,,,,,,,,Enabled,,FATHERDAY_DADHAT,,,,,,,,,,,
Sponsored Products,Keyword,Create,FATHERDAY_DADHAT_SP00_SPR00_mens dad hat_Exact_Nguyen_280526,AG_01_Exact_mens dad hat,,,,,,,,,,Enabled,,,,,,,0.6,mens dad hat,exact,,,,
Sponsored Products,Ad Group,Create,FATHERDAY_DADHAT_SP00_SPR00_mens dad hat_Exact_Nguyen_280526,AG_02_Exact_mens dad hat,,,,,,AG_02_Exact_mens dad hat,,,,Enabled,,,,,,0.6,,,,,,,
Sponsored Products,Product Ad,Create,FATHERDAY_DADHAT_SP00_SPR00_mens dad hat_Exact_Nguyen_280526,AG_02_Exact_mens dad hat,,,,,,,,,,Enabled,,FATHERDAY_DADHAT,,,,,,,,,,,
Sponsored Products,Keyword,Create,FATHERDAY_DADHAT_SP00_SPR00_mens dad hat_Exact_Nguyen_280526,AG_02_Exact_mens dad hat,,,,,,,,,,Enabled,,,,,,,0.6,mens dad hat,exact,,,,
Sponsored Products,Ad Group,Create,FATHERDAY_DADHAT_SP00_SPR00_mens dad hat_Exact_Nguyen_280526,AG_03_Exact_mens dad hat,,,,,,AG_03_Exact_mens dad hat,,,,Enabled,,,,,,0.6,,,,,,,
Sponsored Products,Product Ad,Create,FATHERDAY_DADHAT_SP00_SPR00_mens dad hat_Exact_Nguyen_280526,AG_03_Exact_mens dad hat,,,,,,,,,,Enabled,,FATHERDAY_DADHAT,,,,,,,,,,,
Sponsored Products,Keyword,Create,FATHERDAY_DADHAT_SP00_SPR00_mens dad hat_Exact_Nguyen_280526,AG_03_Exact_mens dad hat,,,,,,,,,,Enabled,,,,,,,0.6,mens dad hat,exact,,,,
Sponsored Products,Campaign,Create,FATHERDAY_DADHAT_SP00_dad hat_Phrase_Nguyen_280526,,212170875998610,,,,FATHERDAY_DADHAT_SP00_dad hat_Phrase_Nguyen_280526,,20260528,,Manual,Enabled,5.0,,,,,,,,,Dynamic bids - down only,,,
Sponsored Products,Bidding Adjustment,Create,FATHERDAY_DADHAT_SP00_dad hat_Phrase_Nguyen_280526,,,,,,,,,,,Enabled,,,,,,,,,,,Placement Top,0,
Sponsored Products,Bidding Adjustment,Create,FATHERDAY_DADHAT_SP00_dad hat_Phrase_Nguyen_280526,,,,,,,,,,,Enabled,,,,,,,,,,,Placement Product Page,0,
Sponsored Products,Bidding Adjustment,Create,FATHERDAY_DADHAT_SP00_dad hat_Phrase_Nguyen_280526,,,,,,,,,,,Enabled,,,,,,,,,,,Placement Rest Of Search,0,
Sponsored Products,Ad Group,Create,FATHERDAY_DADHAT_SP00_dad hat_Phrase_Nguyen_280526,FATHERDAY_DADHAT_SP00_dad hat_Phrase_Nguyen_280526,,,,,,dad hat,,,,Enabled,,,,,,0.4,,,,,,,
Sponsored Products,Product Ad,Create,FATHERDAY_DADHAT_SP00_dad hat_Phrase_Nguyen_280526,FATHERDAY_DADHAT_SP00_dad hat_Phrase_Nguyen_280526,,,,,,,,,,Enabled,,FATHERDAY_DADHAT,,,,,,,,,,,
Sponsored Products,Keyword,Create,FATHERDAY_DADHAT_SP00_dad hat_Phrase_Nguyen_280526,FATHERDAY_DADHAT_SP00_dad hat_Phrase_Nguyen_280526,,,,,,,,,,Enabled,,,,,,,0.4,dad hat,phrase,,,,
Sponsored Products,Campaign,Create,FATHERDAY_DADHAT_SP00_best dad ever hat B0GY4JSS94_Phrase_Nguyen_280526,,212170875998610,,,,FATHERDAY_DADHAT_SP00_best dad ever hat B0GY4JSS94_Phrase_Nguyen_280526,,20260528,,Manual,Enabled,5.0,,,,,,,,,Dynamic bids - down only,,,
Sponsored Products,Bidding Adjustment,Create,FATHERDAY_DADHAT_SP00_best dad ever hat B0GY4JSS94_Phrase_Nguyen_280526,,,,,,,,,,,Enabled,,,,,,,,,,,Placement Top,0,
Sponsored Products,Bidding Adjustment,Create,FATHERDAY_DADHAT_SP00_best dad ever hat B0GY4JSS94_Phrase_Nguyen_280526,,,,,,,,,,,Enabled,,,,,,,,,,,Placement Product Page,0,
Sponsored Products,Bidding Adjustment,Create,FATHERDAY_DADHAT_SP00_best dad ever hat B0GY4JSS94_Phrase_Nguyen_280526,,,,,,,,,,,Enabled,,,,,,,,,,,Placement Rest Of Search,0,
Sponsored Products,Ad Group,Create,FATHERDAY_DADHAT_SP00_best dad ever hat B0GY4JSS94_Phrase_Nguyen_280526,FATHERDAY_DADHAT_SP00_best dad ever hat B0GY4JSS94_Phrase_Nguyen_280526,,,,,,best dad ever hat (B0GY4JSS94) 0.8,,,,Enabled,,,,,,0.4,,,,,,,
Sponsored Products,Product Ad,Create,FATHERDAY_DADHAT_SP00_best dad ever hat B0GY4JSS94_Phrase_Nguyen_280526,FATHERDAY_DADHAT_SP00_best dad ever hat B0GY4JSS94_Phrase_Nguyen_280526,,,,,,,,,,Enabled,,FATHERDAY_DADHAT,,,,,,,,,,,
Sponsored Products,Keyword,Create,FATHERDAY_DADHAT_SP00_best dad ever hat B0GY4JSS94_Phrase_Nguyen_280526,FATHERDAY_DADHAT_SP00_best dad ever hat B0GY4JSS94_Phrase_Nguyen_280526,,,,,,,,,,Enabled,,,,,,,0.4,best dad ever hat (B0GY4JSS94) 0.8,phrase,,,,
Sponsored Products,Campaign,Create,FATHERDAY_DADHAT_SP00_dadhat_Phrase_Nguyen_280526,,212170875998610,,,,FATHERDAY_DADHAT_SP00_dadhat_Phrase_Nguyen_280526,,20260528,,Manual,Enabled,5.0,,,,,,,,,Dynamic bids - down only,,,
Sponsored Products,Bidding Adjustment,Create,FATHERDAY_DADHAT_SP00_dadhat_Phrase_Nguyen_280526,,,,,,,,,,,Enabled,,,,,,,,,,,Placement Top,0,
Sponsored Products,Bidding Adjustment,Create,FATHERDAY_DADHAT_SP00_dadhat_Phrase_Nguyen_280526,,,,,,,,,,,Enabled,,,,,,,,,,,Placement Product Page,0,
Sponsored Products,Bidding Adjustment,Create,FATHERDAY_DADHAT_SP00_dadhat_Phrase_Nguyen_280526,,,,,,,,,,,Enabled,,,,,,,,,,,Placement Rest Of Search,0,
Sponsored Products,Ad Group,Create,FATHERDAY_DADHAT_SP00_dadhat_Phrase_Nguyen_280526,FATHERDAY_DADHAT_SP00_dadhat_Phrase_Nguyen_280526,,,,,,dadhat,,,,Enabled,,,,,,0.4,,,,,,,
Sponsored Products,Product Ad,Create,FATHERDAY_DADHAT_SP00_dadhat_Phrase_Nguyen_280526,FATHERDAY_DADHAT_SP00_dadhat_Phrase_Nguyen_280526,,,,,,,,,,Enabled,,FATHERDAY_DADHAT,,,,,,,,,,,
Sponsored Products,Keyword,Create,FATHERDAY_DADHAT_SP00_dadhat_Phrase_Nguyen_280526,FATHERDAY_DADHAT_SP00_dadhat_Phrase_Nguyen_280526,,,,,,,,,,Enabled,,,,,,,0.4,dadhat,phrase,,,,
Sponsored Products,Campaign,Create,FATHERDAY_DADHAT_SP00_papa hat_Phrase_Nguyen_280526,,212170875998610,,,,FATHERDAY_DADHAT_SP00_papa hat_Phrase_Nguyen_280526,,20260528,,Manual,Enabled,5.0,,,,,,,,,Dynamic bids - down only,,,
Sponsored Products,Bidding Adjustment,Create,FATHERDAY_DADHAT_SP00_papa hat_Phrase_Nguyen_280526,,,,,,,,,,,Enabled,,,,,,,,,,,Placement Top,0,
Sponsored Products,Bidding Adjustment,Create,FATHERDAY_DADHAT_SP00_papa hat_Phrase_Nguyen_280526,,,,,,,,,,,Enabled,,,,,,,,,,,Placement Product Page,0,
Sponsored Products,Bidding Adjustment,Create,FATHERDAY_DADHAT_SP00_papa hat_Phrase_Nguyen_280526,,,,,,,,,,,Enabled,,,,,,,,,,,Placement Rest Of Search,0,
Sponsored Products,Ad Group,Create,FATHERDAY_DADHAT_SP00_papa hat_Phrase_Nguyen_280526,FATHERDAY_DADHAT_SP00_papa hat_Phrase_Nguyen_280526,,,,,,papa hat,,,,Enabled,,,,,,0.4,,,,,,,
Sponsored Products,Product Ad,Create,FATHERDAY_DADHAT_SP00_papa hat_Phrase_Nguyen_280526,FATHERDAY_DADHAT_SP00_papa hat_Phrase_Nguyen_280526,,,,,,,,,,Enabled,,FATHERDAY_DADHAT,,,,,,,,,,,
Sponsored Products,Keyword,Create,FATHERDAY_DADHAT_SP00_papa hat_Phrase_Nguyen_280526,FATHERDAY_DADHAT_SP00_papa hat_Phrase_Nguyen_280526,,,,,,,,,,Enabled,,,,,,,0.4,papa hat,phrase,,,,
Sponsored Products,Campaign,Create,FATHERDAY_DADHAT_SP00_dad hats for men_Phrase_Nguyen_280526,,212170875998610,,,,FATHERDAY_DADHAT_SP00_dad hats for men_Phrase_Nguyen_280526,,20260528,,Manual,Enabled,5.0,,,,,,,,,Dynamic bids - down only,,,
Sponsored Products,Bidding Adjustment,Create,FATHERDAY_DADHAT_SP00_dad hats for men_Phrase_Nguyen_280526,,,,,,,,,,,Enabled,,,,,,,,,,,Placement Top,0,
Sponsored Products,Bidding Adjustment,Create,FATHERDAY_DADHAT_SP00_dad hats for men_Phrase_Nguyen_280526,,,,,,,,,,,Enabled,,,,,,,,,,,Placement Product Page,0,
Sponsored Products,Bidding Adjustment,Create,FATHERDAY_DADHAT_SP00_dad hats for men_Phrase_Nguyen_280526,,,,,,,,,,,Enabled,,,,,,,,,,,Placement Rest Of Search,0,
Sponsored Products,Ad Group,Create,FATHERDAY_DADHAT_SP00_dad hats for men_Phrase_Nguyen_280526,FATHERDAY_DADHAT_SP00_dad hats for men_Phrase_Nguyen_280526,,,,,,dad hats for men,,,,Enabled,,,,,,0.4,,,,,,,
Sponsored Products,Product Ad,Create,FATHERDAY_DADHAT_SP00_dad hats for men_Phrase_Nguyen_280526,FATHERDAY_DADHAT_SP00_dad hats for men_Phrase_Nguyen_280526,,,,,,,,,,Enabled,,FATHERDAY_DADHAT,,,,,,,,,,,
Sponsored Products,Keyword,Create,FATHERDAY_DADHAT_SP00_dad hats for men_Phrase_Nguyen_280526,FATHERDAY_DADHAT_SP00_dad hats for men_Phrase_Nguyen_280526,,,,,,,,,,Enabled,,,,,,,0.4,dad hats for men,phrase,,,,
Sponsored Products,Campaign,Create,FATHERDAY_DADHAT_SP00_dad cap_Phrase_Nguyen_280526,,212170875998610,,,,FATHERDAY_DADHAT_SP00_dad cap_Phrase_Nguyen_280526,,20260528,,Manual,Enabled,5.0,,,,,,,,,Dynamic bids - down only,,,
Sponsored Products,Bidding Adjustment,Create,FATHERDAY_DADHAT_SP00_dad cap_Phrase_Nguyen_280526,,,,,,,,,,,Enabled,,,,,,,,,,,Placement Top,0,
Sponsored Products,Bidding Adjustment,Create,FATHERDAY_DADHAT_SP00_dad cap_Phrase_Nguyen_280526,,,,,,,,,,,Enabled,,,,,,,,,,,Placement Product Page,0,
Sponsored Products,Bidding Adjustment,Create,FATHERDAY_DADHAT_SP00_dad cap_Phrase_Nguyen_280526,,,,,,,,,,,Enabled,,,,,,,,,,,Placement Rest Of Search,0,
Sponsored Products,Ad Group,Create,FATHERDAY_DADHAT_SP00_dad cap_Phrase_Nguyen_280526,FATHERDAY_DADHAT_SP00_dad cap_Phrase_Nguyen_280526,,,,,,dad cap,,,,Enabled,,,,,,0.4,,,,,,,
Sponsored Products,Product Ad,Create,FATHERDAY_DADHAT_SP00_dad cap_Phrase_Nguyen_280526,FATHERDAY_DADHAT_SP00_dad cap_Phrase_Nguyen_280526,,,,,,,,,,Enabled,,FATHERDAY_DADHAT,,,,,,,,,,,
Sponsored Products,Keyword,Create,FATHERDAY_DADHAT_SP00_dad cap_Phrase_Nguyen_280526,FATHERDAY_DADHAT_SP00_dad cap_Phrase_Nguyen_280526,,,,,,,,,,Enabled,,,,,,,0.4,dad cap,phrase,,,,
Sponsored Products,Campaign,Create,FATHERDAY_DADHAT_SP00_camo dad hat_Phrase_Nguyen_280526,,212170875998610,,,,FATHERDAY_DADHAT_SP00_camo dad hat_Phrase_Nguyen_280526,,20260528,,Manual,Enabled,5.0,,,,,,,,,Dynamic bids - down only,,,
Sponsored Products,Bidding Adjustment,Create,FATHERDAY_DADHAT_SP00_camo dad hat_Phrase_Nguyen_280526,,,,,,,,,,,Enabled,,,,,,,,,,,Placement Top,0,
Sponsored Products,Bidding Adjustment,Create,FATHERDAY_DADHAT_SP00_camo dad hat_Phrase_Nguyen_280526,,,,,,,,,,,Enabled,,,,,,,,,,,Placement Product Page,0,
Sponsored Products,Bidding Adjustment,Create,FATHERDAY_DADHAT_SP00_camo dad hat_Phrase_Nguyen_280526,,,,,,,,,,,Enabled,,,,,,,,,,,Placement Rest Of Search,0,
Sponsored Products,Ad Group,Create,FATHERDAY_DADHAT_SP00_camo dad hat_Phrase_Nguyen_280526,FATHERDAY_DADHAT_SP00_camo dad hat_Phrase_Nguyen_280526,,,,,,camo dad hat,,,,Enabled,,,,,,0.4,,,,,,,
Sponsored Products,Product Ad,Create,FATHERDAY_DADHAT_SP00_camo dad hat_Phrase_Nguyen_280526,FATHERDAY_DADHAT_SP00_camo dad hat_Phrase_Nguyen_280526,,,,,,,,,,Enabled,,FATHERDAY_DADHAT,,,,,,,,,,,
Sponsored Products,Keyword,Create,FATHERDAY_DADHAT_SP00_camo dad hat_Phrase_Nguyen_280526,FATHERDAY_DADHAT_SP00_camo dad hat_Phrase_Nguyen_280526,,,,,,,,,,Enabled,,,,,,,0.4,camo dad hat,phrase,,,,
Sponsored Products,Campaign,Create,FATHERDAY_DADHAT_SP00_best dad hat_Phrase_Nguyen_280526,,212170875998610,,,,FATHERDAY_DADHAT_SP00_best dad hat_Phrase_Nguyen_280526,,20260528,,Manual,Enabled,5.0,,,,,,,,,Dynamic bids - down only,,,
Sponsored Products,Bidding Adjustment,Create,FATHERDAY_DADHAT_SP00_best dad hat_Phrase_Nguyen_280526,,,,,,,,,,,Enabled,,,,,,,,,,,Placement Top,0,
Sponsored Products,Bidding Adjustment,Create,FATHERDAY_DADHAT_SP00_best dad hat_Phrase_Nguyen_280526,,,,,,,,,,,Enabled,,,,,,,,,,,Placement Product Page,0,
Sponsored Products,Bidding Adjustment,Create,FATHERDAY_DADHAT_SP00_best dad hat_Phrase_Nguyen_280526,,,,,,,,,,,Enabled,,,,,,,,,,,Placement Rest Of Search,0,
Sponsored Products,Ad Group,Create,FATHERDAY_DADHAT_SP00_best dad hat_Phrase_Nguyen_280526,FATHERDAY_DADHAT_SP00_best dad hat_Phrase_Nguyen_280526,,,,,,best dad hat,,,,Enabled,,,,,,0.4,,,,,,,
Sponsored Products,Product Ad,Create,FATHERDAY_DADHAT_SP00_best dad hat_Phrase_Nguyen_280526,FATHERDAY_DADHAT_SP00_best dad hat_Phrase_Nguyen_280526,,,,,,,,,,Enabled,,FATHERDAY_DADHAT,,,,,,,,,,,
Sponsored Products,Keyword,Create,FATHERDAY_DADHAT_SP00_best dad hat_Phrase_Nguyen_280526,FATHERDAY_DADHAT_SP00_best dad hat_Phrase_Nguyen_280526,,,,,,,,,,Enabled,,,,,,,0.4,best dad hat,phrase,,,,
Sponsored Products,Campaign,Create,FATHERDAY_DADHAT_SP00_daddy hats men B0GY4JSS94_Phrase_Nguyen_280526,,212170875998610,,,,FATHERDAY_DADHAT_SP00_daddy hats men B0GY4JSS94_Phrase_Nguyen_280526,,20260528,,Manual,Enabled,5.0,,,,,,,,,Dynamic bids - down only,,,
Sponsored Products,Bidding Adjustment,Create,FATHERDAY_DADHAT_SP00_daddy hats men B0GY4JSS94_Phrase_Nguyen_280526,,,,,,,,,,,Enabled,,,,,,,,,,,Placement Top,0,
Sponsored Products,Bidding Adjustment,Create,FATHERDAY_DADHAT_SP00_daddy hats men B0GY4JSS94_Phrase_Nguyen_280526,,,,,,,,,,,Enabled,,,,,,,,,,,Placement Product Page,0,
Sponsored Products,Bidding Adjustment,Create,FATHERDAY_DADHAT_SP00_daddy hats men B0GY4JSS94_Phrase_Nguyen_280526,,,,,,,,,,,Enabled,,,,,,,,,,,Placement Rest Of Search,0,
Sponsored Products,Ad Group,Create,FATHERDAY_DADHAT_SP00_daddy hats men B0GY4JSS94_Phrase_Nguyen_280526,FATHERDAY_DADHAT_SP00_daddy hats men B0GY4JSS94_Phrase_Nguyen_280526,,,,,,daddy hats men (B0GY4JSS94),,,,Enabled,,,,,,0.4,,,,,,,
Sponsored Products,Product Ad,Create,FATHERDAY_DADHAT_SP00_daddy hats men B0GY4JSS94_Phrase_Nguyen_280526,FATHERDAY_DADHAT_SP00_daddy hats men B0GY4JSS94_Phrase_Nguyen_280526,,,,,,,,,,Enabled,,FATHERDAY_DADHAT,,,,,,,,,,,
Sponsored Products,Keyword,Create,FATHERDAY_DADHAT_SP00_daddy hats men B0GY4JSS94_Phrase_Nguyen_280526,FATHERDAY_DADHAT_SP00_daddy hats men B0GY4JSS94_Phrase_Nguyen_280526,,,,,,,,,,Enabled,,,,,,,0.4,daddy hats men (B0GY4JSS94),phrase,,,,
Sponsored Products,Campaign,Create,FATHERDAY_DADHAT_SP00_mens dad hat_Phrase_Nguyen_280526,,212170875998610,,,,FATHERDAY_DADHAT_SP00_mens dad hat_Phrase_Nguyen_280526,,20260528,,Manual,Enabled,5.0,,,,,,,,,Dynamic bids - down only,,,
Sponsored Products,Bidding Adjustment,Create,FATHERDAY_DADHAT_SP00_mens dad hat_Phrase_Nguyen_280526,,,,,,,,,,,Enabled,,,,,,,,,,,Placement Top,0,
Sponsored Products,Bidding Adjustment,Create,FATHERDAY_DADHAT_SP00_mens dad hat_Phrase_Nguyen_280526,,,,,,,,,,,Enabled,,,,,,,,,,,Placement Product Page,0,
Sponsored Products,Bidding Adjustment,Create,FATHERDAY_DADHAT_SP00_mens dad hat_Phrase_Nguyen_280526,,,,,,,,,,,Enabled,,,,,,,,,,,Placement Rest Of Search,0,
Sponsored Products,Ad Group,Create,FATHERDAY_DADHAT_SP00_mens dad hat_Phrase_Nguyen_280526,FATHERDAY_DADHAT_SP00_mens dad hat_Phrase_Nguyen_280526,,,,,,mens dad hat,,,,Enabled,,,,,,0.4,,,,,,,
Sponsored Products,Product Ad,Create,FATHERDAY_DADHAT_SP00_mens dad hat_Phrase_Nguyen_280526,FATHERDAY_DADHAT_SP00_mens dad hat_Phrase_Nguyen_280526,,,,,,,,,,Enabled,,FATHERDAY_DADHAT,,,,,,,,,,,
Sponsored Products,Keyword,Create,FATHERDAY_DADHAT_SP00_mens dad hat_Phrase_Nguyen_280526,FATHERDAY_DADHAT_SP00_mens dad hat_Phrase_Nguyen_280526,,,,,,,,,,Enabled,,,,,,,0.4,mens dad hat,phrase,,,,
Sponsored Products,Campaign,Create,FATHERDAY_DADHAT_SP00_dad hat_Broad_Nguyen_280526,,212170875998610,,,,FATHERDAY_DADHAT_SP00_dad hat_Broad_Nguyen_280526,,20260528,,Manual,Enabled,5.0,,,,,,,,,Dynamic bids - down only,,,
Sponsored Products,Bidding Adjustment,Create,FATHERDAY_DADHAT_SP00_dad hat_Broad_Nguyen_280526,,,,,,,,,,,Enabled,,,,,,,,,,,Placement Top,0,
Sponsored Products,Bidding Adjustment,Create,FATHERDAY_DADHAT_SP00_dad hat_Broad_Nguyen_280526,,,,,,,,,,,Enabled,,,,,,,,,,,Placement Product Page,0,
Sponsored Products,Bidding Adjustment,Create,FATHERDAY_DADHAT_SP00_dad hat_Broad_Nguyen_280526,,,,,,,,,,,Enabled,,,,,,,,,,,Placement Rest Of Search,0,
Sponsored Products,Ad Group,Create,FATHERDAY_DADHAT_SP00_dad hat_Broad_Nguyen_280526,FATHERDAY_DADHAT_SP00_dad hat_Broad_Nguyen_280526,,,,,,dad hat,,,,Enabled,,,,,,0.3,,,,,,,
Sponsored Products,Product Ad,Create,FATHERDAY_DADHAT_SP00_dad hat_Broad_Nguyen_280526,FATHERDAY_DADHAT_SP00_dad hat_Broad_Nguyen_280526,,,,,,,,,,Enabled,,FATHERDAY_DADHAT,,,,,,,,,,,
Sponsored Products,Keyword,Create,FATHERDAY_DADHAT_SP00_dad hat_Broad_Nguyen_280526,FATHERDAY_DADHAT_SP00_dad hat_Broad_Nguyen_280526,,,,,,,,,,Enabled,,,,,,,0.3,dad hat,broad,,,,
Sponsored Products,Campaign,Create,FATHERDAY_DADHAT_SP00_best dad ever hat B0GY4JSS94_Broad_Nguyen_280526,,212170875998610,,,,FATHERDAY_DADHAT_SP00_best dad ever hat B0GY4JSS94_Broad_Nguyen_280526,,20260528,,Manual,Enabled,5.0,,,,,,,,,Dynamic bids - down only,,,
Sponsored Products,Bidding Adjustment,Create,FATHERDAY_DADHAT_SP00_best dad ever hat B0GY4JSS94_Broad_Nguyen_280526,,,,,,,,,,,Enabled,,,,,,,,,,,Placement Top,0,
Sponsored Products,Bidding Adjustment,Create,FATHERDAY_DADHAT_SP00_best dad ever hat B0GY4JSS94_Broad_Nguyen_280526,,,,,,,,,,,Enabled,,,,,,,,,,,Placement Product Page,0,
Sponsored Products,Bidding Adjustment,Create,FATHERDAY_DADHAT_SP00_best dad ever hat B0GY4JSS94_Broad_Nguyen_280526,,,,,,,,,,,Enabled,,,,,,,,,,,Placement Rest Of Search,0,
Sponsored Products,Ad Group,Create,FATHERDAY_DADHAT_SP00_best dad ever hat B0GY4JSS94_Broad_Nguyen_280526,FATHERDAY_DADHAT_SP00_best dad ever hat B0GY4JSS94_Broad_Nguyen_280526,,,,,,best dad ever hat (B0GY4JSS94) 0.8,,,,Enabled,,,,,,0.3,,,,,,,
Sponsored Products,Product Ad,Create,FATHERDAY_DADHAT_SP00_best dad ever hat B0GY4JSS94_Broad_Nguyen_280526,FATHERDAY_DADHAT_SP00_best dad ever hat B0GY4JSS94_Broad_Nguyen_280526,,,,,,,,,,Enabled,,FATHERDAY_DADHAT,,,,,,,,,,,
Sponsored Products,Keyword,Create,FATHERDAY_DADHAT_SP00_best dad ever hat B0GY4JSS94_Broad_Nguyen_280526,FATHERDAY_DADHAT_SP00_best dad ever hat B0GY4JSS94_Broad_Nguyen_280526,,,,,,,,,,Enabled,,,,,,,0.3,best dad ever hat (B0GY4JSS94) 0.8,broad,,,,
Sponsored Products,Campaign,Create,FATHERDAY_DADHAT_SP00_dadhat_Broad_Nguyen_280526,,212170875998610,,,,FATHERDAY_DADHAT_SP00_dadhat_Broad_Nguyen_280526,,20260528,,Manual,Enabled,5.0,,,,,,,,,Dynamic bids - down only,,,
Sponsored Products,Bidding Adjustment,Create,FATHERDAY_DADHAT_SP00_dadhat_Broad_Nguyen_280526,,,,,,,,,,,Enabled,,,,,,,,,,,Placement Top,0,
Sponsored Products,Bidding Adjustment,Create,FATHERDAY_DADHAT_SP00_dadhat_Broad_Nguyen_280526,,,,,,,,,,,Enabled,,,,,,,,,,,Placement Product Page,0,
Sponsored Products,Bidding Adjustment,Create,FATHERDAY_DADHAT_SP00_dadhat_Broad_Nguyen_280526,,,,,,,,,,,Enabled,,,,,,,,,,,Placement Rest Of Search,0,
Sponsored Products,Ad Group,Create,FATHERDAY_DADHAT_SP00_dadhat_Broad_Nguyen_280526,FATHERDAY_DADHAT_SP00_dadhat_Broad_Nguyen_280526,,,,,,dadhat,,,,Enabled,,,,,,0.3,,,,,,,
Sponsored Products,Product Ad,Create,FATHERDAY_DADHAT_SP00_dadhat_Broad_Nguyen_280526,FATHERDAY_DADHAT_SP00_dadhat_Broad_Nguyen_280526,,,,,,,,,,Enabled,,FATHERDAY_DADHAT,,,,,,,,,,,
Sponsored Products,Keyword,Create,FATHERDAY_DADHAT_SP00_dadhat_Broad_Nguyen_280526,FATHERDAY_DADHAT_SP00_dadhat_Broad_Nguyen_280526,,,,,,,,,,Enabled,,,,,,,0.3,dadhat,broad,,,,
Sponsored Products,Campaign,Create,FATHERDAY_DADHAT_SP00_papa hat_Broad_Nguyen_280526,,212170875998610,,,,FATHERDAY_DADHAT_SP00_papa hat_Broad_Nguyen_280526,,20260528,,Manual,Enabled,5.0,,,,,,,,,Dynamic bids - down only,,,
Sponsored Products,Bidding Adjustment,Create,FATHERDAY_DADHAT_SP00_papa hat_Broad_Nguyen_280526,,,,,,,,,,,Enabled,,,,,,,,,,,Placement Top,0,
Sponsored Products,Bidding Adjustment,Create,FATHERDAY_DADHAT_SP00_papa hat_Broad_Nguyen_280526,,,,,,,,,,,Enabled,,,,,,,,,,,Placement Product Page,0,
Sponsored Products,Bidding Adjustment,Create,FATHERDAY_DADHAT_SP00_papa hat_Broad_Nguyen_280526,,,,,,,,,,,Enabled,,,,,,,,,,,Placement Rest Of Search,0,
Sponsored Products,Ad Group,Create,FATHERDAY_DADHAT_SP00_papa hat_Broad_Nguyen_280526,FATHERDAY_DADHAT_SP00_papa hat_Broad_Nguyen_280526,,,,,,papa hat,,,,Enabled,,,,,,0.3,,,,,,,
Sponsored Products,Product Ad,Create,FATHERDAY_DADHAT_SP00_papa hat_Broad_Nguyen_280526,FATHERDAY_DADHAT_SP00_papa hat_Broad_Nguyen_280526,,,,,,,,,,Enabled,,FATHERDAY_DADHAT,,,,,,,,,,,
Sponsored Products,Keyword,Create,FATHERDAY_DADHAT_SP00_papa hat_Broad_Nguyen_280526,FATHERDAY_DADHAT_SP00_papa hat_Broad_Nguyen_280526,,,,,,,,,,Enabled,,,,,,,0.3,papa hat,broad,,,,
Sponsored Products,Campaign,Create,FATHERDAY_DADHAT_SP00_dad hats for men_Broad_Nguyen_280526,,212170875998610,,,,FATHERDAY_DADHAT_SP00_dad hats for men_Broad_Nguyen_280526,,20260528,,Manual,Enabled,5.0,,,,,,,,,Dynamic bids - down only,,,
Sponsored Products,Bidding Adjustment,Create,FATHERDAY_DADHAT_SP00_dad hats for men_Broad_Nguyen_280526,,,,,,,,,,,Enabled,,,,,,,,,,,Placement Top,0,
Sponsored Products,Bidding Adjustment,Create,FATHERDAY_DADHAT_SP00_dad hats for men_Broad_Nguyen_280526,,,,,,,,,,,Enabled,,,,,,,,,,,Placement Product Page,0,
Sponsored Products,Bidding Adjustment,Create,FATHERDAY_DADHAT_SP00_dad hats for men_Broad_Nguyen_280526,,,,,,,,,,,Enabled,,,,,,,,,,,Placement Rest Of Search,0,
Sponsored Products,Ad Group,Create,FATHERDAY_DADHAT_SP00_dad hats for men_Broad_Nguyen_280526,FATHERDAY_DADHAT_SP00_dad hats for men_Broad_Nguyen_280526,,,,,,dad hats for men,,,,Enabled,,,,,,0.3,,,,,,,
Sponsored Products,Product Ad,Create,FATHERDAY_DADHAT_SP00_dad hats for men_Broad_Nguyen_280526,FATHERDAY_DADHAT_SP00_dad hats for men_Broad_Nguyen_280526,,,,,,,,,,Enabled,,FATHERDAY_DADHAT,,,,,,,,,,,
Sponsored Products,Keyword,Create,FATHERDAY_DADHAT_SP00_dad hats for men_Broad_Nguyen_280526,FATHERDAY_DADHAT_SP00_dad hats for men_Broad_Nguyen_280526,,,,,,,,,,Enabled,,,,,,,0.3,dad hats for men,broad,,,,
Sponsored Products,Campaign,Create,FATHERDAY_DADHAT_SP00_dad cap_Broad_Nguyen_280526,,212170875998610,,,,FATHERDAY_DADHAT_SP00_dad cap_Broad_Nguyen_280526,,20260528,,Manual,Enabled,5.0,,,,,,,,,Dynamic bids - down only,,,
Sponsored Products,Bidding Adjustment,Create,FATHERDAY_DADHAT_SP00_dad cap_Broad_Nguyen_280526,,,,,,,,,,,Enabled,,,,,,,,,,,Placement Top,0,
Sponsored Products,Bidding Adjustment,Create,FATHERDAY_DADHAT_SP00_dad cap_Broad_Nguyen_280526,,,,,,,,,,,Enabled,,,,,,,,,,,Placement Product Page,0,
Sponsored Products,Bidding Adjustment,Create,FATHERDAY_DADHAT_SP00_dad cap_Broad_Nguyen_280526,,,,,,,,,,,Enabled,,,,,,,,,,,Placement Rest Of Search,0,
Sponsored Products,Ad Group,Create,FATHERDAY_DADHAT_SP00_dad cap_Broad_Nguyen_280526,FATHERDAY_DADHAT_SP00_dad cap_Broad_Nguyen_280526,,,,,,dad cap,,,,Enabled,,,,,,0.3,,,,,,,
Sponsored Products,Product Ad,Create,FATHERDAY_DADHAT_SP00_dad cap_Broad_Nguyen_280526,FATHERDAY_DADHAT_SP00_dad cap_Broad_Nguyen_280526,,,,,,,,,,Enabled,,FATHERDAY_DADHAT,,,,,,,,,,,
Sponsored Products,Keyword,Create,FATHERDAY_DADHAT_SP00_dad cap_Broad_Nguyen_280526,FATHERDAY_DADHAT_SP00_dad cap_Broad_Nguyen_280526,,,,,,,,,,Enabled,,,,,,,0.3,dad cap,broad,,,,
Sponsored Products,Campaign,Create,FATHERDAY_DADHAT_SP00_camo dad hat_Broad_Nguyen_280526,,212170875998610,,,,FATHERDAY_DADHAT_SP00_camo dad hat_Broad_Nguyen_280526,,20260528,,Manual,Enabled,5.0,,,,,,,,,Dynamic bids - down only,,,
Sponsored Products,Bidding Adjustment,Create,FATHERDAY_DADHAT_SP00_camo dad hat_Broad_Nguyen_280526,,,,,,,,,,,Enabled,,,,,,,,,,,Placement Top,0,
Sponsored Products,Bidding Adjustment,Create,FATHERDAY_DADHAT_SP00_camo dad hat_Broad_Nguyen_280526,,,,,,,,,,,Enabled,,,,,,,,,,,Placement Product Page,0,
Sponsored Products,Bidding Adjustment,Create,FATHERDAY_DADHAT_SP00_camo dad hat_Broad_Nguyen_280526,,,,,,,,,,,Enabled,,,,,,,,,,,Placement Rest Of Search,0,
Sponsored Products,Ad Group,Create,FATHERDAY_DADHAT_SP00_camo dad hat_Broad_Nguyen_280526,FATHERDAY_DADHAT_SP00_camo dad hat_Broad_Nguyen_280526,,,,,,camo dad hat,,,,Enabled,,,,,,0.3,,,,,,,
Sponsored Products,Product Ad,Create,FATHERDAY_DADHAT_SP00_camo dad hat_Broad_Nguyen_280526,FATHERDAY_DADHAT_SP00_camo dad hat_Broad_Nguyen_280526,,,,,,,,,,Enabled,,FATHERDAY_DADHAT,,,,,,,,,,,
Sponsored Products,Keyword,Create,FATHERDAY_DADHAT_SP00_camo dad hat_Broad_Nguyen_280526,FATHERDAY_DADHAT_SP00_camo dad hat_Broad_Nguyen_280526,,,,,,,,,,Enabled,,,,,,,0.3,camo dad hat,broad,,,,
Sponsored Products,Campaign,Create,FATHERDAY_DADHAT_SP00_best dad hat_Broad_Nguyen_280526,,212170875998610,,,,FATHERDAY_DADHAT_SP00_best dad hat_Broad_Nguyen_280526,,20260528,,Manual,Enabled,5.0,,,,,,,,,Dynamic bids - down only,,,
Sponsored Products,Bidding Adjustment,Create,FATHERDAY_DADHAT_SP00_best dad hat_Broad_Nguyen_280526,,,,,,,,,,,Enabled,,,,,,,,,,,Placement Top,0,
Sponsored Products,Bidding Adjustment,Create,FATHERDAY_DADHAT_SP00_best dad hat_Broad_Nguyen_280526,,,,,,,,,,,Enabled,,,,,,,,,,,Placement Product Page,0,
Sponsored Products,Bidding Adjustment,Create,FATHERDAY_DADHAT_SP00_best dad hat_Broad_Nguyen_280526,,,,,,,,,,,Enabled,,,,,,,,,,,Placement Rest Of Search,0,
Sponsored Products,Ad Group,Create,FATHERDAY_DADHAT_SP00_best dad hat_Broad_Nguyen_280526,FATHERDAY_DADHAT_SP00_best dad hat_Broad_Nguyen_280526,,,,,,best dad hat,,,,Enabled,,,,,,0.3,,,,,,,
Sponsored Products,Product Ad,Create,FATHERDAY_DADHAT_SP00_best dad hat_Broad_Nguyen_280526,FATHERDAY_DADHAT_SP00_best dad hat_Broad_Nguyen_280526,,,,,,,,,,Enabled,,FATHERDAY_DADHAT,,,,,,,,,,,
Sponsored Products,Keyword,Create,FATHERDAY_DADHAT_SP00_best dad hat_Broad_Nguyen_280526,FATHERDAY_DADHAT_SP00_best dad hat_Broad_Nguyen_280526,,,,,,,,,,Enabled,,,,,,,0.3,best dad hat,broad,,,,
Sponsored Products,Campaign,Create,FATHERDAY_DADHAT_SP00_daddy hats men B0GY4JSS94_Broad_Nguyen_280526,,212170875998610,,,,FATHERDAY_DADHAT_SP00_daddy hats men B0GY4JSS94_Broad_Nguyen_280526,,20260528,,Manual,Enabled,5.0,,,,,,,,,Dynamic bids - down only,,,
Sponsored Products,Bidding Adjustment,Create,FATHERDAY_DADHAT_SP00_daddy hats men B0GY4JSS94_Broad_Nguyen_280526,,,,,,,,,,,Enabled,,,,,,,,,,,Placement Top,0,
Sponsored Products,Bidding Adjustment,Create,FATHERDAY_DADHAT_SP00_daddy hats men B0GY4JSS94_Broad_Nguyen_280526,,,,,,,,,,,Enabled,,,,,,,,,,,Placement Product Page,0,
Sponsored Products,Bidding Adjustment,Create,FATHERDAY_DADHAT_SP00_daddy hats men B0GY4JSS94_Broad_Nguyen_280526,,,,,,,,,,,Enabled,,,,,,,,,,,Placement Rest Of Search,0,
Sponsored Products,Ad Group,Create,FATHERDAY_DADHAT_SP00_daddy hats men B0GY4JSS94_Broad_Nguyen_280526,FATHERDAY_DADHAT_SP00_daddy hats men B0GY4JSS94_Broad_Nguyen_280526,,,,,,daddy hats men (B0GY4JSS94),,,,Enabled,,,,,,0.3,,,,,,,
Sponsored Products,Product Ad,Create,FATHERDAY_DADHAT_SP00_daddy hats men B0GY4JSS94_Broad_Nguyen_280526,FATHERDAY_DADHAT_SP00_daddy hats men B0GY4JSS94_Broad_Nguyen_280526,,,,,,,,,,Enabled,,FATHERDAY_DADHAT,,,,,,,,,,,
Sponsored Products,Keyword,Create,FATHERDAY_DADHAT_SP00_daddy hats men B0GY4JSS94_Broad_Nguyen_280526,FATHERDAY_DADHAT_SP00_daddy hats men B0GY4JSS94_Broad_Nguyen_280526,,,,,,,,,,Enabled,,,,,,,0.3,daddy hats men (B0GY4JSS94),broad,,,,
Sponsored Products,Campaign,Create,FATHERDAY_DADHAT_SP00_mens dad hat_Broad_Nguyen_280526,,212170875998610,,,,FATHERDAY_DADHAT_SP00_mens dad hat_Broad_Nguyen_280526,,20260528,,Manual,Enabled,5.0,,,,,,,,,Dynamic bids - down only,,,
Sponsored Products,Bidding Adjustment,Create,FATHERDAY_DADHAT_SP00_mens dad hat_Broad_Nguyen_280526,,,,,,,,,,,Enabled,,,,,,,,,,,Placement Top,0,
Sponsored Products,Bidding Adjustment,Create,FATHERDAY_DADHAT_SP00_mens dad hat_Broad_Nguyen_280526,,,,,,,,,,,Enabled,,,,,,,,,,,Placement Product Page,0,
Sponsored Products,Bidding Adjustment,Create,FATHERDAY_DADHAT_SP00_mens dad hat_Broad_Nguyen_280526,,,,,,,,,,,Enabled,,,,,,,,,,,Placement Rest Of Search,0,
Sponsored Products,Ad Group,Create,FATHERDAY_DADHAT_SP00_mens dad hat_Broad_Nguyen_280526,FATHERDAY_DADHAT_SP00_mens dad hat_Broad_Nguyen_280526,,,,,,mens dad hat,,,,Enabled,,,,,,0.3,,,,,,,
Sponsored Products,Product Ad,Create,FATHERDAY_DADHAT_SP00_mens dad hat_Broad_Nguyen_280526,FATHERDAY_DADHAT_SP00_mens dad hat_Broad_Nguyen_280526,,,,,,,,,,Enabled,,FATHERDAY_DADHAT,,,,,,,,,,,
Sponsored Products,Keyword,Create,FATHERDAY_DADHAT_SP00_mens dad hat_Broad_Nguyen_280526,FATHERDAY_DADHAT_SP00_mens dad hat_Broad_Nguyen_280526,,,,,,,,,,Enabled,,,,,,,0.3,mens dad hat,broad,,,,
Sponsored Products,Campaign,Create,FATHERDAY_DADHAT_SP00_fathers day hat_Broad_Nguyen_280526,,212170875998610,,,,FATHERDAY_DADHAT_SP00_fathers day hat_Broad_Nguyen_280526,,20260528,,Manual,Enabled,5.0,,,,,,,,,Dynamic bids - down only,,,
Sponsored Products,Bidding Adjustment,Create,FATHERDAY_DADHAT_SP00_fathers day hat_Broad_Nguyen_280526,,,,,,,,,,,Enabled,,,,,,,,,,,Placement Top,0,
Sponsored Products,Bidding Adjustment,Create,FATHERDAY_DADHAT_SP00_fathers day hat_Broad_Nguyen_280526,,,,,,,,,,,Enabled,,,,,,,,,,,Placement Product Page,0,
Sponsored Products,Bidding Adjustment,Create,FATHERDAY_DADHAT_SP00_fathers day hat_Broad_Nguyen_280526,,,,,,,,,,,Enabled,,,,,,,,,,,Placement Rest Of Search,0,
Sponsored Products,Ad Group,Create,FATHERDAY_DADHAT_SP00_fathers day hat_Broad_Nguyen_280526,FATHERDAY_DADHAT_SP00_fathers day hat_Broad_Nguyen_280526,,,,,,fathers day hat,,,,Enabled,,,,,,0.3,,,,,,,
Sponsored Products,Product Ad,Create,FATHERDAY_DADHAT_SP00_fathers day hat_Broad_Nguyen_280526,FATHERDAY_DADHAT_SP00_fathers day hat_Broad_Nguyen_280526,,,,,,,,,,Enabled,,FATHERDAY_DADHAT,,,,,,,,,,,
Sponsored Products,Keyword,Create,FATHERDAY_DADHAT_SP00_fathers day hat_Broad_Nguyen_280526,FATHERDAY_DADHAT_SP00_fathers day hat_Broad_Nguyen_280526,,,,,,,,,,Enabled,,,,,,,0.3,fathers day hat,broad,,,,
Sponsored Products,Campaign,Create,FATHERDAY_DADHAT_SP00_mens fathers day hat_Broad_Nguyen_280526,,212170875998610,,,,FATHERDAY_DADHAT_SP00_mens fathers day hat_Broad_Nguyen_280526,,20260528,,Manual,Enabled,5.0,,,,,,,,,Dynamic bids - down only,,,
Sponsored Products,Bidding Adjustment,Create,FATHERDAY_DADHAT_SP00_mens fathers day hat_Broad_Nguyen_280526,,,,,,,,,,,Enabled,,,,,,,,,,,Placement Top,0,
Sponsored Products,Bidding Adjustment,Create,FATHERDAY_DADHAT_SP00_mens fathers day hat_Broad_Nguyen_280526,,,,,,,,,,,Enabled,,,,,,,,,,,Placement Product Page,0,
Sponsored Products,Bidding Adjustment,Create,FATHERDAY_DADHAT_SP00_mens fathers day hat_Broad_Nguyen_280526,,,,,,,,,,,Enabled,,,,,,,,,,,Placement Rest Of Search,0,
Sponsored Products,Ad Group,Create,FATHERDAY_DADHAT_SP00_mens fathers day hat_Broad_Nguyen_280526,FATHERDAY_DADHAT_SP00_mens fathers day hat_Broad_Nguyen_280526,,,,,,mens fathers day hat,,,,Enabled,,,,,,0.3,,,,,,,
Sponsored Products,Product Ad,Create,FATHERDAY_DADHAT_SP00_mens fathers day hat_Broad_Nguyen_280526,FATHERDAY_DADHAT_SP00_mens fathers day hat_Broad_Nguyen_280526,,,,,,,,,,Enabled,,FATHERDAY_DADHAT,,,,,,,,,,,
Sponsored Products,Keyword,Create,FATHERDAY_DADHAT_SP00_mens fathers day hat_Broad_Nguyen_280526,FATHERDAY_DADHAT_SP00_mens fathers day hat_Broad_Nguyen_280526,,,,,,,,,,Enabled,,,,,,,0.3,mens fathers day hat,broad,,,,
Sponsored Products,Campaign,Create,FATHERDAY_DADHAT_SP00_fathers day hats_Broad_Nguyen_280526,,212170875998610,,,,FATHERDAY_DADHAT_SP00_fathers day hats_Broad_Nguyen_280526,,20260528,,Manual,Enabled,5.0,,,,,,,,,Dynamic bids - down only,,,
Sponsored Products,Bidding Adjustment,Create,FATHERDAY_DADHAT_SP00_fathers day hats_Broad_Nguyen_280526,,,,,,,,,,,Enabled,,,,,,,,,,,Placement Top,0,
Sponsored Products,Bidding Adjustment,Create,FATHERDAY_DADHAT_SP00_fathers day hats_Broad_Nguyen_280526,,,,,,,,,,,Enabled,,,,,,,,,,,Placement Product Page,0,
Sponsored Products,Bidding Adjustment,Create,FATHERDAY_DADHAT_SP00_fathers day hats_Broad_Nguyen_280526,,,,,,,,,,,Enabled,,,,,,,,,,,Placement Rest Of Search,0,
Sponsored Products,Ad Group,Create,FATHERDAY_DADHAT_SP00_fathers day hats_Broad_Nguyen_280526,FATHERDAY_DADHAT_SP00_fathers day hats_Broad_Nguyen_280526,,,,,,fathers day hats,,,,Enabled,,,,,,0.3,,,,,,,
Sponsored Products,Product Ad,Create,FATHERDAY_DADHAT_SP00_fathers day hats_Broad_Nguyen_280526,FATHERDAY_DADHAT_SP00_fathers day hats_Broad_Nguyen_280526,,,,,,,,,,Enabled,,FATHERDAY_DADHAT,,,,,,,,,,,
Sponsored Products,Keyword,Create,FATHERDAY_DADHAT_SP00_fathers day hats_Broad_Nguyen_280526,FATHERDAY_DADHAT_SP00_fathers day hats_Broad_Nguyen_280526,,,,,,,,,,Enabled,,,,,,,0.3,fathers day hats,broad,,,,
Sponsored Products,Campaign,Create,FATHERDAY_DADHAT_SP00_fathers day baseball cap_Broad_Nguyen_280526,,212170875998610,,,,FATHERDAY_DADHAT_SP00_fathers day baseball cap_Broad_Nguyen_280526,,20260528,,Manual,Enabled,5.0,,,,,,,,,Dynamic bids - down only,,,
Sponsored Products,Bidding Adjustment,Create,FATHERDAY_DADHAT_SP00_fathers day baseball cap_Broad_Nguyen_280526,,,,,,,,,,,Enabled,,,,,,,,,,,Placement Top,0,
Sponsored Products,Bidding Adjustment,Create,FATHERDAY_DADHAT_SP00_fathers day baseball cap_Broad_Nguyen_280526,,,,,,,,,,,Enabled,,,,,,,,,,,Placement Product Page,0,
Sponsored Products,Bidding Adjustment,Create,FATHERDAY_DADHAT_SP00_fathers day baseball cap_Broad_Nguyen_280526,,,,,,,,,,,Enabled,,,,,,,,,,,Placement Rest Of Search,0,
Sponsored Products,Ad Group,Create,FATHERDAY_DADHAT_SP00_fathers day baseball cap_Broad_Nguyen_280526,FATHERDAY_DADHAT_SP00_fathers day baseball cap_Broad_Nguyen_280526,,,,,,fathers day baseball cap,,,,Enabled,,,,,,0.3,,,,,,,
Sponsored Products,Product Ad,Create,FATHERDAY_DADHAT_SP00_fathers day baseball cap_Broad_Nguyen_280526,FATHERDAY_DADHAT_SP00_fathers day baseball cap_Broad_Nguyen_280526,,,,,,,,,,Enabled,,FATHERDAY_DADHAT,,,,,,,,,,,
Sponsored Products,Keyword,Create,FATHERDAY_DADHAT_SP00_fathers day baseball cap_Broad_Nguyen_280526,FATHERDAY_DADHAT_SP00_fathers day baseball cap_Broad_Nguyen_280526,,,,,,,,,,Enabled,,,,,,,0.3,fathers day baseball cap,broad,,,,
Sponsored Products,Campaign,Create,FATHERDAY_DADHAT_SP00_fathers day hats for dad_Broad_Nguyen_280526,,212170875998610,,,,FATHERDAY_DADHAT_SP00_fathers day hats for dad_Broad_Nguyen_280526,,20260528,,Manual,Enabled,5.0,,,,,,,,,Dynamic bids - down only,,,
Sponsored Products,Bidding Adjustment,Create,FATHERDAY_DADHAT_SP00_fathers day hats for dad_Broad_Nguyen_280526,,,,,,,,,,,Enabled,,,,,,,,,,,Placement Top,0,
Sponsored Products,Bidding Adjustment,Create,FATHERDAY_DADHAT_SP00_fathers day hats for dad_Broad_Nguyen_280526,,,,,,,,,,,Enabled,,,,,,,,,,,Placement Product Page,0,
Sponsored Products,Bidding Adjustment,Create,FATHERDAY_DADHAT_SP00_fathers day hats for dad_Broad_Nguyen_280526,,,,,,,,,,,Enabled,,,,,,,,,,,Placement Rest Of Search,0,
Sponsored Products,Ad Group,Create,FATHERDAY_DADHAT_SP00_fathers day hats for dad_Broad_Nguyen_280526,FATHERDAY_DADHAT_SP00_fathers day hats for dad_Broad_Nguyen_280526,,,,,,fathers day hats for dad,,,,Enabled,,,,,,0.3,,,,,,,
Sponsored Products,Product Ad,Create,FATHERDAY_DADHAT_SP00_fathers day hats for dad_Broad_Nguyen_280526,FATHERDAY_DADHAT_SP00_fathers day hats for dad_Broad_Nguyen_280526,,,,,,,,,,Enabled,,FATHERDAY_DADHAT,,,,,,,,,,,
Sponsored Products,Keyword,Create,FATHERDAY_DADHAT_SP00_fathers day hats for dad_Broad_Nguyen_280526,FATHERDAY_DADHAT_SP00_fathers day hats for dad_Broad_Nguyen_280526,,,,,,,,,,Enabled,,,,,,,0.3,fathers day hats for dad,broad,,,,
Sponsored Products,Campaign,Create,FATHERDAY_DADHAT_SP00_best fathers day hat_Broad_Nguyen_280526,,212170875998610,,,,FATHERDAY_DADHAT_SP00_best fathers day hat_Broad_Nguyen_280526,,20260528,,Manual,Enabled,5.0,,,,,,,,,Dynamic bids - down only,,,
Sponsored Products,Bidding Adjustment,Create,FATHERDAY_DADHAT_SP00_best fathers day hat_Broad_Nguyen_280526,,,,,,,,,,,Enabled,,,,,,,,,,,Placement Top,0,
Sponsored Products,Bidding Adjustment,Create,FATHERDAY_DADHAT_SP00_best fathers day hat_Broad_Nguyen_280526,,,,,,,,,,,Enabled,,,,,,,,,,,Placement Product Page,0,
Sponsored Products,Bidding Adjustment,Create,FATHERDAY_DADHAT_SP00_best fathers day hat_Broad_Nguyen_280526,,,,,,,,,,,Enabled,,,,,,,,,,,Placement Rest Of Search,0,
Sponsored Products,Ad Group,Create,FATHERDAY_DADHAT_SP00_best fathers day hat_Broad_Nguyen_280526,FATHERDAY_DADHAT_SP00_best fathers day hat_Broad_Nguyen_280526,,,,,,best fathers day hat,,,,Enabled,,,,,,0.3,,,,,,,
Sponsored Products,Product Ad,Create,FATHERDAY_DADHAT_SP00_best fathers day hat_Broad_Nguyen_280526,FATHERDAY_DADHAT_SP00_best fathers day hat_Broad_Nguyen_280526,,,,,,,,,,Enabled,,FATHERDAY_DADHAT,,,,,,,,,,,
Sponsored Products,Keyword,Create,FATHERDAY_DADHAT_SP00_best fathers day hat_Broad_Nguyen_280526,FATHERDAY_DADHAT_SP00_best fathers day hat_Broad_Nguyen_280526,,,,,,,,,,Enabled,,,,,,,0.3,best fathers day hat,broad,,,,
Sponsored Products,Campaign,Create,FATHERDAY_DADHAT_SP00_fathers day hat_Broad_Nguyen_280526,,212170875998610,,,,FATHERDAY_DADHAT_SP00_fathers day hat_Broad_Nguyen_280526,,20260528,,Manual,Enabled,5.0,,,,,,,,,Dynamic bids - down only,,,
Sponsored Products,Bidding Adjustment,Create,FATHERDAY_DADHAT_SP00_fathers day hat_Broad_Nguyen_280526,,,,,,,,,,,Enabled,,,,,,,,,,,Placement Top,0,
Sponsored Products,Bidding Adjustment,Create,FATHERDAY_DADHAT_SP00_fathers day hat_Broad_Nguyen_280526,,,,,,,,,,,Enabled,,,,,,,,,,,Placement Product Page,0,
Sponsored Products,Bidding Adjustment,Create,FATHERDAY_DADHAT_SP00_fathers day hat_Broad_Nguyen_280526,,,,,,,,,,,Enabled,,,,,,,,,,,Placement Rest Of Search,0,
Sponsored Products,Ad Group,Create,FATHERDAY_DADHAT_SP00_fathers day hat_Broad_Nguyen_280526,FATHERDAY_DADHAT_SP00_fathers day hat_Broad_Nguyen_280526,,,,,,father's day hat,,,,Enabled,,,,,,0.3,,,,,,,
Sponsored Products,Product Ad,Create,FATHERDAY_DADHAT_SP00_fathers day hat_Broad_Nguyen_280526,FATHERDAY_DADHAT_SP00_fathers day hat_Broad_Nguyen_280526,,,,,,,,,,Enabled,,FATHERDAY_DADHAT,,,,,,,,,,,
Sponsored Products,Keyword,Create,FATHERDAY_DADHAT_SP00_fathers day hat_Broad_Nguyen_280526,FATHERDAY_DADHAT_SP00_fathers day hat_Broad_Nguyen_280526,,,,,,,,,,Enabled,,,,,,,0.3,father's day hat,broad,,,,
Sponsored Products,Campaign,Create,FATHERDAY_DADHAT_SP00_happy fathers day hat_Broad_Nguyen_280526,,212170875998610,,,,FATHERDAY_DADHAT_SP00_happy fathers day hat_Broad_Nguyen_280526,,20260528,,Manual,Enabled,5.0,,,,,,,,,Dynamic bids - down only,,,
Sponsored Products,Bidding Adjustment,Create,FATHERDAY_DADHAT_SP00_happy fathers day hat_Broad_Nguyen_280526,,,,,,,,,,,Enabled,,,,,,,,,,,Placement Top,0,
Sponsored Products,Bidding Adjustment,Create,FATHERDAY_DADHAT_SP00_happy fathers day hat_Broad_Nguyen_280526,,,,,,,,,,,Enabled,,,,,,,,,,,Placement Product Page,0,
Sponsored Products,Bidding Adjustment,Create,FATHERDAY_DADHAT_SP00_happy fathers day hat_Broad_Nguyen_280526,,,,,,,,,,,Enabled,,,,,,,,,,,Placement Rest Of Search,0,
Sponsored Products,Ad Group,Create,FATHERDAY_DADHAT_SP00_happy fathers day hat_Broad_Nguyen_280526,FATHERDAY_DADHAT_SP00_happy fathers day hat_Broad_Nguyen_280526,,,,,,happy fathers day hat,,,,Enabled,,,,,,0.3,,,,,,,
Sponsored Products,Product Ad,Create,FATHERDAY_DADHAT_SP00_happy fathers day hat_Broad_Nguyen_280526,FATHERDAY_DADHAT_SP00_happy fathers day hat_Broad_Nguyen_280526,,,,,,,,,,Enabled,,FATHERDAY_DADHAT,,,,,,,,,,,
Sponsored Products,Keyword,Create,FATHERDAY_DADHAT_SP00_happy fathers day hat_Broad_Nguyen_280526,FATHERDAY_DADHAT_SP00_happy fathers day hat_Broad_Nguyen_280526,,,,,,,,,,Enabled,,,,,,,0.3,happy fathers day hat,broad,,,,
Sponsored Products,Campaign,Create,FATHERDAY_DADHAT_SP00_fathers day dad hat_Broad_Nguyen_280526,,212170875998610,,,,FATHERDAY_DADHAT_SP00_fathers day dad hat_Broad_Nguyen_280526,,20260528,,Manual,Enabled,5.0,,,,,,,,,Dynamic bids - down only,,,
Sponsored Products,Bidding Adjustment,Create,FATHERDAY_DADHAT_SP00_fathers day dad hat_Broad_Nguyen_280526,,,,,,,,,,,Enabled,,,,,,,,,,,Placement Top,0,
Sponsored Products,Bidding Adjustment,Create,FATHERDAY_DADHAT_SP00_fathers day dad hat_Broad_Nguyen_280526,,,,,,,,,,,Enabled,,,,,,,,,,,Placement Product Page,0,
Sponsored Products,Bidding Adjustment,Create,FATHERDAY_DADHAT_SP00_fathers day dad hat_Broad_Nguyen_280526,,,,,,,,,,,Enabled,,,,,,,,,,,Placement Rest Of Search,0,
Sponsored Products,Ad Group,Create,FATHERDAY_DADHAT_SP00_fathers day dad hat_Broad_Nguyen_280526,FATHERDAY_DADHAT_SP00_fathers day dad hat_Broad_Nguyen_280526,,,,,,fathers day dad hat,,,,Enabled,,,,,,0.3,,,,,,,
Sponsored Products,Product Ad,Create,FATHERDAY_DADHAT_SP00_fathers day dad hat_Broad_Nguyen_280526,FATHERDAY_DADHAT_SP00_fathers day dad hat_Broad_Nguyen_280526,,,,,,,,,,Enabled,,FATHERDAY_DADHAT,,,,,,,,,,,
Sponsored Products,Keyword,Create,FATHERDAY_DADHAT_SP00_fathers day dad hat_Broad_Nguyen_280526,FATHERDAY_DADHAT_SP00_fathers day dad hat_Broad_Nguyen_280526,,,,,,,,,,Enabled,,,,,,,0.3,fathers day dad hat,broad,,,,
Sponsored Products,Campaign,Create,FATHERDAY_DADHAT_SP00_first fathers day hat_Broad_Nguyen_280526,,212170875998610,,,,FATHERDAY_DADHAT_SP00_first fathers day hat_Broad_Nguyen_280526,,20260528,,Manual,Enabled,5.0,,,,,,,,,Dynamic bids - down only,,,
Sponsored Products,Bidding Adjustment,Create,FATHERDAY_DADHAT_SP00_first fathers day hat_Broad_Nguyen_280526,,,,,,,,,,,Enabled,,,,,,,,,,,Placement Top,0,
Sponsored Products,Bidding Adjustment,Create,FATHERDAY_DADHAT_SP00_first fathers day hat_Broad_Nguyen_280526,,,,,,,,,,,Enabled,,,,,,,,,,,Placement Product Page,0,
Sponsored Products,Bidding Adjustment,Create,FATHERDAY_DADHAT_SP00_first fathers day hat_Broad_Nguyen_280526,,,,,,,,,,,Enabled,,,,,,,,,,,Placement Rest Of Search,0,
Sponsored Products,Ad Group,Create,FATHERDAY_DADHAT_SP00_first fathers day hat_Broad_Nguyen_280526,FATHERDAY_DADHAT_SP00_first fathers day hat_Broad_Nguyen_280526,,,,,,first fathers day hat,,,,Enabled,,,,,,0.3,,,,,,,
Sponsored Products,Product Ad,Create,FATHERDAY_DADHAT_SP00_first fathers day hat_Broad_Nguyen_280526,FATHERDAY_DADHAT_SP00_first fathers day hat_Broad_Nguyen_280526,,,,,,,,,,Enabled,,FATHERDAY_DADHAT,,,,,,,,,,,
Sponsored Products,Keyword,Create,FATHERDAY_DADHAT_SP00_first fathers day hat_Broad_Nguyen_280526,FATHERDAY_DADHAT_SP00_first fathers day hat_Broad_Nguyen_280526,,,,,,,,,,Enabled,,,,,,,0.3,first fathers day hat,broad,,,,
Sponsored Products,Campaign,Create,FATHERDAY_BESTDADEVERHAT_SP00_SPR00_dad hat_Exact_Nguyen_280526,,212170875998610,,,,FATHERDAY_BESTDADEVERHAT_SP00_SPR00_dad hat_Exact_Nguyen_280526,,20260528,,Manual,Enabled,5.0,,,,,,,,,Dynamic bids - down only,,,
Sponsored Products,Bidding Adjustment,Create,FATHERDAY_BESTDADEVERHAT_SP00_SPR00_dad hat_Exact_Nguyen_280526,,,,,,,,,,,Enabled,,,,,,,,,,,Placement Top,0,
Sponsored Products,Bidding Adjustment,Create,FATHERDAY_BESTDADEVERHAT_SP00_SPR00_dad hat_Exact_Nguyen_280526,,,,,,,,,,,Enabled,,,,,,,,,,,Placement Product Page,0,
Sponsored Products,Bidding Adjustment,Create,FATHERDAY_BESTDADEVERHAT_SP00_SPR00_dad hat_Exact_Nguyen_280526,,,,,,,,,,,Enabled,,,,,,,,,,,Placement Rest Of Search,0,
Sponsored Products,Ad Group,Create,FATHERDAY_BESTDADEVERHAT_SP00_SPR00_dad hat_Exact_Nguyen_280526,AG_01_Exact_dad hat,,,,,,AG_01_Exact_dad hat,,,,Enabled,,,,,,0.6,,,,,,,
Sponsored Products,Product Ad,Create,FATHERDAY_BESTDADEVERHAT_SP00_SPR00_dad hat_Exact_Nguyen_280526,AG_01_Exact_dad hat,,,,,,,,,,Enabled,,FATHERDAY_BESTDADEVERHAT,,,,,,,,,,,
Sponsored Products,Keyword,Create,FATHERDAY_BESTDADEVERHAT_SP00_SPR00_dad hat_Exact_Nguyen_280526,AG_01_Exact_dad hat,,,,,,,,,,Enabled,,,,,,,0.6,dad hat,exact,,,,
Sponsored Products,Ad Group,Create,FATHERDAY_BESTDADEVERHAT_SP00_SPR00_dad hat_Exact_Nguyen_280526,AG_02_Exact_dad hat,,,,,,AG_02_Exact_dad hat,,,,Enabled,,,,,,0.6,,,,,,,
Sponsored Products,Product Ad,Create,FATHERDAY_BESTDADEVERHAT_SP00_SPR00_dad hat_Exact_Nguyen_280526,AG_02_Exact_dad hat,,,,,,,,,,Enabled,,FATHERDAY_BESTDADEVERHAT,,,,,,,,,,,
Sponsored Products,Keyword,Create,FATHERDAY_BESTDADEVERHAT_SP00_SPR00_dad hat_Exact_Nguyen_280526,AG_02_Exact_dad hat,,,,,,,,,,Enabled,,,,,,,0.6,dad hat,exact,,,,
Sponsored Products,Ad Group,Create,FATHERDAY_BESTDADEVERHAT_SP00_SPR00_dad hat_Exact_Nguyen_280526,AG_03_Exact_dad hat,,,,,,AG_03_Exact_dad hat,,,,Enabled,,,,,,0.6,,,,,,,
Sponsored Products,Product Ad,Create,FATHERDAY_BESTDADEVERHAT_SP00_SPR00_dad hat_Exact_Nguyen_280526,AG_03_Exact_dad hat,,,,,,,,,,Enabled,,FATHERDAY_BESTDADEVERHAT,,,,,,,,,,,
Sponsored Products,Keyword,Create,FATHERDAY_BESTDADEVERHAT_SP00_SPR00_dad hat_Exact_Nguyen_280526,AG_03_Exact_dad hat,,,,,,,,,,Enabled,,,,,,,0.6,dad hat,exact,,,,
Sponsored Products,Campaign,Create,FATHERDAY_BESTDADEVERHAT_SP00_SPR01_best dad ever hat_Exact_Nguyen_280526,,212170875998610,,,,FATHERDAY_BESTDADEVERHAT_SP00_SPR01_best dad ever hat_Exact_Nguyen_280526,,20260528,,Manual,Enabled,5.0,,,,,,,,,Dynamic bids - down only,,,
Sponsored Products,Bidding Adjustment,Create,FATHERDAY_BESTDADEVERHAT_SP00_SPR01_best dad ever hat_Exact_Nguyen_280526,,,,,,,,,,,Enabled,,,,,,,,,,,Placement Top,0,
Sponsored Products,Bidding Adjustment,Create,FATHERDAY_BESTDADEVERHAT_SP00_SPR01_best dad ever hat_Exact_Nguyen_280526,,,,,,,,,,,Enabled,,,,,,,,,,,Placement Product Page,0,
Sponsored Products,Bidding Adjustment,Create,FATHERDAY_BESTDADEVERHAT_SP00_SPR01_best dad ever hat_Exact_Nguyen_280526,,,,,,,,,,,Enabled,,,,,,,,,,,Placement Rest Of Search,0,
Sponsored Products,Ad Group,Create,FATHERDAY_BESTDADEVERHAT_SP00_SPR01_best dad ever hat_Exact_Nguyen_280526,AG_01_Exact_best dad ever hat,,,,,,AG_01_Exact_best dad ever hat,,,,Enabled,,,,,,0.8,,,,,,,
Sponsored Products,Product Ad,Create,FATHERDAY_BESTDADEVERHAT_SP00_SPR01_best dad ever hat_Exact_Nguyen_280526,AG_01_Exact_best dad ever hat,,,,,,,,,,Enabled,,FATHERDAY_BESTDADEVERHAT,,,,,,,,,,,
Sponsored Products,Keyword,Create,FATHERDAY_BESTDADEVERHAT_SP00_SPR01_best dad ever hat_Exact_Nguyen_280526,AG_01_Exact_best dad ever hat,,,,,,,,,,Enabled,,,,,,,0.8,best dad ever hat,exact,,,,
Sponsored Products,Ad Group,Create,FATHERDAY_BESTDADEVERHAT_SP00_SPR01_best dad ever hat_Exact_Nguyen_280526,AG_02_Exact_best dad ever hat,,,,,,AG_02_Exact_best dad ever hat,,,,Enabled,,,,,,0.8,,,,,,,
Sponsored Products,Product Ad,Create,FATHERDAY_BESTDADEVERHAT_SP00_SPR01_best dad ever hat_Exact_Nguyen_280526,AG_02_Exact_best dad ever hat,,,,,,,,,,Enabled,,FATHERDAY_BESTDADEVERHAT,,,,,,,,,,,
Sponsored Products,Keyword,Create,FATHERDAY_BESTDADEVERHAT_SP00_SPR01_best dad ever hat_Exact_Nguyen_280526,AG_02_Exact_best dad ever hat,,,,,,,,,,Enabled,,,,,,,0.8,best dad ever hat,exact,,,,
Sponsored Products,Ad Group,Create,FATHERDAY_BESTDADEVERHAT_SP00_SPR01_best dad ever hat_Exact_Nguyen_280526,AG_03_Exact_best dad ever hat,,,,,,AG_03_Exact_best dad ever hat,,,,Enabled,,,,,,0.8,,,,,,,
Sponsored Products,Product Ad,Create,FATHERDAY_BESTDADEVERHAT_SP00_SPR01_best dad ever hat_Exact_Nguyen_280526,AG_03_Exact_best dad ever hat,,,,,,,,,,Enabled,,FATHERDAY_BESTDADEVERHAT,,,,,,,,,,,
Sponsored Products,Keyword,Create,FATHERDAY_BESTDADEVERHAT_SP00_SPR01_best dad ever hat_Exact_Nguyen_280526,AG_03_Exact_best dad ever hat,,,,,,,,,,Enabled,,,,,,,0.8,best dad ever hat,exact,,,,
Sponsored Products,Campaign,Create,FATHERDAY_BESTDADEVERHAT_SP00_SPR00_dadhat_Exact_Nguyen_280526,,212170875998610,,,,FATHERDAY_BESTDADEVERHAT_SP00_SPR00_dadhat_Exact_Nguyen_280526,,20260528,,Manual,Enabled,5.0,,,,,,,,,Dynamic bids - down only,,,
Sponsored Products,Bidding Adjustment,Create,FATHERDAY_BESTDADEVERHAT_SP00_SPR00_dadhat_Exact_Nguyen_280526,,,,,,,,,,,Enabled,,,,,,,,,,,Placement Top,0,
Sponsored Products,Bidding Adjustment,Create,FATHERDAY_BESTDADEVERHAT_SP00_SPR00_dadhat_Exact_Nguyen_280526,,,,,,,,,,,Enabled,,,,,,,,,,,Placement Product Page,0,
Sponsored Products,Bidding Adjustment,Create,FATHERDAY_BESTDADEVERHAT_SP00_SPR00_dadhat_Exact_Nguyen_280526,,,,,,,,,,,Enabled,,,,,,,,,,,Placement Rest Of Search,0,
Sponsored Products,Ad Group,Create,FATHERDAY_BESTDADEVERHAT_SP00_SPR00_dadhat_Exact_Nguyen_280526,AG_01_Exact_dadhat,,,,,,AG_01_Exact_dadhat,,,,Enabled,,,,,,0.6,,,,,,,
Sponsored Products,Product Ad,Create,FATHERDAY_BESTDADEVERHAT_SP00_SPR00_dadhat_Exact_Nguyen_280526,AG_01_Exact_dadhat,,,,,,,,,,Enabled,,FATHERDAY_BESTDADEVERHAT,,,,,,,,,,,
Sponsored Products,Keyword,Create,FATHERDAY_BESTDADEVERHAT_SP00_SPR00_dadhat_Exact_Nguyen_280526,AG_01_Exact_dadhat,,,,,,,,,,Enabled,,,,,,,0.6,dadhat,exact,,,,
Sponsored Products,Ad Group,Create,FATHERDAY_BESTDADEVERHAT_SP00_SPR00_dadhat_Exact_Nguyen_280526,AG_02_Exact_dadhat,,,,,,AG_02_Exact_dadhat,,,,Enabled,,,,,,0.6,,,,,,,
Sponsored Products,Product Ad,Create,FATHERDAY_BESTDADEVERHAT_SP00_SPR00_dadhat_Exact_Nguyen_280526,AG_02_Exact_dadhat,,,,,,,,,,Enabled,,FATHERDAY_BESTDADEVERHAT,,,,,,,,,,,
Sponsored Products,Keyword,Create,FATHERDAY_BESTDADEVERHAT_SP00_SPR00_dadhat_Exact_Nguyen_280526,AG_02_Exact_dadhat,,,,,,,,,,Enabled,,,,,,,0.6,dadhat,exact,,,,
Sponsored Products,Ad Group,Create,FATHERDAY_BESTDADEVERHAT_SP00_SPR00_dadhat_Exact_Nguyen_280526,AG_03_Exact_dadhat,,,,,,AG_03_Exact_dadhat,,,,Enabled,,,,,,0.6,,,,,,,
Sponsored Products,Product Ad,Create,FATHERDAY_BESTDADEVERHAT_SP00_SPR00_dadhat_Exact_Nguyen_280526,AG_03_Exact_dadhat,,,,,,,,,,Enabled,,FATHERDAY_BESTDADEVERHAT,,,,,,,,,,,
Sponsored Products,Keyword,Create,FATHERDAY_BESTDADEVERHAT_SP00_SPR00_dadhat_Exact_Nguyen_280526,AG_03_Exact_dadhat,,,,,,,,,,Enabled,,,,,,,0.6,dadhat,exact,,,,
Sponsored Products,Campaign,Create,FATHERDAY_BESTDADEVERHAT_SP00_SPR00_papa hat_Exact_Nguyen_280526,,212170875998610,,,,FATHERDAY_BESTDADEVERHAT_SP00_SPR00_papa hat_Exact_Nguyen_280526,,20260528,,Manual,Enabled,5.0,,,,,,,,,Dynamic bids - down only,,,
Sponsored Products,Bidding Adjustment,Create,FATHERDAY_BESTDADEVERHAT_SP00_SPR00_papa hat_Exact_Nguyen_280526,,,,,,,,,,,Enabled,,,,,,,,,,,Placement Top,0,
Sponsored Products,Bidding Adjustment,Create,FATHERDAY_BESTDADEVERHAT_SP00_SPR00_papa hat_Exact_Nguyen_280526,,,,,,,,,,,Enabled,,,,,,,,,,,Placement Product Page,0,
Sponsored Products,Bidding Adjustment,Create,FATHERDAY_BESTDADEVERHAT_SP00_SPR00_papa hat_Exact_Nguyen_280526,,,,,,,,,,,Enabled,,,,,,,,,,,Placement Rest Of Search,0,
Sponsored Products,Ad Group,Create,FATHERDAY_BESTDADEVERHAT_SP00_SPR00_papa hat_Exact_Nguyen_280526,AG_01_Exact_papa hat,,,,,,AG_01_Exact_papa hat,,,,Enabled,,,,,,0.6,,,,,,,
Sponsored Products,Product Ad,Create,FATHERDAY_BESTDADEVERHAT_SP00_SPR00_papa hat_Exact_Nguyen_280526,AG_01_Exact_papa hat,,,,,,,,,,Enabled,,FATHERDAY_BESTDADEVERHAT,,,,,,,,,,,
Sponsored Products,Keyword,Create,FATHERDAY_BESTDADEVERHAT_SP00_SPR00_papa hat_Exact_Nguyen_280526,AG_01_Exact_papa hat,,,,,,,,,,Enabled,,,,,,,0.6,papa hat,exact,,,,
Sponsored Products,Ad Group,Create,FATHERDAY_BESTDADEVERHAT_SP00_SPR00_papa hat_Exact_Nguyen_280526,AG_02_Exact_papa hat,,,,,,AG_02_Exact_papa hat,,,,Enabled,,,,,,0.6,,,,,,,
Sponsored Products,Product Ad,Create,FATHERDAY_BESTDADEVERHAT_SP00_SPR00_papa hat_Exact_Nguyen_280526,AG_02_Exact_papa hat,,,,,,,,,,Enabled,,FATHERDAY_BESTDADEVERHAT,,,,,,,,,,,
Sponsored Products,Keyword,Create,FATHERDAY_BESTDADEVERHAT_SP00_SPR00_papa hat_Exact_Nguyen_280526,AG_02_Exact_papa hat,,,,,,,,,,Enabled,,,,,,,0.6,papa hat,exact,,,,
Sponsored Products,Ad Group,Create,FATHERDAY_BESTDADEVERHAT_SP00_SPR00_papa hat_Exact_Nguyen_280526,AG_03_Exact_papa hat,,,,,,AG_03_Exact_papa hat,,,,Enabled,,,,,,0.6,,,,,,,
Sponsored Products,Product Ad,Create,FATHERDAY_BESTDADEVERHAT_SP00_SPR00_papa hat_Exact_Nguyen_280526,AG_03_Exact_papa hat,,,,,,,,,,Enabled,,FATHERDAY_BESTDADEVERHAT,,,,,,,,,,,
Sponsored Products,Keyword,Create,FATHERDAY_BESTDADEVERHAT_SP00_SPR00_papa hat_Exact_Nguyen_280526,AG_03_Exact_papa hat,,,,,,,,,,Enabled,,,,,,,0.6,papa hat,exact,,,,
Sponsored Products,Campaign,Create,FATHERDAY_BESTDADEVERHAT_SP00_SPR00_dad hats for men_Exact_Nguyen_280526,,212170875998610,,,,FATHERDAY_BESTDADEVERHAT_SP00_SPR00_dad hats for men_Exact_Nguyen_280526,,20260528,,Manual,Enabled,5.0,,,,,,,,,Dynamic bids - down only,,,
Sponsored Products,Bidding Adjustment,Create,FATHERDAY_BESTDADEVERHAT_SP00_SPR00_dad hats for men_Exact_Nguyen_280526,,,,,,,,,,,Enabled,,,,,,,,,,,Placement Top,0,
Sponsored Products,Bidding Adjustment,Create,FATHERDAY_BESTDADEVERHAT_SP00_SPR00_dad hats for men_Exact_Nguyen_280526,,,,,,,,,,,Enabled,,,,,,,,,,,Placement Product Page,0,
Sponsored Products,Bidding Adjustment,Create,FATHERDAY_BESTDADEVERHAT_SP00_SPR00_dad hats for men_Exact_Nguyen_280526,,,,,,,,,,,Enabled,,,,,,,,,,,Placement Rest Of Search,0,
Sponsored Products,Ad Group,Create,FATHERDAY_BESTDADEVERHAT_SP00_SPR00_dad hats for men_Exact_Nguyen_280526,AG_01_Exact_dad hats for men,,,,,,AG_01_Exact_dad hats for men,,,,Enabled,,,,,,0.6,,,,,,,
Sponsored Products,Product Ad,Create,FATHERDAY_BESTDADEVERHAT_SP00_SPR00_dad hats for men_Exact_Nguyen_280526,AG_01_Exact_dad hats for men,,,,,,,,,,Enabled,,FATHERDAY_BESTDADEVERHAT,,,,,,,,,,,
Sponsored Products,Keyword,Create,FATHERDAY_BESTDADEVERHAT_SP00_SPR00_dad hats for men_Exact_Nguyen_280526,AG_01_Exact_dad hats for men,,,,,,,,,,Enabled,,,,,,,0.6,dad hats for men,exact,,,,
Sponsored Products,Ad Group,Create,FATHERDAY_BESTDADEVERHAT_SP00_SPR00_dad hats for men_Exact_Nguyen_280526,AG_02_Exact_dad hats for men,,,,,,AG_02_Exact_dad hats for men,,,,Enabled,,,,,,0.6,,,,,,,
Sponsored Products,Product Ad,Create,FATHERDAY_BESTDADEVERHAT_SP00_SPR00_dad hats for men_Exact_Nguyen_280526,AG_02_Exact_dad hats for men,,,,,,,,,,Enabled,,FATHERDAY_BESTDADEVERHAT,,,,,,,,,,,
Sponsored Products,Keyword,Create,FATHERDAY_BESTDADEVERHAT_SP00_SPR00_dad hats for men_Exact_Nguyen_280526,AG_02_Exact_dad hats for men,,,,,,,,,,Enabled,,,,,,,0.6,dad hats for men,exact,,,,
Sponsored Products,Ad Group,Create,FATHERDAY_BESTDADEVERHAT_SP00_SPR00_dad hats for men_Exact_Nguyen_280526,AG_03_Exact_dad hats for men,,,,,,AG_03_Exact_dad hats for men,,,,Enabled,,,,,,0.6,,,,,,,
Sponsored Products,Product Ad,Create,FATHERDAY_BESTDADEVERHAT_SP00_SPR00_dad hats for men_Exact_Nguyen_280526,AG_03_Exact_dad hats for men,,,,,,,,,,Enabled,,FATHERDAY_BESTDADEVERHAT,,,,,,,,,,,
Sponsored Products,Keyword,Create,FATHERDAY_BESTDADEVERHAT_SP00_SPR00_dad hats for men_Exact_Nguyen_280526,AG_03_Exact_dad hats for men,,,,,,,,,,Enabled,,,,,,,0.6,dad hats for men,exact,,,,
Sponsored Products,Campaign,Create,FATHERDAY_BESTDADEVERHAT_SP00_SPR00_dad cap_Exact_Nguyen_280526,,212170875998610,,,,FATHERDAY_BESTDADEVERHAT_SP00_SPR00_dad cap_Exact_Nguyen_280526,,20260528,,Manual,Enabled,5.0,,,,,,,,,Dynamic bids - down only,,,
Sponsored Products,Bidding Adjustment,Create,FATHERDAY_BESTDADEVERHAT_SP00_SPR00_dad cap_Exact_Nguyen_280526,,,,,,,,,,,Enabled,,,,,,,,,,,Placement Top,0,
Sponsored Products,Bidding Adjustment,Create,FATHERDAY_BESTDADEVERHAT_SP00_SPR00_dad cap_Exact_Nguyen_280526,,,,,,,,,,,Enabled,,,,,,,,,,,Placement Product Page,0,
Sponsored Products,Bidding Adjustment,Create,FATHERDAY_BESTDADEVERHAT_SP00_SPR00_dad cap_Exact_Nguyen_280526,,,,,,,,,,,Enabled,,,,,,,,,,,Placement Rest Of Search,0,
Sponsored Products,Ad Group,Create,FATHERDAY_BESTDADEVERHAT_SP00_SPR00_dad cap_Exact_Nguyen_280526,AG_01_Exact_dad cap,,,,,,AG_01_Exact_dad cap,,,,Enabled,,,,,,0.6,,,,,,,
Sponsored Products,Product Ad,Create,FATHERDAY_BESTDADEVERHAT_SP00_SPR00_dad cap_Exact_Nguyen_280526,AG_01_Exact_dad cap,,,,,,,,,,Enabled,,FATHERDAY_BESTDADEVERHAT,,,,,,,,,,,
Sponsored Products,Keyword,Create,FATHERDAY_BESTDADEVERHAT_SP00_SPR00_dad cap_Exact_Nguyen_280526,AG_01_Exact_dad cap,,,,,,,,,,Enabled,,,,,,,0.6,dad cap,exact,,,,
Sponsored Products,Ad Group,Create,FATHERDAY_BESTDADEVERHAT_SP00_SPR00_dad cap_Exact_Nguyen_280526,AG_02_Exact_dad cap,,,,,,AG_02_Exact_dad cap,,,,Enabled,,,,,,0.6,,,,,,,
Sponsored Products,Product Ad,Create,FATHERDAY_BESTDADEVERHAT_SP00_SPR00_dad cap_Exact_Nguyen_280526,AG_02_Exact_dad cap,,,,,,,,,,Enabled,,FATHERDAY_BESTDADEVERHAT,,,,,,,,,,,
Sponsored Products,Keyword,Create,FATHERDAY_BESTDADEVERHAT_SP00_SPR00_dad cap_Exact_Nguyen_280526,AG_02_Exact_dad cap,,,,,,,,,,Enabled,,,,,,,0.6,dad cap,exact,,,,
Sponsored Products,Ad Group,Create,FATHERDAY_BESTDADEVERHAT_SP00_SPR00_dad cap_Exact_Nguyen_280526,AG_03_Exact_dad cap,,,,,,AG_03_Exact_dad cap,,,,Enabled,,,,,,0.6,,,,,,,
Sponsored Products,Product Ad,Create,FATHERDAY_BESTDADEVERHAT_SP00_SPR00_dad cap_Exact_Nguyen_280526,AG_03_Exact_dad cap,,,,,,,,,,Enabled,,FATHERDAY_BESTDADEVERHAT,,,,,,,,,,,
Sponsored Products,Keyword,Create,FATHERDAY_BESTDADEVERHAT_SP00_SPR00_dad cap_Exact_Nguyen_280526,AG_03_Exact_dad cap,,,,,,,,,,Enabled,,,,,,,0.6,dad cap,exact,,,,
Sponsored Products,Campaign,Create,FATHERDAY_BESTDADEVERHAT_SP00_SPR00_camo dad hat_Exact_Nguyen_280526,,212170875998610,,,,FATHERDAY_BESTDADEVERHAT_SP00_SPR00_camo dad hat_Exact_Nguyen_280526,,20260528,,Manual,Enabled,5.0,,,,,,,,,Dynamic bids - down only,,,
Sponsored Products,Bidding Adjustment,Create,FATHERDAY_BESTDADEVERHAT_SP00_SPR00_camo dad hat_Exact_Nguyen_280526,,,,,,,,,,,Enabled,,,,,,,,,,,Placement Top,0,
Sponsored Products,Bidding Adjustment,Create,FATHERDAY_BESTDADEVERHAT_SP00_SPR00_camo dad hat_Exact_Nguyen_280526,,,,,,,,,,,Enabled,,,,,,,,,,,Placement Product Page,0,
Sponsored Products,Bidding Adjustment,Create,FATHERDAY_BESTDADEVERHAT_SP00_SPR00_camo dad hat_Exact_Nguyen_280526,,,,,,,,,,,Enabled,,,,,,,,,,,Placement Rest Of Search,0,
Sponsored Products,Ad Group,Create,FATHERDAY_BESTDADEVERHAT_SP00_SPR00_camo dad hat_Exact_Nguyen_280526,AG_01_Exact_camo dad hat,,,,,,AG_01_Exact_camo dad hat,,,,Enabled,,,,,,0.6,,,,,,,
Sponsored Products,Product Ad,Create,FATHERDAY_BESTDADEVERHAT_SP00_SPR00_camo dad hat_Exact_Nguyen_280526,AG_01_Exact_camo dad hat,,,,,,,,,,Enabled,,FATHERDAY_BESTDADEVERHAT,,,,,,,,,,,
Sponsored Products,Keyword,Create,FATHERDAY_BESTDADEVERHAT_SP00_SPR00_camo dad hat_Exact_Nguyen_280526,AG_01_Exact_camo dad hat,,,,,,,,,,Enabled,,,,,,,0.6,camo dad hat,exact,,,,
Sponsored Products,Ad Group,Create,FATHERDAY_BESTDADEVERHAT_SP00_SPR00_camo dad hat_Exact_Nguyen_280526,AG_02_Exact_camo dad hat,,,,,,AG_02_Exact_camo dad hat,,,,Enabled,,,,,,0.6,,,,,,,
Sponsored Products,Product Ad,Create,FATHERDAY_BESTDADEVERHAT_SP00_SPR00_camo dad hat_Exact_Nguyen_280526,AG_02_Exact_camo dad hat,,,,,,,,,,Enabled,,FATHERDAY_BESTDADEVERHAT,,,,,,,,,,,
Sponsored Products,Keyword,Create,FATHERDAY_BESTDADEVERHAT_SP00_SPR00_camo dad hat_Exact_Nguyen_280526,AG_02_Exact_camo dad hat,,,,,,,,,,Enabled,,,,,,,0.6,camo dad hat,exact,,,,
Sponsored Products,Ad Group,Create,FATHERDAY_BESTDADEVERHAT_SP00_SPR00_camo dad hat_Exact_Nguyen_280526,AG_03_Exact_camo dad hat,,,,,,AG_03_Exact_camo dad hat,,,,Enabled,,,,,,0.6,,,,,,,
Sponsored Products,Product Ad,Create,FATHERDAY_BESTDADEVERHAT_SP00_SPR00_camo dad hat_Exact_Nguyen_280526,AG_03_Exact_camo dad hat,,,,,,,,,,Enabled,,FATHERDAY_BESTDADEVERHAT,,,,,,,,,,,
Sponsored Products,Keyword,Create,FATHERDAY_BESTDADEVERHAT_SP00_SPR00_camo dad hat_Exact_Nguyen_280526,AG_03_Exact_camo dad hat,,,,,,,,,,Enabled,,,,,,,0.6,camo dad hat,exact,,,,
Sponsored Products,Campaign,Create,FATHERDAY_BESTDADEVERHAT_SP00_SPR00_best dad hat_Exact_Nguyen_280526,,212170875998610,,,,FATHERDAY_BESTDADEVERHAT_SP00_SPR00_best dad hat_Exact_Nguyen_280526,,20260528,,Manual,Enabled,5.0,,,,,,,,,Dynamic bids - down only,,,
Sponsored Products,Bidding Adjustment,Create,FATHERDAY_BESTDADEVERHAT_SP00_SPR00_best dad hat_Exact_Nguyen_280526,,,,,,,,,,,Enabled,,,,,,,,,,,Placement Top,0,
Sponsored Products,Bidding Adjustment,Create,FATHERDAY_BESTDADEVERHAT_SP00_SPR00_best dad hat_Exact_Nguyen_280526,,,,,,,,,,,Enabled,,,,,,,,,,,Placement Product Page,0,
Sponsored Products,Bidding Adjustment,Create,FATHERDAY_BESTDADEVERHAT_SP00_SPR00_best dad hat_Exact_Nguyen_280526,,,,,,,,,,,Enabled,,,,,,,,,,,Placement Rest Of Search,0,
Sponsored Products,Ad Group,Create,FATHERDAY_BESTDADEVERHAT_SP00_SPR00_best dad hat_Exact_Nguyen_280526,AG_01_Exact_best dad hat,,,,,,AG_01_Exact_best dad hat,,,,Enabled,,,,,,0.6,,,,,,,
Sponsored Products,Product Ad,Create,FATHERDAY_BESTDADEVERHAT_SP00_SPR00_best dad hat_Exact_Nguyen_280526,AG_01_Exact_best dad hat,,,,,,,,,,Enabled,,FATHERDAY_BESTDADEVERHAT,,,,,,,,,,,
Sponsored Products,Keyword,Create,FATHERDAY_BESTDADEVERHAT_SP00_SPR00_best dad hat_Exact_Nguyen_280526,AG_01_Exact_best dad hat,,,,,,,,,,Enabled,,,,,,,0.6,best dad hat,exact,,,,
Sponsored Products,Ad Group,Create,FATHERDAY_BESTDADEVERHAT_SP00_SPR00_best dad hat_Exact_Nguyen_280526,AG_02_Exact_best dad hat,,,,,,AG_02_Exact_best dad hat,,,,Enabled,,,,,,0.6,,,,,,,
Sponsored Products,Product Ad,Create,FATHERDAY_BESTDADEVERHAT_SP00_SPR00_best dad hat_Exact_Nguyen_280526,AG_02_Exact_best dad hat,,,,,,,,,,Enabled,,FATHERDAY_BESTDADEVERHAT,,,,,,,,,,,
Sponsored Products,Keyword,Create,FATHERDAY_BESTDADEVERHAT_SP00_SPR00_best dad hat_Exact_Nguyen_280526,AG_02_Exact_best dad hat,,,,,,,,,,Enabled,,,,,,,0.6,best dad hat,exact,,,,
Sponsored Products,Ad Group,Create,FATHERDAY_BESTDADEVERHAT_SP00_SPR00_best dad hat_Exact_Nguyen_280526,AG_03_Exact_best dad hat,,,,,,AG_03_Exact_best dad hat,,,,Enabled,,,,,,0.6,,,,,,,
Sponsored Products,Product Ad,Create,FATHERDAY_BESTDADEVERHAT_SP00_SPR00_best dad hat_Exact_Nguyen_280526,AG_03_Exact_best dad hat,,,,,,,,,,Enabled,,FATHERDAY_BESTDADEVERHAT,,,,,,,,,,,
Sponsored Products,Keyword,Create,FATHERDAY_BESTDADEVERHAT_SP00_SPR00_best dad hat_Exact_Nguyen_280526,AG_03_Exact_best dad hat,,,,,,,,,,Enabled,,,,,,,0.6,best dad hat,exact,,,,
Sponsored Products,Campaign,Create,FATHERDAY_BESTDADEVERHAT_SP00_SPR00_daddy hats men_Exact_Nguyen_280526,,212170875998610,,,,FATHERDAY_BESTDADEVERHAT_SP00_SPR00_daddy hats men_Exact_Nguyen_280526,,20260528,,Manual,Enabled,5.0,,,,,,,,,Dynamic bids - down only,,,
Sponsored Products,Bidding Adjustment,Create,FATHERDAY_BESTDADEVERHAT_SP00_SPR00_daddy hats men_Exact_Nguyen_280526,,,,,,,,,,,Enabled,,,,,,,,,,,Placement Top,0,
Sponsored Products,Bidding Adjustment,Create,FATHERDAY_BESTDADEVERHAT_SP00_SPR00_daddy hats men_Exact_Nguyen_280526,,,,,,,,,,,Enabled,,,,,,,,,,,Placement Product Page,0,
Sponsored Products,Bidding Adjustment,Create,FATHERDAY_BESTDADEVERHAT_SP00_SPR00_daddy hats men_Exact_Nguyen_280526,,,,,,,,,,,Enabled,,,,,,,,,,,Placement Rest Of Search,0,
Sponsored Products,Ad Group,Create,FATHERDAY_BESTDADEVERHAT_SP00_SPR00_daddy hats men_Exact_Nguyen_280526,AG_01_Exact_daddy hats men,,,,,,AG_01_Exact_daddy hats men,,,,Enabled,,,,,,0.6,,,,,,,
Sponsored Products,Product Ad,Create,FATHERDAY_BESTDADEVERHAT_SP00_SPR00_daddy hats men_Exact_Nguyen_280526,AG_01_Exact_daddy hats men,,,,,,,,,,Enabled,,FATHERDAY_BESTDADEVERHAT,,,,,,,,,,,
Sponsored Products,Keyword,Create,FATHERDAY_BESTDADEVERHAT_SP00_SPR00_daddy hats men_Exact_Nguyen_280526,AG_01_Exact_daddy hats men,,,,,,,,,,Enabled,,,,,,,0.6,daddy hats men,exact,,,,
Sponsored Products,Ad Group,Create,FATHERDAY_BESTDADEVERHAT_SP00_SPR00_daddy hats men_Exact_Nguyen_280526,AG_02_Exact_daddy hats men,,,,,,AG_02_Exact_daddy hats men,,,,Enabled,,,,,,0.6,,,,,,,
Sponsored Products,Product Ad,Create,FATHERDAY_BESTDADEVERHAT_SP00_SPR00_daddy hats men_Exact_Nguyen_280526,AG_02_Exact_daddy hats men,,,,,,,,,,Enabled,,FATHERDAY_BESTDADEVERHAT,,,,,,,,,,,
Sponsored Products,Keyword,Create,FATHERDAY_BESTDADEVERHAT_SP00_SPR00_daddy hats men_Exact_Nguyen_280526,AG_02_Exact_daddy hats men,,,,,,,,,,Enabled,,,,,,,0.6,daddy hats men,exact,,,,
Sponsored Products,Ad Group,Create,FATHERDAY_BESTDADEVERHAT_SP00_SPR00_daddy hats men_Exact_Nguyen_280526,AG_03_Exact_daddy hats men,,,,,,AG_03_Exact_daddy hats men,,,,Enabled,,,,,,0.6,,,,,,,
Sponsored Products,Product Ad,Create,FATHERDAY_BESTDADEVERHAT_SP00_SPR00_daddy hats men_Exact_Nguyen_280526,AG_03_Exact_daddy hats men,,,,,,,,,,Enabled,,FATHERDAY_BESTDADEVERHAT,,,,,,,,,,,
Sponsored Products,Keyword,Create,FATHERDAY_BESTDADEVERHAT_SP00_SPR00_daddy hats men_Exact_Nguyen_280526,AG_03_Exact_daddy hats men,,,,,,,,,,Enabled,,,,,,,0.6,daddy hats men,exact,,,,
Sponsored Products,Campaign,Create,FATHERDAY_BESTDADEVERHAT_SP00_SPR00_mens dad hat_Exact_Nguyen_280526,,212170875998610,,,,FATHERDAY_BESTDADEVERHAT_SP00_SPR00_mens dad hat_Exact_Nguyen_280526,,20260528,,Manual,Enabled,5.0,,,,,,,,,Dynamic bids - down only,,,
Sponsored Products,Bidding Adjustment,Create,FATHERDAY_BESTDADEVERHAT_SP00_SPR00_mens dad hat_Exact_Nguyen_280526,,,,,,,,,,,Enabled,,,,,,,,,,,Placement Top,0,
Sponsored Products,Bidding Adjustment,Create,FATHERDAY_BESTDADEVERHAT_SP00_SPR00_mens dad hat_Exact_Nguyen_280526,,,,,,,,,,,Enabled,,,,,,,,,,,Placement Product Page,0,
Sponsored Products,Bidding Adjustment,Create,FATHERDAY_BESTDADEVERHAT_SP00_SPR00_mens dad hat_Exact_Nguyen_280526,,,,,,,,,,,Enabled,,,,,,,,,,,Placement Rest Of Search,0,
Sponsored Products,Ad Group,Create,FATHERDAY_BESTDADEVERHAT_SP00_SPR00_mens dad hat_Exact_Nguyen_280526,AG_01_Exact_mens dad hat,,,,,,AG_01_Exact_mens dad hat,,,,Enabled,,,,,,0.6,,,,,,,
Sponsored Products,Product Ad,Create,FATHERDAY_BESTDADEVERHAT_SP00_SPR00_mens dad hat_Exact_Nguyen_280526,AG_01_Exact_mens dad hat,,,,,,,,,,Enabled,,FATHERDAY_BESTDADEVERHAT,,,,,,,,,,,
Sponsored Products,Keyword,Create,FATHERDAY_BESTDADEVERHAT_SP00_SPR00_mens dad hat_Exact_Nguyen_280526,AG_01_Exact_mens dad hat,,,,,,,,,,Enabled,,,,,,,0.6,mens dad hat,exact,,,,
Sponsored Products,Ad Group,Create,FATHERDAY_BESTDADEVERHAT_SP00_SPR00_mens dad hat_Exact_Nguyen_280526,AG_02_Exact_mens dad hat,,,,,,AG_02_Exact_mens dad hat,,,,Enabled,,,,,,0.6,,,,,,,
Sponsored Products,Product Ad,Create,FATHERDAY_BESTDADEVERHAT_SP00_SPR00_mens dad hat_Exact_Nguyen_280526,AG_02_Exact_mens dad hat,,,,,,,,,,Enabled,,FATHERDAY_BESTDADEVERHAT,,,,,,,,,,,
Sponsored Products,Keyword,Create,FATHERDAY_BESTDADEVERHAT_SP00_SPR00_mens dad hat_Exact_Nguyen_280526,AG_02_Exact_mens dad hat,,,,,,,,,,Enabled,,,,,,,0.6,mens dad hat,exact,,,,
Sponsored Products,Ad Group,Create,FATHERDAY_BESTDADEVERHAT_SP00_SPR00_mens dad hat_Exact_Nguyen_280526,AG_03_Exact_mens dad hat,,,,,,AG_03_Exact_mens dad hat,,,,Enabled,,,,,,0.6,,,,,,,
Sponsored Products,Product Ad,Create,FATHERDAY_BESTDADEVERHAT_SP00_SPR00_mens dad hat_Exact_Nguyen_280526,AG_03_Exact_mens dad hat,,,,,,,,,,Enabled,,FATHERDAY_BESTDADEVERHAT,,,,,,,,,,,
Sponsored Products,Keyword,Create,FATHERDAY_BESTDADEVERHAT_SP00_SPR00_mens dad hat_Exact_Nguyen_280526,AG_03_Exact_mens dad hat,,,,,,,,,,Enabled,,,,,,,0.6,mens dad hat,exact,,,,
Sponsored Products,Campaign,Create,FATHERDAY_BESTDADEVERHAT_SP00_dad hat_Phrase_Nguyen_280526,,212170875998610,,,,FATHERDAY_BESTDADEVERHAT_SP00_dad hat_Phrase_Nguyen_280526,,20260528,,Manual,Enabled,5.0,,,,,,,,,Dynamic bids - down only,,,
Sponsored Products,Bidding Adjustment,Create,FATHERDAY_BESTDADEVERHAT_SP00_dad hat_Phrase_Nguyen_280526,,,,,,,,,,,Enabled,,,,,,,,,,,Placement Top,0,
Sponsored Products,Bidding Adjustment,Create,FATHERDAY_BESTDADEVERHAT_SP00_dad hat_Phrase_Nguyen_280526,,,,,,,,,,,Enabled,,,,,,,,,,,Placement Product Page,0,
Sponsored Products,Bidding Adjustment,Create,FATHERDAY_BESTDADEVERHAT_SP00_dad hat_Phrase_Nguyen_280526,,,,,,,,,,,Enabled,,,,,,,,,,,Placement Rest Of Search,0,
Sponsored Products,Ad Group,Create,FATHERDAY_BESTDADEVERHAT_SP00_dad hat_Phrase_Nguyen_280526,FATHERDAY_BESTDADEVERHAT_SP00_dad hat_Phrase_Nguyen_280526,,,,,,dad hat,,,,Enabled,,,,,,0.4,,,,,,,
Sponsored Products,Product Ad,Create,FATHERDAY_BESTDADEVERHAT_SP00_dad hat_Phrase_Nguyen_280526,FATHERDAY_BESTDADEVERHAT_SP00_dad hat_Phrase_Nguyen_280526,,,,,,,,,,Enabled,,FATHERDAY_BESTDADEVERHAT,,,,,,,,,,,
Sponsored Products,Keyword,Create,FATHERDAY_BESTDADEVERHAT_SP00_dad hat_Phrase_Nguyen_280526,FATHERDAY_BESTDADEVERHAT_SP00_dad hat_Phrase_Nguyen_280526,,,,,,,,,,Enabled,,,,,,,0.4,dad hat,phrase,,,,
Sponsored Products,Campaign,Create,FATHERDAY_BESTDADEVERHAT_SP00_best dad ever hat B0GY4JSS94_Phrase_Nguyen_280526,,212170875998610,,,,FATHERDAY_BESTDADEVERHAT_SP00_best dad ever hat B0GY4JSS94_Phrase_Nguyen_280526,,20260528,,Manual,Enabled,5.0,,,,,,,,,Dynamic bids - down only,,,
Sponsored Products,Bidding Adjustment,Create,FATHERDAY_BESTDADEVERHAT_SP00_best dad ever hat B0GY4JSS94_Phrase_Nguyen_280526,,,,,,,,,,,Enabled,,,,,,,,,,,Placement Top,0,
Sponsored Products,Bidding Adjustment,Create,FATHERDAY_BESTDADEVERHAT_SP00_best dad ever hat B0GY4JSS94_Phrase_Nguyen_280526,,,,,,,,,,,Enabled,,,,,,,,,,,Placement Product Page,0,
Sponsored Products,Bidding Adjustment,Create,FATHERDAY_BESTDADEVERHAT_SP00_best dad ever hat B0GY4JSS94_Phrase_Nguyen_280526,,,,,,,,,,,Enabled,,,,,,,,,,,Placement Rest Of Search,0,
Sponsored Products,Ad Group,Create,FATHERDAY_BESTDADEVERHAT_SP00_best dad ever hat B0GY4JSS94_Phrase_Nguyen_280526,FATHERDAY_BESTDADEVERHAT_SP00_best dad ever hat B0GY4JSS94_Phrase_Nguyen_280526,,,,,,best dad ever hat (B0GY4JSS94) 0.8,,,,Enabled,,,,,,0.4,,,,,,,
Sponsored Products,Product Ad,Create,FATHERDAY_BESTDADEVERHAT_SP00_best dad ever hat B0GY4JSS94_Phrase_Nguyen_280526,FATHERDAY_BESTDADEVERHAT_SP00_best dad ever hat B0GY4JSS94_Phrase_Nguyen_280526,,,,,,,,,,Enabled,,FATHERDAY_BESTDADEVERHAT,,,,,,,,,,,
Sponsored Products,Keyword,Create,FATHERDAY_BESTDADEVERHAT_SP00_best dad ever hat B0GY4JSS94_Phrase_Nguyen_280526,FATHERDAY_BESTDADEVERHAT_SP00_best dad ever hat B0GY4JSS94_Phrase_Nguyen_280526,,,,,,,,,,Enabled,,,,,,,0.4,best dad ever hat (B0GY4JSS94) 0.8,phrase,,,,
Sponsored Products,Campaign,Create,FATHERDAY_BESTDADEVERHAT_SP00_dadhat_Phrase_Nguyen_280526,,212170875998610,,,,FATHERDAY_BESTDADEVERHAT_SP00_dadhat_Phrase_Nguyen_280526,,20260528,,Manual,Enabled,5.0,,,,,,,,,Dynamic bids - down only,,,
Sponsored Products,Bidding Adjustment,Create,FATHERDAY_BESTDADEVERHAT_SP00_dadhat_Phrase_Nguyen_280526,,,,,,,,,,,Enabled,,,,,,,,,,,Placement Top,0,
Sponsored Products,Bidding Adjustment,Create,FATHERDAY_BESTDADEVERHAT_SP00_dadhat_Phrase_Nguyen_280526,,,,,,,,,,,Enabled,,,,,,,,,,,Placement Product Page,0,
Sponsored Products,Bidding Adjustment,Create,FATHERDAY_BESTDADEVERHAT_SP00_dadhat_Phrase_Nguyen_280526,,,,,,,,,,,Enabled,,,,,,,,,,,Placement Rest Of Search,0,
Sponsored Products,Ad Group,Create,FATHERDAY_BESTDADEVERHAT_SP00_dadhat_Phrase_Nguyen_280526,FATHERDAY_BESTDADEVERHAT_SP00_dadhat_Phrase_Nguyen_280526,,,,,,dadhat,,,,Enabled,,,,,,0.4,,,,,,,
Sponsored Products,Product Ad,Create,FATHERDAY_BESTDADEVERHAT_SP00_dadhat_Phrase_Nguyen_280526,FATHERDAY_BESTDADEVERHAT_SP00_dadhat_Phrase_Nguyen_280526,,,,,,,,,,Enabled,,FATHERDAY_BESTDADEVERHAT,,,,,,,,,,,
Sponsored Products,Keyword,Create,FATHERDAY_BESTDADEVERHAT_SP00_dadhat_Phrase_Nguyen_280526,FATHERDAY_BESTDADEVERHAT_SP00_dadhat_Phrase_Nguyen_280526,,,,,,,,,,Enabled,,,,,,,0.4,dadhat,phrase,,,,
Sponsored Products,Campaign,Create,FATHERDAY_BESTDADEVERHAT_SP00_papa hat_Phrase_Nguyen_280526,,212170875998610,,,,FATHERDAY_BESTDADEVERHAT_SP00_papa hat_Phrase_Nguyen_280526,,20260528,,Manual,Enabled,5.0,,,,,,,,,Dynamic bids - down only,,,
Sponsored Products,Bidding Adjustment,Create,FATHERDAY_BESTDADEVERHAT_SP00_papa hat_Phrase_Nguyen_280526,,,,,,,,,,,Enabled,,,,,,,,,,,Placement Top,0,
Sponsored Products,Bidding Adjustment,Create,FATHERDAY_BESTDADEVERHAT_SP00_papa hat_Phrase_Nguyen_280526,,,,,,,,,,,Enabled,,,,,,,,,,,Placement Product Page,0,
Sponsored Products,Bidding Adjustment,Create,FATHERDAY_BESTDADEVERHAT_SP00_papa hat_Phrase_Nguyen_280526,,,,,,,,,,,Enabled,,,,,,,,,,,Placement Rest Of Search,0,
Sponsored Products,Ad Group,Create,FATHERDAY_BESTDADEVERHAT_SP00_papa hat_Phrase_Nguyen_280526,FATHERDAY_BESTDADEVERHAT_SP00_papa hat_Phrase_Nguyen_280526,,,,,,papa hat,,,,Enabled,,,,,,0.4,,,,,,,
Sponsored Products,Product Ad,Create,FATHERDAY_BESTDADEVERHAT_SP00_papa hat_Phrase_Nguyen_280526,FATHERDAY_BESTDADEVERHAT_SP00_papa hat_Phrase_Nguyen_280526,,,,,,,,,,Enabled,,FATHERDAY_BESTDADEVERHAT,,,,,,,,,,,
Sponsored Products,Keyword,Create,FATHERDAY_BESTDADEVERHAT_SP00_papa hat_Phrase_Nguyen_280526,FATHERDAY_BESTDADEVERHAT_SP00_papa hat_Phrase_Nguyen_280526,,,,,,,,,,Enabled,,,,,,,0.4,papa hat,phrase,,,,
Sponsored Products,Campaign,Create,FATHERDAY_BESTDADEVERHAT_SP00_dad hats for men_Phrase_Nguyen_280526,,212170875998610,,,,FATHERDAY_BESTDADEVERHAT_SP00_dad hats for men_Phrase_Nguyen_280526,,20260528,,Manual,Enabled,5.0,,,,,,,,,Dynamic bids - down only,,,
Sponsored Products,Bidding Adjustment,Create,FATHERDAY_BESTDADEVERHAT_SP00_dad hats for men_Phrase_Nguyen_280526,,,,,,,,,,,Enabled,,,,,,,,,,,Placement Top,0,
Sponsored Products,Bidding Adjustment,Create,FATHERDAY_BESTDADEVERHAT_SP00_dad hats for men_Phrase_Nguyen_280526,,,,,,,,,,,Enabled,,,,,,,,,,,Placement Product Page,0,
Sponsored Products,Bidding Adjustment,Create,FATHERDAY_BESTDADEVERHAT_SP00_dad hats for men_Phrase_Nguyen_280526,,,,,,,,,,,Enabled,,,,,,,,,,,Placement Rest Of Search,0,
Sponsored Products,Ad Group,Create,FATHERDAY_BESTDADEVERHAT_SP00_dad hats for men_Phrase_Nguyen_280526,FATHERDAY_BESTDADEVERHAT_SP00_dad hats for men_Phrase_Nguyen_280526,,,,,,dad hats for men,,,,Enabled,,,,,,0.4,,,,,,,
Sponsored Products,Product Ad,Create,FATHERDAY_BESTDADEVERHAT_SP00_dad hats for men_Phrase_Nguyen_280526,FATHERDAY_BESTDADEVERHAT_SP00_dad hats for men_Phrase_Nguyen_280526,,,,,,,,,,Enabled,,FATHERDAY_BESTDADEVERHAT,,,,,,,,,,,
Sponsored Products,Keyword,Create,FATHERDAY_BESTDADEVERHAT_SP00_dad hats for men_Phrase_Nguyen_280526,FATHERDAY_BESTDADEVERHAT_SP00_dad hats for men_Phrase_Nguyen_280526,,,,,,,,,,Enabled,,,,,,,0.4,dad hats for men,phrase,,,,
Sponsored Products,Campaign,Create,FATHERDAY_BESTDADEVERHAT_SP00_dad cap_Phrase_Nguyen_280526,,212170875998610,,,,FATHERDAY_BESTDADEVERHAT_SP00_dad cap_Phrase_Nguyen_280526,,20260528,,Manual,Enabled,5.0,,,,,,,,,Dynamic bids - down only,,,
Sponsored Products,Bidding Adjustment,Create,FATHERDAY_BESTDADEVERHAT_SP00_dad cap_Phrase_Nguyen_280526,,,,,,,,,,,Enabled,,,,,,,,,,,Placement Top,0,
Sponsored Products,Bidding Adjustment,Create,FATHERDAY_BESTDADEVERHAT_SP00_dad cap_Phrase_Nguyen_280526,,,,,,,,,,,Enabled,,,,,,,,,,,Placement Product Page,0,
Sponsored Products,Bidding Adjustment,Create,FATHERDAY_BESTDADEVERHAT_SP00_dad cap_Phrase_Nguyen_280526,,,,,,,,,,,Enabled,,,,,,,,,,,Placement Rest Of Search,0,
Sponsored Products,Ad Group,Create,FATHERDAY_BESTDADEVERHAT_SP00_dad cap_Phrase_Nguyen_280526,FATHERDAY_BESTDADEVERHAT_SP00_dad cap_Phrase_Nguyen_280526,,,,,,dad cap,,,,Enabled,,,,,,0.4,,,,,,,
Sponsored Products,Product Ad,Create,FATHERDAY_BESTDADEVERHAT_SP00_dad cap_Phrase_Nguyen_280526,FATHERDAY_BESTDADEVERHAT_SP00_dad cap_Phrase_Nguyen_280526,,,,,,,,,,Enabled,,FATHERDAY_BESTDADEVERHAT,,,,,,,,,,,
Sponsored Products,Keyword,Create,FATHERDAY_BESTDADEVERHAT_SP00_dad cap_Phrase_Nguyen_280526,FATHERDAY_BESTDADEVERHAT_SP00_dad cap_Phrase_Nguyen_280526,,,,,,,,,,Enabled,,,,,,,0.4,dad cap,phrase,,,,
Sponsored Products,Campaign,Create,FATHERDAY_BESTDADEVERHAT_SP00_camo dad hat_Phrase_Nguyen_280526,,212170875998610,,,,FATHERDAY_BESTDADEVERHAT_SP00_camo dad hat_Phrase_Nguyen_280526,,20260528,,Manual,Enabled,5.0,,,,,,,,,Dynamic bids - down only,,,
Sponsored Products,Bidding Adjustment,Create,FATHERDAY_BESTDADEVERHAT_SP00_camo dad hat_Phrase_Nguyen_280526,,,,,,,,,,,Enabled,,,,,,,,,,,Placement Top,0,
Sponsored Products,Bidding Adjustment,Create,FATHERDAY_BESTDADEVERHAT_SP00_camo dad hat_Phrase_Nguyen_280526,,,,,,,,,,,Enabled,,,,,,,,,,,Placement Product Page,0,
Sponsored Products,Bidding Adjustment,Create,FATHERDAY_BESTDADEVERHAT_SP00_camo dad hat_Phrase_Nguyen_280526,,,,,,,,,,,Enabled,,,,,,,,,,,Placement Rest Of Search,0,
Sponsored Products,Ad Group,Create,FATHERDAY_BESTDADEVERHAT_SP00_camo dad hat_Phrase_Nguyen_280526,FATHERDAY_BESTDADEVERHAT_SP00_camo dad hat_Phrase_Nguyen_280526,,,,,,camo dad hat,,,,Enabled,,,,,,0.4,,,,,,,
Sponsored Products,Product Ad,Create,FATHERDAY_BESTDADEVERHAT_SP00_camo dad hat_Phrase_Nguyen_280526,FATHERDAY_BESTDADEVERHAT_SP00_camo dad hat_Phrase_Nguyen_280526,,,,,,,,,,Enabled,,FATHERDAY_BESTDADEVERHAT,,,,,,,,,,,
Sponsored Products,Keyword,Create,FATHERDAY_BESTDADEVERHAT_SP00_camo dad hat_Phrase_Nguyen_280526,FATHERDAY_BESTDADEVERHAT_SP00_camo dad hat_Phrase_Nguyen_280526,,,,,,,,,,Enabled,,,,,,,0.4,camo dad hat,phrase,,,,
Sponsored Products,Campaign,Create,FATHERDAY_BESTDADEVERHAT_SP00_best dad hat_Phrase_Nguyen_280526,,212170875998610,,,,FATHERDAY_BESTDADEVERHAT_SP00_best dad hat_Phrase_Nguyen_280526,,20260528,,Manual,Enabled,5.0,,,,,,,,,Dynamic bids - down only,,,
Sponsored Products,Bidding Adjustment,Create,FATHERDAY_BESTDADEVERHAT_SP00_best dad hat_Phrase_Nguyen_280526,,,,,,,,,,,Enabled,,,,,,,,,,,Placement Top,0,
Sponsored Products,Bidding Adjustment,Create,FATHERDAY_BESTDADEVERHAT_SP00_best dad hat_Phrase_Nguyen_280526,,,,,,,,,,,Enabled,,,,,,,,,,,Placement Product Page,0,
Sponsored Products,Bidding Adjustment,Create,FATHERDAY_BESTDADEVERHAT_SP00_best dad hat_Phrase_Nguyen_280526,,,,,,,,,,,Enabled,,,,,,,,,,,Placement Rest Of Search,0,
Sponsored Products,Ad Group,Create,FATHERDAY_BESTDADEVERHAT_SP00_best dad hat_Phrase_Nguyen_280526,FATHERDAY_BESTDADEVERHAT_SP00_best dad hat_Phrase_Nguyen_280526,,,,,,best dad hat,,,,Enabled,,,,,,0.4,,,,,,,
Sponsored Products,Product Ad,Create,FATHERDAY_BESTDADEVERHAT_SP00_best dad hat_Phrase_Nguyen_280526,FATHERDAY_BESTDADEVERHAT_SP00_best dad hat_Phrase_Nguyen_280526,,,,,,,,,,Enabled,,FATHERDAY_BESTDADEVERHAT,,,,,,,,,,,
Sponsored Products,Keyword,Create,FATHERDAY_BESTDADEVERHAT_SP00_best dad hat_Phrase_Nguyen_280526,FATHERDAY_BESTDADEVERHAT_SP00_best dad hat_Phrase_Nguyen_280526,,,,,,,,,,Enabled,,,,,,,0.4,best dad hat,phrase,,,,
Sponsored Products,Campaign,Create,FATHERDAY_BESTDADEVERHAT_SP00_daddy hats men B0GY4JSS94_Phrase_Nguyen_280526,,212170875998610,,,,FATHERDAY_BESTDADEVERHAT_SP00_daddy hats men B0GY4JSS94_Phrase_Nguyen_280526,,20260528,,Manual,Enabled,5.0,,,,,,,,,Dynamic bids - down only,,,
Sponsored Products,Bidding Adjustment,Create,FATHERDAY_BESTDADEVERHAT_SP00_daddy hats men B0GY4JSS94_Phrase_Nguyen_280526,,,,,,,,,,,Enabled,,,,,,,,,,,Placement Top,0,
Sponsored Products,Bidding Adjustment,Create,FATHERDAY_BESTDADEVERHAT_SP00_daddy hats men B0GY4JSS94_Phrase_Nguyen_280526,,,,,,,,,,,Enabled,,,,,,,,,,,Placement Product Page,0,
Sponsored Products,Bidding Adjustment,Create,FATHERDAY_BESTDADEVERHAT_SP00_daddy hats men B0GY4JSS94_Phrase_Nguyen_280526,,,,,,,,,,,Enabled,,,,,,,,,,,Placement Rest Of Search,0,
Sponsored Products,Ad Group,Create,FATHERDAY_BESTDADEVERHAT_SP00_daddy hats men B0GY4JSS94_Phrase_Nguyen_280526,FATHERDAY_BESTDADEVERHAT_SP00_daddy hats men B0GY4JSS94_Phrase_Nguyen_280526,,,,,,daddy hats men (B0GY4JSS94),,,,Enabled,,,,,,0.4,,,,,,,
Sponsored Products,Product Ad,Create,FATHERDAY_BESTDADEVERHAT_SP00_daddy hats men B0GY4JSS94_Phrase_Nguyen_280526,FATHERDAY_BESTDADEVERHAT_SP00_daddy hats men B0GY4JSS94_Phrase_Nguyen_280526,,,,,,,,,,Enabled,,FATHERDAY_BESTDADEVERHAT,,,,,,,,,,,
Sponsored Products,Keyword,Create,FATHERDAY_BESTDADEVERHAT_SP00_daddy hats men B0GY4JSS94_Phrase_Nguyen_280526,FATHERDAY_BESTDADEVERHAT_SP00_daddy hats men B0GY4JSS94_Phrase_Nguyen_280526,,,,,,,,,,Enabled,,,,,,,0.4,daddy hats men (B0GY4JSS94),phrase,,,,
Sponsored Products,Campaign,Create,FATHERDAY_BESTDADEVERHAT_SP00_mens dad hat_Phrase_Nguyen_280526,,212170875998610,,,,FATHERDAY_BESTDADEVERHAT_SP00_mens dad hat_Phrase_Nguyen_280526,,20260528,,Manual,Enabled,5.0,,,,,,,,,Dynamic bids - down only,,,
Sponsored Products,Bidding Adjustment,Create,FATHERDAY_BESTDADEVERHAT_SP00_mens dad hat_Phrase_Nguyen_280526,,,,,,,,,,,Enabled,,,,,,,,,,,Placement Top,0,
Sponsored Products,Bidding Adjustment,Create,FATHERDAY_BESTDADEVERHAT_SP00_mens dad hat_Phrase_Nguyen_280526,,,,,,,,,,,Enabled,,,,,,,,,,,Placement Product Page,0,
Sponsored Products,Bidding Adjustment,Create,FATHERDAY_BESTDADEVERHAT_SP00_mens dad hat_Phrase_Nguyen_280526,,,,,,,,,,,Enabled,,,,,,,,,,,Placement Rest Of Search,0,
Sponsored Products,Ad Group,Create,FATHERDAY_BESTDADEVERHAT_SP00_mens dad hat_Phrase_Nguyen_280526,FATHERDAY_BESTDADEVERHAT_SP00_mens dad hat_Phrase_Nguyen_280526,,,,,,mens dad hat,,,,Enabled,,,,,,0.4,,,,,,,
Sponsored Products,Product Ad,Create,FATHERDAY_BESTDADEVERHAT_SP00_mens dad hat_Phrase_Nguyen_280526,FATHERDAY_BESTDADEVERHAT_SP00_mens dad hat_Phrase_Nguyen_280526,,,,,,,,,,Enabled,,FATHERDAY_BESTDADEVERHAT,,,,,,,,,,,
Sponsored Products,Keyword,Create,FATHERDAY_BESTDADEVERHAT_SP00_mens dad hat_Phrase_Nguyen_280526,FATHERDAY_BESTDADEVERHAT_SP00_mens dad hat_Phrase_Nguyen_280526,,,,,,,,,,Enabled,,,,,,,0.4,mens dad hat,phrase,,,,
Sponsored Products,Campaign,Create,FATHERDAY_BESTDADEVERHAT_SP00_dad hat_Broad_Nguyen_280526,,212170875998610,,,,FATHERDAY_BESTDADEVERHAT_SP00_dad hat_Broad_Nguyen_280526,,20260528,,Manual,Enabled,5.0,,,,,,,,,Dynamic bids - down only,,,
Sponsored Products,Bidding Adjustment,Create,FATHERDAY_BESTDADEVERHAT_SP00_dad hat_Broad_Nguyen_280526,,,,,,,,,,,Enabled,,,,,,,,,,,Placement Top,0,
Sponsored Products,Bidding Adjustment,Create,FATHERDAY_BESTDADEVERHAT_SP00_dad hat_Broad_Nguyen_280526,,,,,,,,,,,Enabled,,,,,,,,,,,Placement Product Page,0,
Sponsored Products,Bidding Adjustment,Create,FATHERDAY_BESTDADEVERHAT_SP00_dad hat_Broad_Nguyen_280526,,,,,,,,,,,Enabled,,,,,,,,,,,Placement Rest Of Search,0,
Sponsored Products,Ad Group,Create,FATHERDAY_BESTDADEVERHAT_SP00_dad hat_Broad_Nguyen_280526,FATHERDAY_BESTDADEVERHAT_SP00_dad hat_Broad_Nguyen_280526,,,,,,dad hat,,,,Enabled,,,,,,0.3,,,,,,,
Sponsored Products,Product Ad,Create,FATHERDAY_BESTDADEVERHAT_SP00_dad hat_Broad_Nguyen_280526,FATHERDAY_BESTDADEVERHAT_SP00_dad hat_Broad_Nguyen_280526,,,,,,,,,,Enabled,,FATHERDAY_BESTDADEVERHAT,,,,,,,,,,,
Sponsored Products,Keyword,Create,FATHERDAY_BESTDADEVERHAT_SP00_dad hat_Broad_Nguyen_280526,FATHERDAY_BESTDADEVERHAT_SP00_dad hat_Broad_Nguyen_280526,,,,,,,,,,Enabled,,,,,,,0.3,dad hat,broad,,,,
Sponsored Products,Campaign,Create,FATHERDAY_BESTDADEVERHAT_SP00_best dad ever hat B0GY4JSS94_Broad_Nguyen_280526,,212170875998610,,,,FATHERDAY_BESTDADEVERHAT_SP00_best dad ever hat B0GY4JSS94_Broad_Nguyen_280526,,20260528,,Manual,Enabled,5.0,,,,,,,,,Dynamic bids - down only,,,
Sponsored Products,Bidding Adjustment,Create,FATHERDAY_BESTDADEVERHAT_SP00_best dad ever hat B0GY4JSS94_Broad_Nguyen_280526,,,,,,,,,,,Enabled,,,,,,,,,,,Placement Top,0,
Sponsored Products,Bidding Adjustment,Create,FATHERDAY_BESTDADEVERHAT_SP00_best dad ever hat B0GY4JSS94_Broad_Nguyen_280526,,,,,,,,,,,Enabled,,,,,,,,,,,Placement Product Page,0,
Sponsored Products,Bidding Adjustment,Create,FATHERDAY_BESTDADEVERHAT_SP00_best dad ever hat B0GY4JSS94_Broad_Nguyen_280526,,,,,,,,,,,Enabled,,,,,,,,,,,Placement Rest Of Search,0,
Sponsored Products,Ad Group,Create,FATHERDAY_BESTDADEVERHAT_SP00_best dad ever hat B0GY4JSS94_Broad_Nguyen_280526,FATHERDAY_BESTDADEVERHAT_SP00_best dad ever hat B0GY4JSS94_Broad_Nguyen_280526,,,,,,best dad ever hat (B0GY4JSS94) 0.8,,,,Enabled,,,,,,0.3,,,,,,,
Sponsored Products,Product Ad,Create,FATHERDAY_BESTDADEVERHAT_SP00_best dad ever hat B0GY4JSS94_Broad_Nguyen_280526,FATHERDAY_BESTDADEVERHAT_SP00_best dad ever hat B0GY4JSS94_Broad_Nguyen_280526,,,,,,,,,,Enabled,,FATHERDAY_BESTDADEVERHAT,,,,,,,,,,,
Sponsored Products,Keyword,Create,FATHERDAY_BESTDADEVERHAT_SP00_best dad ever hat B0GY4JSS94_Broad_Nguyen_280526,FATHERDAY_BESTDADEVERHAT_SP00_best dad ever hat B0GY4JSS94_Broad_Nguyen_280526,,,,,,,,,,Enabled,,,,,,,0.3,best dad ever hat (B0GY4JSS94) 0.8,broad,,,,
Sponsored Products,Campaign,Create,FATHERDAY_BESTDADEVERHAT_SP00_dadhat_Broad_Nguyen_280526,,212170875998610,,,,FATHERDAY_BESTDADEVERHAT_SP00_dadhat_Broad_Nguyen_280526,,20260528,,Manual,Enabled,5.0,,,,,,,,,Dynamic bids - down only,,,
Sponsored Products,Bidding Adjustment,Create,FATHERDAY_BESTDADEVERHAT_SP00_dadhat_Broad_Nguyen_280526,,,,,,,,,,,Enabled,,,,,,,,,,,Placement Top,0,
Sponsored Products,Bidding Adjustment,Create,FATHERDAY_BESTDADEVERHAT_SP00_dadhat_Broad_Nguyen_280526,,,,,,,,,,,Enabled,,,,,,,,,,,Placement Product Page,0,
Sponsored Products,Bidding Adjustment,Create,FATHERDAY_BESTDADEVERHAT_SP00_dadhat_Broad_Nguyen_280526,,,,,,,,,,,Enabled,,,,,,,,,,,Placement Rest Of Search,0,
Sponsored Products,Ad Group,Create,FATHERDAY_BESTDADEVERHAT_SP00_dadhat_Broad_Nguyen_280526,FATHERDAY_BESTDADEVERHAT_SP00_dadhat_Broad_Nguyen_280526,,,,,,dadhat,,,,Enabled,,,,,,0.3,,,,,,,
Sponsored Products,Product Ad,Create,FATHERDAY_BESTDADEVERHAT_SP00_dadhat_Broad_Nguyen_280526,FATHERDAY_BESTDADEVERHAT_SP00_dadhat_Broad_Nguyen_280526,,,,,,,,,,Enabled,,FATHERDAY_BESTDADEVERHAT,,,,,,,,,,,
Sponsored Products,Keyword,Create,FATHERDAY_BESTDADEVERHAT_SP00_dadhat_Broad_Nguyen_280526,FATHERDAY_BESTDADEVERHAT_SP00_dadhat_Broad_Nguyen_280526,,,,,,,,,,Enabled,,,,,,,0.3,dadhat,broad,,,,
Sponsored Products,Campaign,Create,FATHERDAY_BESTDADEVERHAT_SP00_papa hat_Broad_Nguyen_280526,,212170875998610,,,,FATHERDAY_BESTDADEVERHAT_SP00_papa hat_Broad_Nguyen_280526,,20260528,,Manual,Enabled,5.0,,,,,,,,,Dynamic bids - down only,,,
Sponsored Products,Bidding Adjustment,Create,FATHERDAY_BESTDADEVERHAT_SP00_papa hat_Broad_Nguyen_280526,,,,,,,,,,,Enabled,,,,,,,,,,,Placement Top,0,
Sponsored Products,Bidding Adjustment,Create,FATHERDAY_BESTDADEVERHAT_SP00_papa hat_Broad_Nguyen_280526,,,,,,,,,,,Enabled,,,,,,,,,,,Placement Product Page,0,
Sponsored Products,Bidding Adjustment,Create,FATHERDAY_BESTDADEVERHAT_SP00_papa hat_Broad_Nguyen_280526,,,,,,,,,,,Enabled,,,,,,,,,,,Placement Rest Of Search,0,
Sponsored Products,Ad Group,Create,FATHERDAY_BESTDADEVERHAT_SP00_papa hat_Broad_Nguyen_280526,FATHERDAY_BESTDADEVERHAT_SP00_papa hat_Broad_Nguyen_280526,,,,,,papa hat,,,,Enabled,,,,,,0.3,,,,,,,
Sponsored Products,Product Ad,Create,FATHERDAY_BESTDADEVERHAT_SP00_papa hat_Broad_Nguyen_280526,FATHERDAY_BESTDADEVERHAT_SP00_papa hat_Broad_Nguyen_280526,,,,,,,,,,Enabled,,FATHERDAY_BESTDADEVERHAT,,,,,,,,,,,
Sponsored Products,Keyword,Create,FATHERDAY_BESTDADEVERHAT_SP00_papa hat_Broad_Nguyen_280526,FATHERDAY_BESTDADEVERHAT_SP00_papa hat_Broad_Nguyen_280526,,,,,,,,,,Enabled,,,,,,,0.3,papa hat,broad,,,,
Sponsored Products,Campaign,Create,FATHERDAY_BESTDADEVERHAT_SP00_dad hats for men_Broad_Nguyen_280526,,212170875998610,,,,FATHERDAY_BESTDADEVERHAT_SP00_dad hats for men_Broad_Nguyen_280526,,20260528,,Manual,Enabled,5.0,,,,,,,,,Dynamic bids - down only,,,
Sponsored Products,Bidding Adjustment,Create,FATHERDAY_BESTDADEVERHAT_SP00_dad hats for men_Broad_Nguyen_280526,,,,,,,,,,,Enabled,,,,,,,,,,,Placement Top,0,
Sponsored Products,Bidding Adjustment,Create,FATHERDAY_BESTDADEVERHAT_SP00_dad hats for men_Broad_Nguyen_280526,,,,,,,,,,,Enabled,,,,,,,,,,,Placement Product Page,0,
Sponsored Products,Bidding Adjustment,Create,FATHERDAY_BESTDADEVERHAT_SP00_dad hats for men_Broad_Nguyen_280526,,,,,,,,,,,Enabled,,,,,,,,,,,Placement Rest Of Search,0,
Sponsored Products,Ad Group,Create,FATHERDAY_BESTDADEVERHAT_SP00_dad hats for men_Broad_Nguyen_280526,FATHERDAY_BESTDADEVERHAT_SP00_dad hats for men_Broad_Nguyen_280526,,,,,,dad hats for men,,,,Enabled,,,,,,0.3,,,,,,,
Sponsored Products,Product Ad,Create,FATHERDAY_BESTDADEVERHAT_SP00_dad hats for men_Broad_Nguyen_280526,FATHERDAY_BESTDADEVERHAT_SP00_dad hats for men_Broad_Nguyen_280526,,,,,,,,,,Enabled,,FATHERDAY_BESTDADEVERHAT,,,,,,,,,,,
Sponsored Products,Keyword,Create,FATHERDAY_BESTDADEVERHAT_SP00_dad hats for men_Broad_Nguyen_280526,FATHERDAY_BESTDADEVERHAT_SP00_dad hats for men_Broad_Nguyen_280526,,,,,,,,,,Enabled,,,,,,,0.3,dad hats for men,broad,,,,
Sponsored Products,Campaign,Create,FATHERDAY_BESTDADEVERHAT_SP00_dad cap_Broad_Nguyen_280526,,212170875998610,,,,FATHERDAY_BESTDADEVERHAT_SP00_dad cap_Broad_Nguyen_280526,,20260528,,Manual,Enabled,5.0,,,,,,,,,Dynamic bids - down only,,,
Sponsored Products,Bidding Adjustment,Create,FATHERDAY_BESTDADEVERHAT_SP00_dad cap_Broad_Nguyen_280526,,,,,,,,,,,Enabled,,,,,,,,,,,Placement Top,0,
Sponsored Products,Bidding Adjustment,Create,FATHERDAY_BESTDADEVERHAT_SP00_dad cap_Broad_Nguyen_280526,,,,,,,,,,,Enabled,,,,,,,,,,,Placement Product Page,0,
Sponsored Products,Bidding Adjustment,Create,FATHERDAY_BESTDADEVERHAT_SP00_dad cap_Broad_Nguyen_280526,,,,,,,,,,,Enabled,,,,,,,,,,,Placement Rest Of Search,0,
Sponsored Products,Ad Group,Create,FATHERDAY_BESTDADEVERHAT_SP00_dad cap_Broad_Nguyen_280526,FATHERDAY_BESTDADEVERHAT_SP00_dad cap_Broad_Nguyen_280526,,,,,,dad cap,,,,Enabled,,,,,,0.3,,,,,,,
Sponsored Products,Product Ad,Create,FATHERDAY_BESTDADEVERHAT_SP00_dad cap_Broad_Nguyen_280526,FATHERDAY_BESTDADEVERHAT_SP00_dad cap_Broad_Nguyen_280526,,,,,,,,,,Enabled,,FATHERDAY_BESTDADEVERHAT,,,,,,,,,,,
Sponsored Products,Keyword,Create,FATHERDAY_BESTDADEVERHAT_SP00_dad cap_Broad_Nguyen_280526,FATHERDAY_BESTDADEVERHAT_SP00_dad cap_Broad_Nguyen_280526,,,,,,,,,,Enabled,,,,,,,0.3,dad cap,broad,,,,
Sponsored Products,Campaign,Create,FATHERDAY_BESTDADEVERHAT_SP00_camo dad hat_Broad_Nguyen_280526,,212170875998610,,,,FATHERDAY_BESTDADEVERHAT_SP00_camo dad hat_Broad_Nguyen_280526,,20260528,,Manual,Enabled,5.0,,,,,,,,,Dynamic bids - down only,,,
Sponsored Products,Bidding Adjustment,Create,FATHERDAY_BESTDADEVERHAT_SP00_camo dad hat_Broad_Nguyen_280526,,,,,,,,,,,Enabled,,,,,,,,,,,Placement Top,0,
Sponsored Products,Bidding Adjustment,Create,FATHERDAY_BESTDADEVERHAT_SP00_camo dad hat_Broad_Nguyen_280526,,,,,,,,,,,Enabled,,,,,,,,,,,Placement Product Page,0,
Sponsored Products,Bidding Adjustment,Create,FATHERDAY_BESTDADEVERHAT_SP00_camo dad hat_Broad_Nguyen_280526,,,,,,,,,,,Enabled,,,,,,,,,,,Placement Rest Of Search,0,
Sponsored Products,Ad Group,Create,FATHERDAY_BESTDADEVERHAT_SP00_camo dad hat_Broad_Nguyen_280526,FATHERDAY_BESTDADEVERHAT_SP00_camo dad hat_Broad_Nguyen_280526,,,,,,camo dad hat,,,,Enabled,,,,,,0.3,,,,,,,
Sponsored Products,Product Ad,Create,FATHERDAY_BESTDADEVERHAT_SP00_camo dad hat_Broad_Nguyen_280526,FATHERDAY_BESTDADEVERHAT_SP00_camo dad hat_Broad_Nguyen_280526,,,,,,,,,,Enabled,,FATHERDAY_BESTDADEVERHAT,,,,,,,,,,,
Sponsored Products,Keyword,Create,FATHERDAY_BESTDADEVERHAT_SP00_camo dad hat_Broad_Nguyen_280526,FATHERDAY_BESTDADEVERHAT_SP00_camo dad hat_Broad_Nguyen_280526,,,,,,,,,,Enabled,,,,,,,0.3,camo dad hat,broad,,,,
Sponsored Products,Campaign,Create,FATHERDAY_BESTDADEVERHAT_SP00_best dad hat_Broad_Nguyen_280526,,212170875998610,,,,FATHERDAY_BESTDADEVERHAT_SP00_best dad hat_Broad_Nguyen_280526,,20260528,,Manual,Enabled,5.0,,,,,,,,,Dynamic bids - down only,,,
Sponsored Products,Bidding Adjustment,Create,FATHERDAY_BESTDADEVERHAT_SP00_best dad hat_Broad_Nguyen_280526,,,,,,,,,,,Enabled,,,,,,,,,,,Placement Top,0,
Sponsored Products,Bidding Adjustment,Create,FATHERDAY_BESTDADEVERHAT_SP00_best dad hat_Broad_Nguyen_280526,,,,,,,,,,,Enabled,,,,,,,,,,,Placement Product Page,0,
Sponsored Products,Bidding Adjustment,Create,FATHERDAY_BESTDADEVERHAT_SP00_best dad hat_Broad_Nguyen_280526,,,,,,,,,,,Enabled,,,,,,,,,,,Placement Rest Of Search,0,
Sponsored Products,Ad Group,Create,FATHERDAY_BESTDADEVERHAT_SP00_best dad hat_Broad_Nguyen_280526,FATHERDAY_BESTDADEVERHAT_SP00_best dad hat_Broad_Nguyen_280526,,,,,,best dad hat,,,,Enabled,,,,,,0.3,,,,,,,
Sponsored Products,Product Ad,Create,FATHERDAY_BESTDADEVERHAT_SP00_best dad hat_Broad_Nguyen_280526,FATHERDAY_BESTDADEVERHAT_SP00_best dad hat_Broad_Nguyen_280526,,,,,,,,,,Enabled,,FATHERDAY_BESTDADEVERHAT,,,,,,,,,,,
Sponsored Products,Keyword,Create,FATHERDAY_BESTDADEVERHAT_SP00_best dad hat_Broad_Nguyen_280526,FATHERDAY_BESTDADEVERHAT_SP00_best dad hat_Broad_Nguyen_280526,,,,,,,,,,Enabled,,,,,,,0.3,best dad hat,broad,,,,
Sponsored Products,Campaign,Create,FATHERDAY_BESTDADEVERHAT_SP00_daddy hats men B0GY4JSS94_Broad_Nguyen_280526,,212170875998610,,,,FATHERDAY_BESTDADEVERHAT_SP00_daddy hats men B0GY4JSS94_Broad_Nguyen_280526,,20260528,,Manual,Enabled,5.0,,,,,,,,,Dynamic bids - down only,,,
Sponsored Products,Bidding Adjustment,Create,FATHERDAY_BESTDADEVERHAT_SP00_daddy hats men B0GY4JSS94_Broad_Nguyen_280526,,,,,,,,,,,Enabled,,,,,,,,,,,Placement Top,0,
Sponsored Products,Bidding Adjustment,Create,FATHERDAY_BESTDADEVERHAT_SP00_daddy hats men B0GY4JSS94_Broad_Nguyen_280526,,,,,,,,,,,Enabled,,,,,,,,,,,Placement Product Page,0,
Sponsored Products,Bidding Adjustment,Create,FATHERDAY_BESTDADEVERHAT_SP00_daddy hats men B0GY4JSS94_Broad_Nguyen_280526,,,,,,,,,,,Enabled,,,,,,,,,,,Placement Rest Of Search,0,
Sponsored Products,Ad Group,Create,FATHERDAY_BESTDADEVERHAT_SP00_daddy hats men B0GY4JSS94_Broad_Nguyen_280526,FATHERDAY_BESTDADEVERHAT_SP00_daddy hats men B0GY4JSS94_Broad_Nguyen_280526,,,,,,daddy hats men (B0GY4JSS94),,,,Enabled,,,,,,0.3,,,,,,,
Sponsored Products,Product Ad,Create,FATHERDAY_BESTDADEVERHAT_SP00_daddy hats men B0GY4JSS94_Broad_Nguyen_280526,FATHERDAY_BESTDADEVERHAT_SP00_daddy hats men B0GY4JSS94_Broad_Nguyen_280526,,,,,,,,,,Enabled,,FATHERDAY_BESTDADEVERHAT,,,,,,,,,,,
Sponsored Products,Keyword,Create,FATHERDAY_BESTDADEVERHAT_SP00_daddy hats men B0GY4JSS94_Broad_Nguyen_280526,FATHERDAY_BESTDADEVERHAT_SP00_daddy hats men B0GY4JSS94_Broad_Nguyen_280526,,,,,,,,,,Enabled,,,,,,,0.3,daddy hats men (B0GY4JSS94),broad,,,,
Sponsored Products,Campaign,Create,FATHERDAY_BESTDADEVERHAT_SP00_mens dad hat_Broad_Nguyen_280526,,212170875998610,,,,FATHERDAY_BESTDADEVERHAT_SP00_mens dad hat_Broad_Nguyen_280526,,20260528,,Manual,Enabled,5.0,,,,,,,,,Dynamic bids - down only,,,
Sponsored Products,Bidding Adjustment,Create,FATHERDAY_BESTDADEVERHAT_SP00_mens dad hat_Broad_Nguyen_280526,,,,,,,,,,,Enabled,,,,,,,,,,,Placement Top,0,
Sponsored Products,Bidding Adjustment,Create,FATHERDAY_BESTDADEVERHAT_SP00_mens dad hat_Broad_Nguyen_280526,,,,,,,,,,,Enabled,,,,,,,,,,,Placement Product Page,0,
Sponsored Products,Bidding Adjustment,Create,FATHERDAY_BESTDADEVERHAT_SP00_mens dad hat_Broad_Nguyen_280526,,,,,,,,,,,Enabled,,,,,,,,,,,Placement Rest Of Search,0,
Sponsored Products,Ad Group,Create,FATHERDAY_BESTDADEVERHAT_SP00_mens dad hat_Broad_Nguyen_280526,FATHERDAY_BESTDADEVERHAT_SP00_mens dad hat_Broad_Nguyen_280526,,,,,,mens dad hat,,,,Enabled,,,,,,0.3,,,,,,,
Sponsored Products,Product Ad,Create,FATHERDAY_BESTDADEVERHAT_SP00_mens dad hat_Broad_Nguyen_280526,FATHERDAY_BESTDADEVERHAT_SP00_mens dad hat_Broad_Nguyen_280526,,,,,,,,,,Enabled,,FATHERDAY_BESTDADEVERHAT,,,,,,,,,,,
Sponsored Products,Keyword,Create,FATHERDAY_BESTDADEVERHAT_SP00_mens dad hat_Broad_Nguyen_280526,FATHERDAY_BESTDADEVERHAT_SP00_mens dad hat_Broad_Nguyen_280526,,,,,,,,,,Enabled,,,,,,,0.3,mens dad hat,broad,,,,
Sponsored Products,Campaign,Create,FATHERDAY_BESTDADEVERHAT_SP00_fathers day hat_Broad_Nguyen_280526,,212170875998610,,,,FATHERDAY_BESTDADEVERHAT_SP00_fathers day hat_Broad_Nguyen_280526,,20260528,,Manual,Enabled,5.0,,,,,,,,,Dynamic bids - down only,,,
Sponsored Products,Bidding Adjustment,Create,FATHERDAY_BESTDADEVERHAT_SP00_fathers day hat_Broad_Nguyen_280526,,,,,,,,,,,Enabled,,,,,,,,,,,Placement Top,0,
Sponsored Products,Bidding Adjustment,Create,FATHERDAY_BESTDADEVERHAT_SP00_fathers day hat_Broad_Nguyen_280526,,,,,,,,,,,Enabled,,,,,,,,,,,Placement Product Page,0,
Sponsored Products,Bidding Adjustment,Create,FATHERDAY_BESTDADEVERHAT_SP00_fathers day hat_Broad_Nguyen_280526,,,,,,,,,,,Enabled,,,,,,,,,,,Placement Rest Of Search,0,
Sponsored Products,Ad Group,Create,FATHERDAY_BESTDADEVERHAT_SP00_fathers day hat_Broad_Nguyen_280526,FATHERDAY_BESTDADEVERHAT_SP00_fathers day hat_Broad_Nguyen_280526,,,,,,fathers day hat,,,,Enabled,,,,,,0.3,,,,,,,
Sponsored Products,Product Ad,Create,FATHERDAY_BESTDADEVERHAT_SP00_fathers day hat_Broad_Nguyen_280526,FATHERDAY_BESTDADEVERHAT_SP00_fathers day hat_Broad_Nguyen_280526,,,,,,,,,,Enabled,,FATHERDAY_BESTDADEVERHAT,,,,,,,,,,,
Sponsored Products,Keyword,Create,FATHERDAY_BESTDADEVERHAT_SP00_fathers day hat_Broad_Nguyen_280526,FATHERDAY_BESTDADEVERHAT_SP00_fathers day hat_Broad_Nguyen_280526,,,,,,,,,,Enabled,,,,,,,0.3,fathers day hat,broad,,,,
Sponsored Products,Campaign,Create,FATHERDAY_BESTDADEVERHAT_SP00_mens fathers day hat_Broad_Nguyen_280526,,212170875998610,,,,FATHERDAY_BESTDADEVERHAT_SP00_mens fathers day hat_Broad_Nguyen_280526,,20260528,,Manual,Enabled,5.0,,,,,,,,,Dynamic bids - down only,,,
Sponsored Products,Bidding Adjustment,Create,FATHERDAY_BESTDADEVERHAT_SP00_mens fathers day hat_Broad_Nguyen_280526,,,,,,,,,,,Enabled,,,,,,,,,,,Placement Top,0,
Sponsored Products,Bidding Adjustment,Create,FATHERDAY_BESTDADEVERHAT_SP00_mens fathers day hat_Broad_Nguyen_280526,,,,,,,,,,,Enabled,,,,,,,,,,,Placement Product Page,0,
Sponsored Products,Bidding Adjustment,Create,FATHERDAY_BESTDADEVERHAT_SP00_mens fathers day hat_Broad_Nguyen_280526,,,,,,,,,,,Enabled,,,,,,,,,,,Placement Rest Of Search,0,
Sponsored Products,Ad Group,Create,FATHERDAY_BESTDADEVERHAT_SP00_mens fathers day hat_Broad_Nguyen_280526,FATHERDAY_BESTDADEVERHAT_SP00_mens fathers day hat_Broad_Nguyen_280526,,,,,,mens fathers day hat,,,,Enabled,,,,,,0.3,,,,,,,
Sponsored Products,Product Ad,Create,FATHERDAY_BESTDADEVERHAT_SP00_mens fathers day hat_Broad_Nguyen_280526,FATHERDAY_BESTDADEVERHAT_SP00_mens fathers day hat_Broad_Nguyen_280526,,,,,,,,,,Enabled,,FATHERDAY_BESTDADEVERHAT,,,,,,,,,,,
Sponsored Products,Keyword,Create,FATHERDAY_BESTDADEVERHAT_SP00_mens fathers day hat_Broad_Nguyen_280526,FATHERDAY_BESTDADEVERHAT_SP00_mens fathers day hat_Broad_Nguyen_280526,,,,,,,,,,Enabled,,,,,,,0.3,mens fathers day hat,broad,,,,
Sponsored Products,Campaign,Create,FATHERDAY_BESTDADEVERHAT_SP00_fathers day hats_Broad_Nguyen_280526,,212170875998610,,,,FATHERDAY_BESTDADEVERHAT_SP00_fathers day hats_Broad_Nguyen_280526,,20260528,,Manual,Enabled,5.0,,,,,,,,,Dynamic bids - down only,,,
Sponsored Products,Bidding Adjustment,Create,FATHERDAY_BESTDADEVERHAT_SP00_fathers day hats_Broad_Nguyen_280526,,,,,,,,,,,Enabled,,,,,,,,,,,Placement Top,0,
Sponsored Products,Bidding Adjustment,Create,FATHERDAY_BESTDADEVERHAT_SP00_fathers day hats_Broad_Nguyen_280526,,,,,,,,,,,Enabled,,,,,,,,,,,Placement Product Page,0,
Sponsored Products,Bidding Adjustment,Create,FATHERDAY_BESTDADEVERHAT_SP00_fathers day hats_Broad_Nguyen_280526,,,,,,,,,,,Enabled,,,,,,,,,,,Placement Rest Of Search,0,
Sponsored Products,Ad Group,Create,FATHERDAY_BESTDADEVERHAT_SP00_fathers day hats_Broad_Nguyen_280526,FATHERDAY_BESTDADEVERHAT_SP00_fathers day hats_Broad_Nguyen_280526,,,,,,fathers day hats,,,,Enabled,,,,,,0.3,,,,,,,
Sponsored Products,Product Ad,Create,FATHERDAY_BESTDADEVERHAT_SP00_fathers day hats_Broad_Nguyen_280526,FATHERDAY_BESTDADEVERHAT_SP00_fathers day hats_Broad_Nguyen_280526,,,,,,,,,,Enabled,,FATHERDAY_BESTDADEVERHAT,,,,,,,,,,,
Sponsored Products,Keyword,Create,FATHERDAY_BESTDADEVERHAT_SP00_fathers day hats_Broad_Nguyen_280526,FATHERDAY_BESTDADEVERHAT_SP00_fathers day hats_Broad_Nguyen_280526,,,,,,,,,,Enabled,,,,,,,0.3,fathers day hats,broad,,,,
Sponsored Products,Campaign,Create,FATHERDAY_BESTDADEVERHAT_SP00_fathers day baseball cap_Broad_Nguyen_280526,,212170875998610,,,,FATHERDAY_BESTDADEVERHAT_SP00_fathers day baseball cap_Broad_Nguyen_280526,,20260528,,Manual,Enabled,5.0,,,,,,,,,Dynamic bids - down only,,,
Sponsored Products,Bidding Adjustment,Create,FATHERDAY_BESTDADEVERHAT_SP00_fathers day baseball cap_Broad_Nguyen_280526,,,,,,,,,,,Enabled,,,,,,,,,,,Placement Top,0,
Sponsored Products,Bidding Adjustment,Create,FATHERDAY_BESTDADEVERHAT_SP00_fathers day baseball cap_Broad_Nguyen_280526,,,,,,,,,,,Enabled,,,,,,,,,,,Placement Product Page,0,
Sponsored Products,Bidding Adjustment,Create,FATHERDAY_BESTDADEVERHAT_SP00_fathers day baseball cap_Broad_Nguyen_280526,,,,,,,,,,,Enabled,,,,,,,,,,,Placement Rest Of Search,0,
Sponsored Products,Ad Group,Create,FATHERDAY_BESTDADEVERHAT_SP00_fathers day baseball cap_Broad_Nguyen_280526,FATHERDAY_BESTDADEVERHAT_SP00_fathers day baseball cap_Broad_Nguyen_280526,,,,,,fathers day baseball cap,,,,Enabled,,,,,,0.3,,,,,,,
Sponsored Products,Product Ad,Create,FATHERDAY_BESTDADEVERHAT_SP00_fathers day baseball cap_Broad_Nguyen_280526,FATHERDAY_BESTDADEVERHAT_SP00_fathers day baseball cap_Broad_Nguyen_280526,,,,,,,,,,Enabled,,FATHERDAY_BESTDADEVERHAT,,,,,,,,,,,
Sponsored Products,Keyword,Create,FATHERDAY_BESTDADEVERHAT_SP00_fathers day baseball cap_Broad_Nguyen_280526,FATHERDAY_BESTDADEVERHAT_SP00_fathers day baseball cap_Broad_Nguyen_280526,,,,,,,,,,Enabled,,,,,,,0.3,fathers day baseball cap,broad,,,,
Sponsored Products,Campaign,Create,FATHERDAY_BESTDADEVERHAT_SP00_fathers day hats for dad_Broad_Nguyen_280526,,212170875998610,,,,FATHERDAY_BESTDADEVERHAT_SP00_fathers day hats for dad_Broad_Nguyen_280526,,20260528,,Manual,Enabled,5.0,,,,,,,,,Dynamic bids - down only,,,
Sponsored Products,Bidding Adjustment,Create,FATHERDAY_BESTDADEVERHAT_SP00_fathers day hats for dad_Broad_Nguyen_280526,,,,,,,,,,,Enabled,,,,,,,,,,,Placement Top,0,
Sponsored Products,Bidding Adjustment,Create,FATHERDAY_BESTDADEVERHAT_SP00_fathers day hats for dad_Broad_Nguyen_280526,,,,,,,,,,,Enabled,,,,,,,,,,,Placement Product Page,0,
Sponsored Products,Bidding Adjustment,Create,FATHERDAY_BESTDADEVERHAT_SP00_fathers day hats for dad_Broad_Nguyen_280526,,,,,,,,,,,Enabled,,,,,,,,,,,Placement Rest Of Search,0,
Sponsored Products,Ad Group,Create,FATHERDAY_BESTDADEVERHAT_SP00_fathers day hats for dad_Broad_Nguyen_280526,FATHERDAY_BESTDADEVERHAT_SP00_fathers day hats for dad_Broad_Nguyen_280526,,,,,,fathers day hats for dad,,,,Enabled,,,,,,0.3,,,,,,,
Sponsored Products,Product Ad,Create,FATHERDAY_BESTDADEVERHAT_SP00_fathers day hats for dad_Broad_Nguyen_280526,FATHERDAY_BESTDADEVERHAT_SP00_fathers day hats for dad_Broad_Nguyen_280526,,,,,,,,,,Enabled,,FATHERDAY_BESTDADEVERHAT,,,,,,,,,,,
Sponsored Products,Keyword,Create,FATHERDAY_BESTDADEVERHAT_SP00_fathers day hats for dad_Broad_Nguyen_280526,FATHERDAY_BESTDADEVERHAT_SP00_fathers day hats for dad_Broad_Nguyen_280526,,,,,,,,,,Enabled,,,,,,,0.3,fathers day hats for dad,broad,,,,
Sponsored Products,Campaign,Create,FATHERDAY_BESTDADEVERHAT_SP00_best fathers day hat_Broad_Nguyen_280526,,212170875998610,,,,FATHERDAY_BESTDADEVERHAT_SP00_best fathers day hat_Broad_Nguyen_280526,,20260528,,Manual,Enabled,5.0,,,,,,,,,Dynamic bids - down only,,,
Sponsored Products,Bidding Adjustment,Create,FATHERDAY_BESTDADEVERHAT_SP00_best fathers day hat_Broad_Nguyen_280526,,,,,,,,,,,Enabled,,,,,,,,,,,Placement Top,0,
Sponsored Products,Bidding Adjustment,Create,FATHERDAY_BESTDADEVERHAT_SP00_best fathers day hat_Broad_Nguyen_280526,,,,,,,,,,,Enabled,,,,,,,,,,,Placement Product Page,0,
Sponsored Products,Bidding Adjustment,Create,FATHERDAY_BESTDADEVERHAT_SP00_best fathers day hat_Broad_Nguyen_280526,,,,,,,,,,,Enabled,,,,,,,,,,,Placement Rest Of Search,0,
Sponsored Products,Ad Group,Create,FATHERDAY_BESTDADEVERHAT_SP00_best fathers day hat_Broad_Nguyen_280526,FATHERDAY_BESTDADEVERHAT_SP00_best fathers day hat_Broad_Nguyen_280526,,,,,,best fathers day hat,,,,Enabled,,,,,,0.3,,,,,,,
Sponsored Products,Product Ad,Create,FATHERDAY_BESTDADEVERHAT_SP00_best fathers day hat_Broad_Nguyen_280526,FATHERDAY_BESTDADEVERHAT_SP00_best fathers day hat_Broad_Nguyen_280526,,,,,,,,,,Enabled,,FATHERDAY_BESTDADEVERHAT,,,,,,,,,,,
Sponsored Products,Keyword,Create,FATHERDAY_BESTDADEVERHAT_SP00_best fathers day hat_Broad_Nguyen_280526,FATHERDAY_BESTDADEVERHAT_SP00_best fathers day hat_Broad_Nguyen_280526,,,,,,,,,,Enabled,,,,,,,0.3,best fathers day hat,broad,,,,
Sponsored Products,Campaign,Create,FATHERDAY_BESTDADEVERHAT_SP00_fathers day hat_Broad_Nguyen_280526,,212170875998610,,,,FATHERDAY_BESTDADEVERHAT_SP00_fathers day hat_Broad_Nguyen_280526,,20260528,,Manual,Enabled,5.0,,,,,,,,,Dynamic bids - down only,,,
Sponsored Products,Bidding Adjustment,Create,FATHERDAY_BESTDADEVERHAT_SP00_fathers day hat_Broad_Nguyen_280526,,,,,,,,,,,Enabled,,,,,,,,,,,Placement Top,0,
Sponsored Products,Bidding Adjustment,Create,FATHERDAY_BESTDADEVERHAT_SP00_fathers day hat_Broad_Nguyen_280526,,,,,,,,,,,Enabled,,,,,,,,,,,Placement Product Page,0,
Sponsored Products,Bidding Adjustment,Create,FATHERDAY_BESTDADEVERHAT_SP00_fathers day hat_Broad_Nguyen_280526,,,,,,,,,,,Enabled,,,,,,,,,,,Placement Rest Of Search,0,
Sponsored Products,Ad Group,Create,FATHERDAY_BESTDADEVERHAT_SP00_fathers day hat_Broad_Nguyen_280526,FATHERDAY_BESTDADEVERHAT_SP00_fathers day hat_Broad_Nguyen_280526,,,,,,father's day hat,,,,Enabled,,,,,,0.3,,,,,,,
Sponsored Products,Product Ad,Create,FATHERDAY_BESTDADEVERHAT_SP00_fathers day hat_Broad_Nguyen_280526,FATHERDAY_BESTDADEVERHAT_SP00_fathers day hat_Broad_Nguyen_280526,,,,,,,,,,Enabled,,FATHERDAY_BESTDADEVERHAT,,,,,,,,,,,
Sponsored Products,Keyword,Create,FATHERDAY_BESTDADEVERHAT_SP00_fathers day hat_Broad_Nguyen_280526,FATHERDAY_BESTDADEVERHAT_SP00_fathers day hat_Broad_Nguyen_280526,,,,,,,,,,Enabled,,,,,,,0.3,father's day hat,broad,,,,
Sponsored Products,Campaign,Create,FATHERDAY_BESTDADEVERHAT_SP00_happy fathers day hat_Broad_Nguyen_280526,,212170875998610,,,,FATHERDAY_BESTDADEVERHAT_SP00_happy fathers day hat_Broad_Nguyen_280526,,20260528,,Manual,Enabled,5.0,,,,,,,,,Dynamic bids - down only,,,
Sponsored Products,Bidding Adjustment,Create,FATHERDAY_BESTDADEVERHAT_SP00_happy fathers day hat_Broad_Nguyen_280526,,,,,,,,,,,Enabled,,,,,,,,,,,Placement Top,0,
Sponsored Products,Bidding Adjustment,Create,FATHERDAY_BESTDADEVERHAT_SP00_happy fathers day hat_Broad_Nguyen_280526,,,,,,,,,,,Enabled,,,,,,,,,,,Placement Product Page,0,
Sponsored Products,Bidding Adjustment,Create,FATHERDAY_BESTDADEVERHAT_SP00_happy fathers day hat_Broad_Nguyen_280526,,,,,,,,,,,Enabled,,,,,,,,,,,Placement Rest Of Search,0,
Sponsored Products,Ad Group,Create,FATHERDAY_BESTDADEVERHAT_SP00_happy fathers day hat_Broad_Nguyen_280526,FATHERDAY_BESTDADEVERHAT_SP00_happy fathers day hat_Broad_Nguyen_280526,,,,,,happy fathers day hat,,,,Enabled,,,,,,0.3,,,,,,,
Sponsored Products,Product Ad,Create,FATHERDAY_BESTDADEVERHAT_SP00_happy fathers day hat_Broad_Nguyen_280526,FATHERDAY_BESTDADEVERHAT_SP00_happy fathers day hat_Broad_Nguyen_280526,,,,,,,,,,Enabled,,FATHERDAY_BESTDADEVERHAT,,,,,,,,,,,
Sponsored Products,Keyword,Create,FATHERDAY_BESTDADEVERHAT_SP00_happy fathers day hat_Broad_Nguyen_280526,FATHERDAY_BESTDADEVERHAT_SP00_happy fathers day hat_Broad_Nguyen_280526,,,,,,,,,,Enabled,,,,,,,0.3,happy fathers day hat,broad,,,,
Sponsored Products,Campaign,Create,FATHERDAY_BESTDADEVERHAT_SP00_fathers day dad hat_Broad_Nguyen_280526,,212170875998610,,,,FATHERDAY_BESTDADEVERHAT_SP00_fathers day dad hat_Broad_Nguyen_280526,,20260528,,Manual,Enabled,5.0,,,,,,,,,Dynamic bids - down only,,,
Sponsored Products,Bidding Adjustment,Create,FATHERDAY_BESTDADEVERHAT_SP00_fathers day dad hat_Broad_Nguyen_280526,,,,,,,,,,,Enabled,,,,,,,,,,,Placement Top,0,
Sponsored Products,Bidding Adjustment,Create,FATHERDAY_BESTDADEVERHAT_SP00_fathers day dad hat_Broad_Nguyen_280526,,,,,,,,,,,Enabled,,,,,,,,,,,Placement Product Page,0,
Sponsored Products,Bidding Adjustment,Create,FATHERDAY_BESTDADEVERHAT_SP00_fathers day dad hat_Broad_Nguyen_280526,,,,,,,,,,,Enabled,,,,,,,,,,,Placement Rest Of Search,0,
Sponsored Products,Ad Group,Create,FATHERDAY_BESTDADEVERHAT_SP00_fathers day dad hat_Broad_Nguyen_280526,FATHERDAY_BESTDADEVERHAT_SP00_fathers day dad hat_Broad_Nguyen_280526,,,,,,fathers day dad hat,,,,Enabled,,,,,,0.3,,,,,,,
Sponsored Products,Product Ad,Create,FATHERDAY_BESTDADEVERHAT_SP00_fathers day dad hat_Broad_Nguyen_280526,FATHERDAY_BESTDADEVERHAT_SP00_fathers day dad hat_Broad_Nguyen_280526,,,,,,,,,,Enabled,,FATHERDAY_BESTDADEVERHAT,,,,,,,,,,,
Sponsored Products,Keyword,Create,FATHERDAY_BESTDADEVERHAT_SP00_fathers day dad hat_Broad_Nguyen_280526,FATHERDAY_BESTDADEVERHAT_SP00_fathers day dad hat_Broad_Nguyen_280526,,,,,,,,,,Enabled,,,,,,,0.3,fathers day dad hat,broad,,,,
Sponsored Products,Campaign,Create,FATHERDAY_BESTDADEVERHAT_SP00_first fathers day hat_Broad_Nguyen_280526,,212170875998610,,,,FATHERDAY_BESTDADEVERHAT_SP00_first fathers day hat_Broad_Nguyen_280526,,20260528,,Manual,Enabled,5.0,,,,,,,,,Dynamic bids - down only,,,
Sponsored Products,Bidding Adjustment,Create,FATHERDAY_BESTDADEVERHAT_SP00_first fathers day hat_Broad_Nguyen_280526,,,,,,,,,,,Enabled,,,,,,,,,,,Placement Top,0,
Sponsored Products,Bidding Adjustment,Create,FATHERDAY_BESTDADEVERHAT_SP00_first fathers day hat_Broad_Nguyen_280526,,,,,,,,,,,Enabled,,,,,,,,,,,Placement Product Page,0,
Sponsored Products,Bidding Adjustment,Create,FATHERDAY_BESTDADEVERHAT_SP00_first fathers day hat_Broad_Nguyen_280526,,,,,,,,,,,Enabled,,,,,,,,,,,Placement Rest Of Search,0,
Sponsored Products,Ad Group,Create,FATHERDAY_BESTDADEVERHAT_SP00_first fathers day hat_Broad_Nguyen_280526,FATHERDAY_BESTDADEVERHAT_SP00_first fathers day hat_Broad_Nguyen_280526,,,,,,first fathers day hat,,,,Enabled,,,,,,0.3,,,,,,,
Sponsored Products,Product Ad,Create,FATHERDAY_BESTDADEVERHAT_SP00_first fathers day hat_Broad_Nguyen_280526,FATHERDAY_BESTDADEVERHAT_SP00_first fathers day hat_Broad_Nguyen_280526,,,,,,,,,,Enabled,,FATHERDAY_BESTDADEVERHAT,,,,,,,,,,,
Sponsored Products,Keyword,Create,FATHERDAY_BESTDADEVERHAT_SP00_first fathers day hat_Broad_Nguyen_280526,FATHERDAY_BESTDADEVERHAT_SP00_first fathers day hat_Broad_Nguyen_280526,,,,,,,,,,Enabled,,,,,,,0.3,first fathers day hat,broad,,,,
Sponsored Products,Campaign,Create,STK_250_ANNI_2PCS_SP00_SPR00_250 anniversary usa stickers_Exact_Nguyen_280526,,209757982448080,,,,STK_250_ANNI_2PCS_SP00_SPR00_250 anniversary usa stickers_Exact_Nguyen_280526,,20260528,,Manual,Enabled,5.0,,,,,,,,,Dynamic bids - down only,,,
Sponsored Products,Bidding Adjustment,Create,STK_250_ANNI_2PCS_SP00_SPR00_250 anniversary usa stickers_Exact_Nguyen_280526,,,,,,,,,,,Enabled,,,,,,,,,,,Placement Top,0,
Sponsored Products,Bidding Adjustment,Create,STK_250_ANNI_2PCS_SP00_SPR00_250 anniversary usa stickers_Exact_Nguyen_280526,,,,,,,,,,,Enabled,,,,,,,,,,,Placement Product Page,0,
Sponsored Products,Bidding Adjustment,Create,STK_250_ANNI_2PCS_SP00_SPR00_250 anniversary usa stickers_Exact_Nguyen_280526,,,,,,,,,,,Enabled,,,,,,,,,,,Placement Rest Of Search,0,
Sponsored Products,Ad Group,Create,STK_250_ANNI_2PCS_SP00_SPR00_250 anniversary usa stickers_Exact_Nguyen_280526,AG_01_Exact_250 anniversary usa stickers,,,,,,AG_01_Exact_250 anniversary usa stickers,,,,Enabled,,,,,,0.6,,,,,,,
Sponsored Products,Product Ad,Create,STK_250_ANNI_2PCS_SP00_SPR00_250 anniversary usa stickers_Exact_Nguyen_280526,AG_01_Exact_250 anniversary usa stickers,,,,,,,,,,Enabled,,STK_250_ANNI_2PCS,,,,,,,,,,,
Sponsored Products,Keyword,Create,STK_250_ANNI_2PCS_SP00_SPR00_250 anniversary usa stickers_Exact_Nguyen_280526,AG_01_Exact_250 anniversary usa stickers,,,,,,,,,,Enabled,,,,,,,0.6,250 anniversary usa stickers,exact,,,,
Sponsored Products,Ad Group,Create,STK_250_ANNI_2PCS_SP00_SPR00_250 anniversary usa stickers_Exact_Nguyen_280526,AG_02_Exact_250 anniversary usa stickers,,,,,,AG_02_Exact_250 anniversary usa stickers,,,,Enabled,,,,,,0.6,,,,,,,
Sponsored Products,Product Ad,Create,STK_250_ANNI_2PCS_SP00_SPR00_250 anniversary usa stickers_Exact_Nguyen_280526,AG_02_Exact_250 anniversary usa stickers,,,,,,,,,,Enabled,,STK_250_ANNI_2PCS,,,,,,,,,,,
Sponsored Products,Keyword,Create,STK_250_ANNI_2PCS_SP00_SPR00_250 anniversary usa stickers_Exact_Nguyen_280526,AG_02_Exact_250 anniversary usa stickers,,,,,,,,,,Enabled,,,,,,,0.6,250 anniversary usa stickers,exact,,,,
Sponsored Products,Ad Group,Create,STK_250_ANNI_2PCS_SP00_SPR00_250 anniversary usa stickers_Exact_Nguyen_280526,AG_03_Exact_250 anniversary usa stickers,,,,,,AG_03_Exact_250 anniversary usa stickers,,,,Enabled,,,,,,0.6,,,,,,,
Sponsored Products,Product Ad,Create,STK_250_ANNI_2PCS_SP00_SPR00_250 anniversary usa stickers_Exact_Nguyen_280526,AG_03_Exact_250 anniversary usa stickers,,,,,,,,,,Enabled,,STK_250_ANNI_2PCS,,,,,,,,,,,
Sponsored Products,Keyword,Create,STK_250_ANNI_2PCS_SP00_SPR00_250 anniversary usa stickers_Exact_Nguyen_280526,AG_03_Exact_250 anniversary usa stickers,,,,,,,,,,Enabled,,,,,,,0.6,250 anniversary usa stickers,exact,,,,
Sponsored Products,Campaign,Create,STK_250_ANNI_2PCS_SP00_SPR00_250 anniversary stickers_Exact_Nguyen_280526,,209757982448080,,,,STK_250_ANNI_2PCS_SP00_SPR00_250 anniversary stickers_Exact_Nguyen_280526,,20260528,,Manual,Enabled,5.0,,,,,,,,,Dynamic bids - down only,,,
Sponsored Products,Bidding Adjustment,Create,STK_250_ANNI_2PCS_SP00_SPR00_250 anniversary stickers_Exact_Nguyen_280526,,,,,,,,,,,Enabled,,,,,,,,,,,Placement Top,0,
Sponsored Products,Bidding Adjustment,Create,STK_250_ANNI_2PCS_SP00_SPR00_250 anniversary stickers_Exact_Nguyen_280526,,,,,,,,,,,Enabled,,,,,,,,,,,Placement Product Page,0,
Sponsored Products,Bidding Adjustment,Create,STK_250_ANNI_2PCS_SP00_SPR00_250 anniversary stickers_Exact_Nguyen_280526,,,,,,,,,,,Enabled,,,,,,,,,,,Placement Rest Of Search,0,
Sponsored Products,Ad Group,Create,STK_250_ANNI_2PCS_SP00_SPR00_250 anniversary stickers_Exact_Nguyen_280526,AG_01_Exact_250 anniversary stickers,,,,,,AG_01_Exact_250 anniversary stickers,,,,Enabled,,,,,,0.6,,,,,,,
Sponsored Products,Product Ad,Create,STK_250_ANNI_2PCS_SP00_SPR00_250 anniversary stickers_Exact_Nguyen_280526,AG_01_Exact_250 anniversary stickers,,,,,,,,,,Enabled,,STK_250_ANNI_2PCS,,,,,,,,,,,
Sponsored Products,Keyword,Create,STK_250_ANNI_2PCS_SP00_SPR00_250 anniversary stickers_Exact_Nguyen_280526,AG_01_Exact_250 anniversary stickers,,,,,,,,,,Enabled,,,,,,,0.6,250 anniversary stickers,exact,,,,
Sponsored Products,Ad Group,Create,STK_250_ANNI_2PCS_SP00_SPR00_250 anniversary stickers_Exact_Nguyen_280526,AG_02_Exact_250 anniversary stickers,,,,,,AG_02_Exact_250 anniversary stickers,,,,Enabled,,,,,,0.6,,,,,,,
Sponsored Products,Product Ad,Create,STK_250_ANNI_2PCS_SP00_SPR00_250 anniversary stickers_Exact_Nguyen_280526,AG_02_Exact_250 anniversary stickers,,,,,,,,,,Enabled,,STK_250_ANNI_2PCS,,,,,,,,,,,
Sponsored Products,Keyword,Create,STK_250_ANNI_2PCS_SP00_SPR00_250 anniversary stickers_Exact_Nguyen_280526,AG_02_Exact_250 anniversary stickers,,,,,,,,,,Enabled,,,,,,,0.6,250 anniversary stickers,exact,,,,
Sponsored Products,Ad Group,Create,STK_250_ANNI_2PCS_SP00_SPR00_250 anniversary stickers_Exact_Nguyen_280526,AG_03_Exact_250 anniversary stickers,,,,,,AG_03_Exact_250 anniversary stickers,,,,Enabled,,,,,,0.6,,,,,,,
Sponsored Products,Product Ad,Create,STK_250_ANNI_2PCS_SP00_SPR00_250 anniversary stickers_Exact_Nguyen_280526,AG_03_Exact_250 anniversary stickers,,,,,,,,,,Enabled,,STK_250_ANNI_2PCS,,,,,,,,,,,
Sponsored Products,Keyword,Create,STK_250_ANNI_2PCS_SP00_SPR00_250 anniversary stickers_Exact_Nguyen_280526,AG_03_Exact_250 anniversary stickers,,,,,,,,,,Enabled,,,,,,,0.6,250 anniversary stickers,exact,,,,
Sponsored Products,Campaign,Create,STK_250_ANNI_2PCS_SP00_SPR00_american stickers_Exact_Nguyen_280526,,209757982448080,,,,STK_250_ANNI_2PCS_SP00_SPR00_american stickers_Exact_Nguyen_280526,,20260528,,Manual,Enabled,5.0,,,,,,,,,Dynamic bids - down only,,,
Sponsored Products,Bidding Adjustment,Create,STK_250_ANNI_2PCS_SP00_SPR00_american stickers_Exact_Nguyen_280526,,,,,,,,,,,Enabled,,,,,,,,,,,Placement Top,0,
Sponsored Products,Bidding Adjustment,Create,STK_250_ANNI_2PCS_SP00_SPR00_american stickers_Exact_Nguyen_280526,,,,,,,,,,,Enabled,,,,,,,,,,,Placement Product Page,0,
Sponsored Products,Bidding Adjustment,Create,STK_250_ANNI_2PCS_SP00_SPR00_american stickers_Exact_Nguyen_280526,,,,,,,,,,,Enabled,,,,,,,,,,,Placement Rest Of Search,0,
Sponsored Products,Ad Group,Create,STK_250_ANNI_2PCS_SP00_SPR00_american stickers_Exact_Nguyen_280526,AG_01_Exact_american stickers,,,,,,AG_01_Exact_american stickers,,,,Enabled,,,,,,0.6,,,,,,,
Sponsored Products,Product Ad,Create,STK_250_ANNI_2PCS_SP00_SPR00_american stickers_Exact_Nguyen_280526,AG_01_Exact_american stickers,,,,,,,,,,Enabled,,STK_250_ANNI_2PCS,,,,,,,,,,,
Sponsored Products,Keyword,Create,STK_250_ANNI_2PCS_SP00_SPR00_american stickers_Exact_Nguyen_280526,AG_01_Exact_american stickers,,,,,,,,,,Enabled,,,,,,,0.6,american stickers,exact,,,,
Sponsored Products,Ad Group,Create,STK_250_ANNI_2PCS_SP00_SPR00_american stickers_Exact_Nguyen_280526,AG_02_Exact_american stickers,,,,,,AG_02_Exact_american stickers,,,,Enabled,,,,,,0.6,,,,,,,
Sponsored Products,Product Ad,Create,STK_250_ANNI_2PCS_SP00_SPR00_american stickers_Exact_Nguyen_280526,AG_02_Exact_american stickers,,,,,,,,,,Enabled,,STK_250_ANNI_2PCS,,,,,,,,,,,
Sponsored Products,Keyword,Create,STK_250_ANNI_2PCS_SP00_SPR00_american stickers_Exact_Nguyen_280526,AG_02_Exact_american stickers,,,,,,,,,,Enabled,,,,,,,0.6,american stickers,exact,,,,
Sponsored Products,Ad Group,Create,STK_250_ANNI_2PCS_SP00_SPR00_american stickers_Exact_Nguyen_280526,AG_03_Exact_american stickers,,,,,,AG_03_Exact_american stickers,,,,Enabled,,,,,,0.6,,,,,,,
Sponsored Products,Product Ad,Create,STK_250_ANNI_2PCS_SP00_SPR00_american stickers_Exact_Nguyen_280526,AG_03_Exact_american stickers,,,,,,,,,,Enabled,,STK_250_ANNI_2PCS,,,,,,,,,,,
Sponsored Products,Keyword,Create,STK_250_ANNI_2PCS_SP00_SPR00_american stickers_Exact_Nguyen_280526,AG_03_Exact_american stickers,,,,,,,,,,Enabled,,,,,,,0.6,american stickers,exact,,,,
Sponsored Products,Campaign,Create,STK_250_ANNI_2PCS_SP00_SPR00_america 250 stickers_Exact_Nguyen_280526,,209757982448080,,,,STK_250_ANNI_2PCS_SP00_SPR00_america 250 stickers_Exact_Nguyen_280526,,20260528,,Manual,Enabled,5.0,,,,,,,,,Dynamic bids - down only,,,
Sponsored Products,Bidding Adjustment,Create,STK_250_ANNI_2PCS_SP00_SPR00_america 250 stickers_Exact_Nguyen_280526,,,,,,,,,,,Enabled,,,,,,,,,,,Placement Top,0,
Sponsored Products,Bidding Adjustment,Create,STK_250_ANNI_2PCS_SP00_SPR00_america 250 stickers_Exact_Nguyen_280526,,,,,,,,,,,Enabled,,,,,,,,,,,Placement Product Page,0,
Sponsored Products,Bidding Adjustment,Create,STK_250_ANNI_2PCS_SP00_SPR00_america 250 stickers_Exact_Nguyen_280526,,,,,,,,,,,Enabled,,,,,,,,,,,Placement Rest Of Search,0,
Sponsored Products,Ad Group,Create,STK_250_ANNI_2PCS_SP00_SPR00_america 250 stickers_Exact_Nguyen_280526,AG_01_Exact_america 250 stickers,,,,,,AG_01_Exact_america 250 stickers,,,,Enabled,,,,,,0.6,,,,,,,
Sponsored Products,Product Ad,Create,STK_250_ANNI_2PCS_SP00_SPR00_america 250 stickers_Exact_Nguyen_280526,AG_01_Exact_america 250 stickers,,,,,,,,,,Enabled,,STK_250_ANNI_2PCS,,,,,,,,,,,
Sponsored Products,Keyword,Create,STK_250_ANNI_2PCS_SP00_SPR00_america 250 stickers_Exact_Nguyen_280526,AG_01_Exact_america 250 stickers,,,,,,,,,,Enabled,,,,,,,0.6,america 250 stickers,exact,,,,
Sponsored Products,Ad Group,Create,STK_250_ANNI_2PCS_SP00_SPR00_america 250 stickers_Exact_Nguyen_280526,AG_02_Exact_america 250 stickers,,,,,,AG_02_Exact_america 250 stickers,,,,Enabled,,,,,,0.6,,,,,,,
Sponsored Products,Product Ad,Create,STK_250_ANNI_2PCS_SP00_SPR00_america 250 stickers_Exact_Nguyen_280526,AG_02_Exact_america 250 stickers,,,,,,,,,,Enabled,,STK_250_ANNI_2PCS,,,,,,,,,,,
Sponsored Products,Keyword,Create,STK_250_ANNI_2PCS_SP00_SPR00_america 250 stickers_Exact_Nguyen_280526,AG_02_Exact_america 250 stickers,,,,,,,,,,Enabled,,,,,,,0.6,america 250 stickers,exact,,,,
Sponsored Products,Ad Group,Create,STK_250_ANNI_2PCS_SP00_SPR00_america 250 stickers_Exact_Nguyen_280526,AG_03_Exact_america 250 stickers,,,,,,AG_03_Exact_america 250 stickers,,,,Enabled,,,,,,0.6,,,,,,,
Sponsored Products,Product Ad,Create,STK_250_ANNI_2PCS_SP00_SPR00_america 250 stickers_Exact_Nguyen_280526,AG_03_Exact_america 250 stickers,,,,,,,,,,Enabled,,STK_250_ANNI_2PCS,,,,,,,,,,,
Sponsored Products,Keyword,Create,STK_250_ANNI_2PCS_SP00_SPR00_america 250 stickers_Exact_Nguyen_280526,AG_03_Exact_america 250 stickers,,,,,,,,,,Enabled,,,,,,,0.6,america 250 stickers,exact,,,,
Sponsored Products,Campaign,Create,STK_250_ANNI_2PCS_SP00_SPR00_usa 250 decal_Exact_Nguyen_280526,,209757982448080,,,,STK_250_ANNI_2PCS_SP00_SPR00_usa 250 decal_Exact_Nguyen_280526,,20260528,,Manual,Enabled,5.0,,,,,,,,,Dynamic bids - down only,,,
Sponsored Products,Bidding Adjustment,Create,STK_250_ANNI_2PCS_SP00_SPR00_usa 250 decal_Exact_Nguyen_280526,,,,,,,,,,,Enabled,,,,,,,,,,,Placement Top,0,
Sponsored Products,Bidding Adjustment,Create,STK_250_ANNI_2PCS_SP00_SPR00_usa 250 decal_Exact_Nguyen_280526,,,,,,,,,,,Enabled,,,,,,,,,,,Placement Product Page,0,
Sponsored Products,Bidding Adjustment,Create,STK_250_ANNI_2PCS_SP00_SPR00_usa 250 decal_Exact_Nguyen_280526,,,,,,,,,,,Enabled,,,,,,,,,,,Placement Rest Of Search,0,
Sponsored Products,Ad Group,Create,STK_250_ANNI_2PCS_SP00_SPR00_usa 250 decal_Exact_Nguyen_280526,AG_01_Exact_usa 250 decal,,,,,,AG_01_Exact_usa 250 decal,,,,Enabled,,,,,,0.6,,,,,,,
Sponsored Products,Product Ad,Create,STK_250_ANNI_2PCS_SP00_SPR00_usa 250 decal_Exact_Nguyen_280526,AG_01_Exact_usa 250 decal,,,,,,,,,,Enabled,,STK_250_ANNI_2PCS,,,,,,,,,,,
Sponsored Products,Keyword,Create,STK_250_ANNI_2PCS_SP00_SPR00_usa 250 decal_Exact_Nguyen_280526,AG_01_Exact_usa 250 decal,,,,,,,,,,Enabled,,,,,,,0.6,usa 250 decal,exact,,,,
Sponsored Products,Ad Group,Create,STK_250_ANNI_2PCS_SP00_SPR00_usa 250 decal_Exact_Nguyen_280526,AG_02_Exact_usa 250 decal,,,,,,AG_02_Exact_usa 250 decal,,,,Enabled,,,,,,0.6,,,,,,,
Sponsored Products,Product Ad,Create,STK_250_ANNI_2PCS_SP00_SPR00_usa 250 decal_Exact_Nguyen_280526,AG_02_Exact_usa 250 decal,,,,,,,,,,Enabled,,STK_250_ANNI_2PCS,,,,,,,,,,,
Sponsored Products,Keyword,Create,STK_250_ANNI_2PCS_SP00_SPR00_usa 250 decal_Exact_Nguyen_280526,AG_02_Exact_usa 250 decal,,,,,,,,,,Enabled,,,,,,,0.6,usa 250 decal,exact,,,,
Sponsored Products,Ad Group,Create,STK_250_ANNI_2PCS_SP00_SPR00_usa 250 decal_Exact_Nguyen_280526,AG_03_Exact_usa 250 decal,,,,,,AG_03_Exact_usa 250 decal,,,,Enabled,,,,,,0.6,,,,,,,
Sponsored Products,Product Ad,Create,STK_250_ANNI_2PCS_SP00_SPR00_usa 250 decal_Exact_Nguyen_280526,AG_03_Exact_usa 250 decal,,,,,,,,,,Enabled,,STK_250_ANNI_2PCS,,,,,,,,,,,
Sponsored Products,Keyword,Create,STK_250_ANNI_2PCS_SP00_SPR00_usa 250 decal_Exact_Nguyen_280526,AG_03_Exact_usa 250 decal,,,,,,,,,,Enabled,,,,,,,0.6,usa 250 decal,exact,,,,
Sponsored Products,Campaign,Create,STK_250_ANNI_2PCS_SP00_SPR00_1776 2026 stickers_Exact_Nguyen_280526,,209757982448080,,,,STK_250_ANNI_2PCS_SP00_SPR00_1776 2026 stickers_Exact_Nguyen_280526,,20260528,,Manual,Enabled,5.0,,,,,,,,,Dynamic bids - down only,,,
Sponsored Products,Bidding Adjustment,Create,STK_250_ANNI_2PCS_SP00_SPR00_1776 2026 stickers_Exact_Nguyen_280526,,,,,,,,,,,Enabled,,,,,,,,,,,Placement Top,0,
Sponsored Products,Bidding Adjustment,Create,STK_250_ANNI_2PCS_SP00_SPR00_1776 2026 stickers_Exact_Nguyen_280526,,,,,,,,,,,Enabled,,,,,,,,,,,Placement Product Page,0,
Sponsored Products,Bidding Adjustment,Create,STK_250_ANNI_2PCS_SP00_SPR00_1776 2026 stickers_Exact_Nguyen_280526,,,,,,,,,,,Enabled,,,,,,,,,,,Placement Rest Of Search,0,
Sponsored Products,Ad Group,Create,STK_250_ANNI_2PCS_SP00_SPR00_1776 2026 stickers_Exact_Nguyen_280526,AG_01_Exact_1776 2026 stickers,,,,,,AG_01_Exact_1776 2026 stickers,,,,Enabled,,,,,,0.6,,,,,,,
Sponsored Products,Product Ad,Create,STK_250_ANNI_2PCS_SP00_SPR00_1776 2026 stickers_Exact_Nguyen_280526,AG_01_Exact_1776 2026 stickers,,,,,,,,,,Enabled,,STK_250_ANNI_2PCS,,,,,,,,,,,
Sponsored Products,Keyword,Create,STK_250_ANNI_2PCS_SP00_SPR00_1776 2026 stickers_Exact_Nguyen_280526,AG_01_Exact_1776 2026 stickers,,,,,,,,,,Enabled,,,,,,,0.6,1776 2026 stickers,exact,,,,
Sponsored Products,Ad Group,Create,STK_250_ANNI_2PCS_SP00_SPR00_1776 2026 stickers_Exact_Nguyen_280526,AG_02_Exact_1776 2026 stickers,,,,,,AG_02_Exact_1776 2026 stickers,,,,Enabled,,,,,,0.6,,,,,,,
Sponsored Products,Product Ad,Create,STK_250_ANNI_2PCS_SP00_SPR00_1776 2026 stickers_Exact_Nguyen_280526,AG_02_Exact_1776 2026 stickers,,,,,,,,,,Enabled,,STK_250_ANNI_2PCS,,,,,,,,,,,
Sponsored Products,Keyword,Create,STK_250_ANNI_2PCS_SP00_SPR00_1776 2026 stickers_Exact_Nguyen_280526,AG_02_Exact_1776 2026 stickers,,,,,,,,,,Enabled,,,,,,,0.6,1776 2026 stickers,exact,,,,
Sponsored Products,Ad Group,Create,STK_250_ANNI_2PCS_SP00_SPR00_1776 2026 stickers_Exact_Nguyen_280526,AG_03_Exact_1776 2026 stickers,,,,,,AG_03_Exact_1776 2026 stickers,,,,Enabled,,,,,,0.6,,,,,,,
Sponsored Products,Product Ad,Create,STK_250_ANNI_2PCS_SP00_SPR00_1776 2026 stickers_Exact_Nguyen_280526,AG_03_Exact_1776 2026 stickers,,,,,,,,,,Enabled,,STK_250_ANNI_2PCS,,,,,,,,,,,
Sponsored Products,Keyword,Create,STK_250_ANNI_2PCS_SP00_SPR00_1776 2026 stickers_Exact_Nguyen_280526,AG_03_Exact_1776 2026 stickers,,,,,,,,,,Enabled,,,,,,,0.6,1776 2026 stickers,exact,,,,
Sponsored Products,Campaign,Create,STK_250_ANNI_2PCS_SP00_SPR00_250 years of freedom sticker_Exact_Nguyen_280526,,209757982448080,,,,STK_250_ANNI_2PCS_SP00_SPR00_250 years of freedom sticker_Exact_Nguyen_280526,,20260528,,Manual,Enabled,5.0,,,,,,,,,Dynamic bids - down only,,,
Sponsored Products,Bidding Adjustment,Create,STK_250_ANNI_2PCS_SP00_SPR00_250 years of freedom sticker_Exact_Nguyen_280526,,,,,,,,,,,Enabled,,,,,,,,,,,Placement Top,0,
Sponsored Products,Bidding Adjustment,Create,STK_250_ANNI_2PCS_SP00_SPR00_250 years of freedom sticker_Exact_Nguyen_280526,,,,,,,,,,,Enabled,,,,,,,,,,,Placement Product Page,0,
Sponsored Products,Bidding Adjustment,Create,STK_250_ANNI_2PCS_SP00_SPR00_250 years of freedom sticker_Exact_Nguyen_280526,,,,,,,,,,,Enabled,,,,,,,,,,,Placement Rest Of Search,0,
Sponsored Products,Ad Group,Create,STK_250_ANNI_2PCS_SP00_SPR00_250 years of freedom sticker_Exact_Nguyen_280526,AG_01_Exact_250 years of freedom sticker,,,,,,AG_01_Exact_250 years of freedom sticker,,,,Enabled,,,,,,0.6,,,,,,,
Sponsored Products,Product Ad,Create,STK_250_ANNI_2PCS_SP00_SPR00_250 years of freedom sticker_Exact_Nguyen_280526,AG_01_Exact_250 years of freedom sticker,,,,,,,,,,Enabled,,STK_250_ANNI_2PCS,,,,,,,,,,,
Sponsored Products,Keyword,Create,STK_250_ANNI_2PCS_SP00_SPR00_250 years of freedom sticker_Exact_Nguyen_280526,AG_01_Exact_250 years of freedom sticker,,,,,,,,,,Enabled,,,,,,,0.6,250 years of freedom sticker,exact,,,,
Sponsored Products,Ad Group,Create,STK_250_ANNI_2PCS_SP00_SPR00_250 years of freedom sticker_Exact_Nguyen_280526,AG_02_Exact_250 years of freedom sticker,,,,,,AG_02_Exact_250 years of freedom sticker,,,,Enabled,,,,,,0.6,,,,,,,
Sponsored Products,Product Ad,Create,STK_250_ANNI_2PCS_SP00_SPR00_250 years of freedom sticker_Exact_Nguyen_280526,AG_02_Exact_250 years of freedom sticker,,,,,,,,,,Enabled,,STK_250_ANNI_2PCS,,,,,,,,,,,
Sponsored Products,Keyword,Create,STK_250_ANNI_2PCS_SP00_SPR00_250 years of freedom sticker_Exact_Nguyen_280526,AG_02_Exact_250 years of freedom sticker,,,,,,,,,,Enabled,,,,,,,0.6,250 years of freedom sticker,exact,,,,
Sponsored Products,Ad Group,Create,STK_250_ANNI_2PCS_SP00_SPR00_250 years of freedom sticker_Exact_Nguyen_280526,AG_03_Exact_250 years of freedom sticker,,,,,,AG_03_Exact_250 years of freedom sticker,,,,Enabled,,,,,,0.6,,,,,,,
Sponsored Products,Product Ad,Create,STK_250_ANNI_2PCS_SP00_SPR00_250 years of freedom sticker_Exact_Nguyen_280526,AG_03_Exact_250 years of freedom sticker,,,,,,,,,,Enabled,,STK_250_ANNI_2PCS,,,,,,,,,,,
Sponsored Products,Keyword,Create,STK_250_ANNI_2PCS_SP00_SPR00_250 years of freedom sticker_Exact_Nguyen_280526,AG_03_Exact_250 years of freedom sticker,,,,,,,,,,Enabled,,,,,,,0.6,250 years of freedom sticker,exact,,,,
Sponsored Products,Campaign,Create,STK_250_ANNI_2PCS_SP00_SPR00_america 250 car decal_Exact_Nguyen_280526,,209757982448080,,,,STK_250_ANNI_2PCS_SP00_SPR00_america 250 car decal_Exact_Nguyen_280526,,20260528,,Manual,Enabled,5.0,,,,,,,,,Dynamic bids - down only,,,
Sponsored Products,Bidding Adjustment,Create,STK_250_ANNI_2PCS_SP00_SPR00_america 250 car decal_Exact_Nguyen_280526,,,,,,,,,,,Enabled,,,,,,,,,,,Placement Top,0,
Sponsored Products,Bidding Adjustment,Create,STK_250_ANNI_2PCS_SP00_SPR00_america 250 car decal_Exact_Nguyen_280526,,,,,,,,,,,Enabled,,,,,,,,,,,Placement Product Page,0,
Sponsored Products,Bidding Adjustment,Create,STK_250_ANNI_2PCS_SP00_SPR00_america 250 car decal_Exact_Nguyen_280526,,,,,,,,,,,Enabled,,,,,,,,,,,Placement Rest Of Search,0,
Sponsored Products,Ad Group,Create,STK_250_ANNI_2PCS_SP00_SPR00_america 250 car decal_Exact_Nguyen_280526,AG_01_Exact_america 250 car decal,,,,,,AG_01_Exact_america 250 car decal,,,,Enabled,,,,,,0.6,,,,,,,
Sponsored Products,Product Ad,Create,STK_250_ANNI_2PCS_SP00_SPR00_america 250 car decal_Exact_Nguyen_280526,AG_01_Exact_america 250 car decal,,,,,,,,,,Enabled,,STK_250_ANNI_2PCS,,,,,,,,,,,
Sponsored Products,Keyword,Create,STK_250_ANNI_2PCS_SP00_SPR00_america 250 car decal_Exact_Nguyen_280526,AG_01_Exact_america 250 car decal,,,,,,,,,,Enabled,,,,,,,0.6,america 250 car decal,exact,,,,
Sponsored Products,Ad Group,Create,STK_250_ANNI_2PCS_SP00_SPR00_america 250 car decal_Exact_Nguyen_280526,AG_02_Exact_america 250 car decal,,,,,,AG_02_Exact_america 250 car decal,,,,Enabled,,,,,,0.6,,,,,,,
Sponsored Products,Product Ad,Create,STK_250_ANNI_2PCS_SP00_SPR00_america 250 car decal_Exact_Nguyen_280526,AG_02_Exact_america 250 car decal,,,,,,,,,,Enabled,,STK_250_ANNI_2PCS,,,,,,,,,,,
Sponsored Products,Keyword,Create,STK_250_ANNI_2PCS_SP00_SPR00_america 250 car decal_Exact_Nguyen_280526,AG_02_Exact_america 250 car decal,,,,,,,,,,Enabled,,,,,,,0.6,america 250 car decal,exact,,,,
Sponsored Products,Ad Group,Create,STK_250_ANNI_2PCS_SP00_SPR00_america 250 car decal_Exact_Nguyen_280526,AG_03_Exact_america 250 car decal,,,,,,AG_03_Exact_america 250 car decal,,,,Enabled,,,,,,0.6,,,,,,,
Sponsored Products,Product Ad,Create,STK_250_ANNI_2PCS_SP00_SPR00_america 250 car decal_Exact_Nguyen_280526,AG_03_Exact_america 250 car decal,,,,,,,,,,Enabled,,STK_250_ANNI_2PCS,,,,,,,,,,,
Sponsored Products,Keyword,Create,STK_250_ANNI_2PCS_SP00_SPR00_america 250 car decal_Exact_Nguyen_280526,AG_03_Exact_america 250 car decal,,,,,,,,,,Enabled,,,,,,,0.6,america 250 car decal,exact,,,,
Sponsored Products,Campaign,Create,STK_250_ANNI_2PCS_SP00_SPR00_usa 250th anniversary bumper sticker_Exact_Nguyen_280526,,209757982448080,,,,STK_250_ANNI_2PCS_SP00_SPR00_usa 250th anniversary bumper sticker_Exact_Nguyen_280526,,20260528,,Manual,Enabled,5.0,,,,,,,,,Dynamic bids - down only,,,
Sponsored Products,Bidding Adjustment,Create,STK_250_ANNI_2PCS_SP00_SPR00_usa 250th anniversary bumper sticker_Exact_Nguyen_280526,,,,,,,,,,,Enabled,,,,,,,,,,,Placement Top,0,
Sponsored Products,Bidding Adjustment,Create,STK_250_ANNI_2PCS_SP00_SPR00_usa 250th anniversary bumper sticker_Exact_Nguyen_280526,,,,,,,,,,,Enabled,,,,,,,,,,,Placement Product Page,0,
Sponsored Products,Bidding Adjustment,Create,STK_250_ANNI_2PCS_SP00_SPR00_usa 250th anniversary bumper sticker_Exact_Nguyen_280526,,,,,,,,,,,Enabled,,,,,,,,,,,Placement Rest Of Search,0,
Sponsored Products,Ad Group,Create,STK_250_ANNI_2PCS_SP00_SPR00_usa 250th anniversary bumper sticker_Exact_Nguyen_280526,AG_01_Exact_usa 250th anniversary bumper sticker,,,,,,AG_01_Exact_usa 250th anniversary bumper sticker,,,,Enabled,,,,,,0.6,,,,,,,
Sponsored Products,Product Ad,Create,STK_250_ANNI_2PCS_SP00_SPR00_usa 250th anniversary bumper sticker_Exact_Nguyen_280526,AG_01_Exact_usa 250th anniversary bumper sticker,,,,,,,,,,Enabled,,STK_250_ANNI_2PCS,,,,,,,,,,,
Sponsored Products,Keyword,Create,STK_250_ANNI_2PCS_SP00_SPR00_usa 250th anniversary bumper sticker_Exact_Nguyen_280526,AG_01_Exact_usa 250th anniversary bumper sticker,,,,,,,,,,Enabled,,,,,,,0.6,usa 250th anniversary bumper sticker,exact,,,,
Sponsored Products,Ad Group,Create,STK_250_ANNI_2PCS_SP00_SPR00_usa 250th anniversary bumper sticker_Exact_Nguyen_280526,AG_02_Exact_usa 250th anniversary bumper sticker,,,,,,AG_02_Exact_usa 250th anniversary bumper sticker,,,,Enabled,,,,,,0.6,,,,,,,
Sponsored Products,Product Ad,Create,STK_250_ANNI_2PCS_SP00_SPR00_usa 250th anniversary bumper sticker_Exact_Nguyen_280526,AG_02_Exact_usa 250th anniversary bumper sticker,,,,,,,,,,Enabled,,STK_250_ANNI_2PCS,,,,,,,,,,,
Sponsored Products,Keyword,Create,STK_250_ANNI_2PCS_SP00_SPR00_usa 250th anniversary bumper sticker_Exact_Nguyen_280526,AG_02_Exact_usa 250th anniversary bumper sticker,,,,,,,,,,Enabled,,,,,,,0.6,usa 250th anniversary bumper sticker,exact,,,,
Sponsored Products,Ad Group,Create,STK_250_ANNI_2PCS_SP00_SPR00_usa 250th anniversary bumper sticker_Exact_Nguyen_280526,AG_03_Exact_usa 250th anniversary bumper sticker,,,,,,AG_03_Exact_usa 250th anniversary bumper sticker,,,,Enabled,,,,,,0.6,,,,,,,
Sponsored Products,Product Ad,Create,STK_250_ANNI_2PCS_SP00_SPR00_usa 250th anniversary bumper sticker_Exact_Nguyen_280526,AG_03_Exact_usa 250th anniversary bumper sticker,,,,,,,,,,Enabled,,STK_250_ANNI_2PCS,,,,,,,,,,,
Sponsored Products,Keyword,Create,STK_250_ANNI_2PCS_SP00_SPR00_usa 250th anniversary bumper sticker_Exact_Nguyen_280526,AG_03_Exact_usa 250th anniversary bumper sticker,,,,,,,,,,Enabled,,,,,,,0.6,usa 250th anniversary bumper sticker,exact,,,,
Sponsored Products,Campaign,Create,STK_250_ANNI_2PCS_SP00_SPR00_patriotic 250 anniversary decal_Exact_Nguyen_280526,,209757982448080,,,,STK_250_ANNI_2PCS_SP00_SPR00_patriotic 250 anniversary decal_Exact_Nguyen_280526,,20260528,,Manual,Enabled,5.0,,,,,,,,,Dynamic bids - down only,,,
Sponsored Products,Bidding Adjustment,Create,STK_250_ANNI_2PCS_SP00_SPR00_patriotic 250 anniversary decal_Exact_Nguyen_280526,,,,,,,,,,,Enabled,,,,,,,,,,,Placement Top,0,
Sponsored Products,Bidding Adjustment,Create,STK_250_ANNI_2PCS_SP00_SPR00_patriotic 250 anniversary decal_Exact_Nguyen_280526,,,,,,,,,,,Enabled,,,,,,,,,,,Placement Product Page,0,
Sponsored Products,Bidding Adjustment,Create,STK_250_ANNI_2PCS_SP00_SPR00_patriotic 250 anniversary decal_Exact_Nguyen_280526,,,,,,,,,,,Enabled,,,,,,,,,,,Placement Rest Of Search,0,
Sponsored Products,Ad Group,Create,STK_250_ANNI_2PCS_SP00_SPR00_patriotic 250 anniversary decal_Exact_Nguyen_280526,AG_01_Exact_patriotic 250 anniversary decal,,,,,,AG_01_Exact_patriotic 250 anniversary decal,,,,Enabled,,,,,,0.6,,,,,,,
Sponsored Products,Product Ad,Create,STK_250_ANNI_2PCS_SP00_SPR00_patriotic 250 anniversary decal_Exact_Nguyen_280526,AG_01_Exact_patriotic 250 anniversary decal,,,,,,,,,,Enabled,,STK_250_ANNI_2PCS,,,,,,,,,,,
Sponsored Products,Keyword,Create,STK_250_ANNI_2PCS_SP00_SPR00_patriotic 250 anniversary decal_Exact_Nguyen_280526,AG_01_Exact_patriotic 250 anniversary decal,,,,,,,,,,Enabled,,,,,,,0.6,patriotic 250 anniversary decal,exact,,,,
Sponsored Products,Ad Group,Create,STK_250_ANNI_2PCS_SP00_SPR00_patriotic 250 anniversary decal_Exact_Nguyen_280526,AG_02_Exact_patriotic 250 anniversary decal,,,,,,AG_02_Exact_patriotic 250 anniversary decal,,,,Enabled,,,,,,0.6,,,,,,,
Sponsored Products,Product Ad,Create,STK_250_ANNI_2PCS_SP00_SPR00_patriotic 250 anniversary decal_Exact_Nguyen_280526,AG_02_Exact_patriotic 250 anniversary decal,,,,,,,,,,Enabled,,STK_250_ANNI_2PCS,,,,,,,,,,,
Sponsored Products,Keyword,Create,STK_250_ANNI_2PCS_SP00_SPR00_patriotic 250 anniversary decal_Exact_Nguyen_280526,AG_02_Exact_patriotic 250 anniversary decal,,,,,,,,,,Enabled,,,,,,,0.6,patriotic 250 anniversary decal,exact,,,,
Sponsored Products,Ad Group,Create,STK_250_ANNI_2PCS_SP00_SPR00_patriotic 250 anniversary decal_Exact_Nguyen_280526,AG_03_Exact_patriotic 250 anniversary decal,,,,,,AG_03_Exact_patriotic 250 anniversary decal,,,,Enabled,,,,,,0.6,,,,,,,
Sponsored Products,Product Ad,Create,STK_250_ANNI_2PCS_SP00_SPR00_patriotic 250 anniversary decal_Exact_Nguyen_280526,AG_03_Exact_patriotic 250 anniversary decal,,,,,,,,,,Enabled,,STK_250_ANNI_2PCS,,,,,,,,,,,
Sponsored Products,Keyword,Create,STK_250_ANNI_2PCS_SP00_SPR00_patriotic 250 anniversary decal_Exact_Nguyen_280526,AG_03_Exact_patriotic 250 anniversary decal,,,,,,,,,,Enabled,,,,,,,0.6,patriotic 250 anniversary decal,exact,,,,
Sponsored Products,Campaign,Create,STK_250_ANNI_2PCS_SP00_SPR00_independence day 250 sticker_Exact_Nguyen_280526,,209757982448080,,,,STK_250_ANNI_2PCS_SP00_SPR00_independence day 250 sticker_Exact_Nguyen_280526,,20260528,,Manual,Enabled,5.0,,,,,,,,,Dynamic bids - down only,,,
Sponsored Products,Bidding Adjustment,Create,STK_250_ANNI_2PCS_SP00_SPR00_independence day 250 sticker_Exact_Nguyen_280526,,,,,,,,,,,Enabled,,,,,,,,,,,Placement Top,0,
Sponsored Products,Bidding Adjustment,Create,STK_250_ANNI_2PCS_SP00_SPR00_independence day 250 sticker_Exact_Nguyen_280526,,,,,,,,,,,Enabled,,,,,,,,,,,Placement Product Page,0,
Sponsored Products,Bidding Adjustment,Create,STK_250_ANNI_2PCS_SP00_SPR00_independence day 250 sticker_Exact_Nguyen_280526,,,,,,,,,,,Enabled,,,,,,,,,,,Placement Rest Of Search,0,
Sponsored Products,Ad Group,Create,STK_250_ANNI_2PCS_SP00_SPR00_independence day 250 sticker_Exact_Nguyen_280526,AG_01_Exact_independence day 250 sticker,,,,,,AG_01_Exact_independence day 250 sticker,,,,Enabled,,,,,,0.6,,,,,,,
Sponsored Products,Product Ad,Create,STK_250_ANNI_2PCS_SP00_SPR00_independence day 250 sticker_Exact_Nguyen_280526,AG_01_Exact_independence day 250 sticker,,,,,,,,,,Enabled,,STK_250_ANNI_2PCS,,,,,,,,,,,
Sponsored Products,Keyword,Create,STK_250_ANNI_2PCS_SP00_SPR00_independence day 250 sticker_Exact_Nguyen_280526,AG_01_Exact_independence day 250 sticker,,,,,,,,,,Enabled,,,,,,,0.6,independence day 250 sticker,exact,,,,
Sponsored Products,Ad Group,Create,STK_250_ANNI_2PCS_SP00_SPR00_independence day 250 sticker_Exact_Nguyen_280526,AG_02_Exact_independence day 250 sticker,,,,,,AG_02_Exact_independence day 250 sticker,,,,Enabled,,,,,,0.6,,,,,,,
Sponsored Products,Product Ad,Create,STK_250_ANNI_2PCS_SP00_SPR00_independence day 250 sticker_Exact_Nguyen_280526,AG_02_Exact_independence day 250 sticker,,,,,,,,,,Enabled,,STK_250_ANNI_2PCS,,,,,,,,,,,
Sponsored Products,Keyword,Create,STK_250_ANNI_2PCS_SP00_SPR00_independence day 250 sticker_Exact_Nguyen_280526,AG_02_Exact_independence day 250 sticker,,,,,,,,,,Enabled,,,,,,,0.6,independence day 250 sticker,exact,,,,
Sponsored Products,Ad Group,Create,STK_250_ANNI_2PCS_SP00_SPR00_independence day 250 sticker_Exact_Nguyen_280526,AG_03_Exact_independence day 250 sticker,,,,,,AG_03_Exact_independence day 250 sticker,,,,Enabled,,,,,,0.6,,,,,,,
Sponsored Products,Product Ad,Create,STK_250_ANNI_2PCS_SP00_SPR00_independence day 250 sticker_Exact_Nguyen_280526,AG_03_Exact_independence day 250 sticker,,,,,,,,,,Enabled,,STK_250_ANNI_2PCS,,,,,,,,,,,
Sponsored Products,Keyword,Create,STK_250_ANNI_2PCS_SP00_SPR00_independence day 250 sticker_Exact_Nguyen_280526,AG_03_Exact_independence day 250 sticker,,,,,,,,,,Enabled,,,,,,,0.6,independence day 250 sticker,exact,,,,
Sponsored Products,Campaign,Create,STK_250_ANNI_2PCS_SP00_SPR00_america 250 eagle sticker_Exact_Nguyen_280526,,209757982448080,,,,STK_250_ANNI_2PCS_SP00_SPR00_america 250 eagle sticker_Exact_Nguyen_280526,,20260528,,Manual,Enabled,5.0,,,,,,,,,Dynamic bids - down only,,,
Sponsored Products,Bidding Adjustment,Create,STK_250_ANNI_2PCS_SP00_SPR00_america 250 eagle sticker_Exact_Nguyen_280526,,,,,,,,,,,Enabled,,,,,,,,,,,Placement Top,0,
Sponsored Products,Bidding Adjustment,Create,STK_250_ANNI_2PCS_SP00_SPR00_america 250 eagle sticker_Exact_Nguyen_280526,,,,,,,,,,,Enabled,,,,,,,,,,,Placement Product Page,0,
Sponsored Products,Bidding Adjustment,Create,STK_250_ANNI_2PCS_SP00_SPR00_america 250 eagle sticker_Exact_Nguyen_280526,,,,,,,,,,,Enabled,,,,,,,,,,,Placement Rest Of Search,0,
Sponsored Products,Ad Group,Create,STK_250_ANNI_2PCS_SP00_SPR00_america 250 eagle sticker_Exact_Nguyen_280526,AG_01_Exact_america 250 eagle sticker,,,,,,AG_01_Exact_america 250 eagle sticker,,,,Enabled,,,,,,0.6,,,,,,,
Sponsored Products,Product Ad,Create,STK_250_ANNI_2PCS_SP00_SPR00_america 250 eagle sticker_Exact_Nguyen_280526,AG_01_Exact_america 250 eagle sticker,,,,,,,,,,Enabled,,STK_250_ANNI_2PCS,,,,,,,,,,,
Sponsored Products,Keyword,Create,STK_250_ANNI_2PCS_SP00_SPR00_america 250 eagle sticker_Exact_Nguyen_280526,AG_01_Exact_america 250 eagle sticker,,,,,,,,,,Enabled,,,,,,,0.6,america 250 eagle sticker,exact,,,,
Sponsored Products,Ad Group,Create,STK_250_ANNI_2PCS_SP00_SPR00_america 250 eagle sticker_Exact_Nguyen_280526,AG_02_Exact_america 250 eagle sticker,,,,,,AG_02_Exact_america 250 eagle sticker,,,,Enabled,,,,,,0.6,,,,,,,
Sponsored Products,Product Ad,Create,STK_250_ANNI_2PCS_SP00_SPR00_america 250 eagle sticker_Exact_Nguyen_280526,AG_02_Exact_america 250 eagle sticker,,,,,,,,,,Enabled,,STK_250_ANNI_2PCS,,,,,,,,,,,
Sponsored Products,Keyword,Create,STK_250_ANNI_2PCS_SP00_SPR00_america 250 eagle sticker_Exact_Nguyen_280526,AG_02_Exact_america 250 eagle sticker,,,,,,,,,,Enabled,,,,,,,0.6,america 250 eagle sticker,exact,,,,
Sponsored Products,Ad Group,Create,STK_250_ANNI_2PCS_SP00_SPR00_america 250 eagle sticker_Exact_Nguyen_280526,AG_03_Exact_america 250 eagle sticker,,,,,,AG_03_Exact_america 250 eagle sticker,,,,Enabled,,,,,,0.6,,,,,,,
Sponsored Products,Product Ad,Create,STK_250_ANNI_2PCS_SP00_SPR00_america 250 eagle sticker_Exact_Nguyen_280526,AG_03_Exact_america 250 eagle sticker,,,,,,,,,,Enabled,,STK_250_ANNI_2PCS,,,,,,,,,,,
Sponsored Products,Keyword,Create,STK_250_ANNI_2PCS_SP00_SPR00_america 250 eagle sticker_Exact_Nguyen_280526,AG_03_Exact_america 250 eagle sticker,,,,,,,,,,Enabled,,,,,,,0.6,america 250 eagle sticker,exact,,,,
Sponsored Products,Campaign,Create,STK_250_ANNI_2PCS_SP00_SPR00_decals for trucks_Exact_Nguyen_280526,,209757982448080,,,,STK_250_ANNI_2PCS_SP00_SPR00_decals for trucks_Exact_Nguyen_280526,,20260528,,Manual,Enabled,5.0,,,,,,,,,Dynamic bids - down only,,,
Sponsored Products,Bidding Adjustment,Create,STK_250_ANNI_2PCS_SP00_SPR00_decals for trucks_Exact_Nguyen_280526,,,,,,,,,,,Enabled,,,,,,,,,,,Placement Top,0,
Sponsored Products,Bidding Adjustment,Create,STK_250_ANNI_2PCS_SP00_SPR00_decals for trucks_Exact_Nguyen_280526,,,,,,,,,,,Enabled,,,,,,,,,,,Placement Product Page,0,
Sponsored Products,Bidding Adjustment,Create,STK_250_ANNI_2PCS_SP00_SPR00_decals for trucks_Exact_Nguyen_280526,,,,,,,,,,,Enabled,,,,,,,,,,,Placement Rest Of Search,0,
Sponsored Products,Ad Group,Create,STK_250_ANNI_2PCS_SP00_SPR00_decals for trucks_Exact_Nguyen_280526,AG_01_Exact_decals for trucks,,,,,,AG_01_Exact_decals for trucks,,,,Enabled,,,,,,0.6,,,,,,,
Sponsored Products,Product Ad,Create,STK_250_ANNI_2PCS_SP00_SPR00_decals for trucks_Exact_Nguyen_280526,AG_01_Exact_decals for trucks,,,,,,,,,,Enabled,,STK_250_ANNI_2PCS,,,,,,,,,,,
Sponsored Products,Keyword,Create,STK_250_ANNI_2PCS_SP00_SPR00_decals for trucks_Exact_Nguyen_280526,AG_01_Exact_decals for trucks,,,,,,,,,,Enabled,,,,,,,0.6,decals for trucks,exact,,,,
Sponsored Products,Ad Group,Create,STK_250_ANNI_2PCS_SP00_SPR00_decals for trucks_Exact_Nguyen_280526,AG_02_Exact_decals for trucks,,,,,,AG_02_Exact_decals for trucks,,,,Enabled,,,,,,0.6,,,,,,,
Sponsored Products,Product Ad,Create,STK_250_ANNI_2PCS_SP00_SPR00_decals for trucks_Exact_Nguyen_280526,AG_02_Exact_decals for trucks,,,,,,,,,,Enabled,,STK_250_ANNI_2PCS,,,,,,,,,,,
Sponsored Products,Keyword,Create,STK_250_ANNI_2PCS_SP00_SPR00_decals for trucks_Exact_Nguyen_280526,AG_02_Exact_decals for trucks,,,,,,,,,,Enabled,,,,,,,0.6,decals for trucks,exact,,,,
Sponsored Products,Ad Group,Create,STK_250_ANNI_2PCS_SP00_SPR00_decals for trucks_Exact_Nguyen_280526,AG_03_Exact_decals for trucks,,,,,,AG_03_Exact_decals for trucks,,,,Enabled,,,,,,0.6,,,,,,,
Sponsored Products,Product Ad,Create,STK_250_ANNI_2PCS_SP00_SPR00_decals for trucks_Exact_Nguyen_280526,AG_03_Exact_decals for trucks,,,,,,,,,,Enabled,,STK_250_ANNI_2PCS,,,,,,,,,,,
Sponsored Products,Keyword,Create,STK_250_ANNI_2PCS_SP00_SPR00_decals for trucks_Exact_Nguyen_280526,AG_03_Exact_decals for trucks,,,,,,,,,,Enabled,,,,,,,0.6,decals for trucks,exact,,,,
Sponsored Products,Campaign,Create,STK_250_ANNI_2PCS_SP00_SPR00_rear window decals for trucks_Exact_Nguyen_280526,,209757982448080,,,,STK_250_ANNI_2PCS_SP00_SPR00_rear window decals for trucks_Exact_Nguyen_280526,,20260528,,Manual,Enabled,5.0,,,,,,,,,Dynamic bids - down only,,,
Sponsored Products,Bidding Adjustment,Create,STK_250_ANNI_2PCS_SP00_SPR00_rear window decals for trucks_Exact_Nguyen_280526,,,,,,,,,,,Enabled,,,,,,,,,,,Placement Top,0,
Sponsored Products,Bidding Adjustment,Create,STK_250_ANNI_2PCS_SP00_SPR00_rear window decals for trucks_Exact_Nguyen_280526,,,,,,,,,,,Enabled,,,,,,,,,,,Placement Product Page,0,
Sponsored Products,Bidding Adjustment,Create,STK_250_ANNI_2PCS_SP00_SPR00_rear window decals for trucks_Exact_Nguyen_280526,,,,,,,,,,,Enabled,,,,,,,,,,,Placement Rest Of Search,0,
Sponsored Products,Ad Group,Create,STK_250_ANNI_2PCS_SP00_SPR00_rear window decals for trucks_Exact_Nguyen_280526,AG_01_Exact_rear window decals for trucks,,,,,,AG_01_Exact_rear window decals for trucks,,,,Enabled,,,,,,0.6,,,,,,,
Sponsored Products,Product Ad,Create,STK_250_ANNI_2PCS_SP00_SPR00_rear window decals for trucks_Exact_Nguyen_280526,AG_01_Exact_rear window decals for trucks,,,,,,,,,,Enabled,,STK_250_ANNI_2PCS,,,,,,,,,,,
Sponsored Products,Keyword,Create,STK_250_ANNI_2PCS_SP00_SPR00_rear window decals for trucks_Exact_Nguyen_280526,AG_01_Exact_rear window decals for trucks,,,,,,,,,,Enabled,,,,,,,0.6,rear window decals for trucks,exact,,,,
Sponsored Products,Ad Group,Create,STK_250_ANNI_2PCS_SP00_SPR00_rear window decals for trucks_Exact_Nguyen_280526,AG_02_Exact_rear window decals for trucks,,,,,,AG_02_Exact_rear window decals for trucks,,,,Enabled,,,,,,0.6,,,,,,,
Sponsored Products,Product Ad,Create,STK_250_ANNI_2PCS_SP00_SPR00_rear window decals for trucks_Exact_Nguyen_280526,AG_02_Exact_rear window decals for trucks,,,,,,,,,,Enabled,,STK_250_ANNI_2PCS,,,,,,,,,,,
Sponsored Products,Keyword,Create,STK_250_ANNI_2PCS_SP00_SPR00_rear window decals for trucks_Exact_Nguyen_280526,AG_02_Exact_rear window decals for trucks,,,,,,,,,,Enabled,,,,,,,0.6,rear window decals for trucks,exact,,,,
Sponsored Products,Ad Group,Create,STK_250_ANNI_2PCS_SP00_SPR00_rear window decals for trucks_Exact_Nguyen_280526,AG_03_Exact_rear window decals for trucks,,,,,,AG_03_Exact_rear window decals for trucks,,,,Enabled,,,,,,0.6,,,,,,,
Sponsored Products,Product Ad,Create,STK_250_ANNI_2PCS_SP00_SPR00_rear window decals for trucks_Exact_Nguyen_280526,AG_03_Exact_rear window decals for trucks,,,,,,,,,,Enabled,,STK_250_ANNI_2PCS,,,,,,,,,,,
Sponsored Products,Keyword,Create,STK_250_ANNI_2PCS_SP00_SPR00_rear window decals for trucks_Exact_Nguyen_280526,AG_03_Exact_rear window decals for trucks,,,,,,,,,,Enabled,,,,,,,0.6,rear window decals for trucks,exact,,,,
Sponsored Products,Campaign,Create,STK_250_ANNI_2PCS_SP00_SPR00_bumper stickers_Exact_Nguyen_280526,,209757982448080,,,,STK_250_ANNI_2PCS_SP00_SPR00_bumper stickers_Exact_Nguyen_280526,,20260528,,Manual,Enabled,5.0,,,,,,,,,Dynamic bids - down only,,,
Sponsored Products,Bidding Adjustment,Create,STK_250_ANNI_2PCS_SP00_SPR00_bumper stickers_Exact_Nguyen_280526,,,,,,,,,,,Enabled,,,,,,,,,,,Placement Top,0,
Sponsored Products,Bidding Adjustment,Create,STK_250_ANNI_2PCS_SP00_SPR00_bumper stickers_Exact_Nguyen_280526,,,,,,,,,,,Enabled,,,,,,,,,,,Placement Product Page,0,
Sponsored Products,Bidding Adjustment,Create,STK_250_ANNI_2PCS_SP00_SPR00_bumper stickers_Exact_Nguyen_280526,,,,,,,,,,,Enabled,,,,,,,,,,,Placement Rest Of Search,0,
Sponsored Products,Ad Group,Create,STK_250_ANNI_2PCS_SP00_SPR00_bumper stickers_Exact_Nguyen_280526,AG_01_Exact_bumper stickers,,,,,,AG_01_Exact_bumper stickers,,,,Enabled,,,,,,0.6,,,,,,,
Sponsored Products,Product Ad,Create,STK_250_ANNI_2PCS_SP00_SPR00_bumper stickers_Exact_Nguyen_280526,AG_01_Exact_bumper stickers,,,,,,,,,,Enabled,,STK_250_ANNI_2PCS,,,,,,,,,,,
Sponsored Products,Keyword,Create,STK_250_ANNI_2PCS_SP00_SPR00_bumper stickers_Exact_Nguyen_280526,AG_01_Exact_bumper stickers,,,,,,,,,,Enabled,,,,,,,0.6,bumper stickers,exact,,,,
Sponsored Products,Ad Group,Create,STK_250_ANNI_2PCS_SP00_SPR00_bumper stickers_Exact_Nguyen_280526,AG_02_Exact_bumper stickers,,,,,,AG_02_Exact_bumper stickers,,,,Enabled,,,,,,0.6,,,,,,,
Sponsored Products,Product Ad,Create,STK_250_ANNI_2PCS_SP00_SPR00_bumper stickers_Exact_Nguyen_280526,AG_02_Exact_bumper stickers,,,,,,,,,,Enabled,,STK_250_ANNI_2PCS,,,,,,,,,,,
Sponsored Products,Keyword,Create,STK_250_ANNI_2PCS_SP00_SPR00_bumper stickers_Exact_Nguyen_280526,AG_02_Exact_bumper stickers,,,,,,,,,,Enabled,,,,,,,0.6,bumper stickers,exact,,,,
Sponsored Products,Ad Group,Create,STK_250_ANNI_2PCS_SP00_SPR00_bumper stickers_Exact_Nguyen_280526,AG_03_Exact_bumper stickers,,,,,,AG_03_Exact_bumper stickers,,,,Enabled,,,,,,0.6,,,,,,,
Sponsored Products,Product Ad,Create,STK_250_ANNI_2PCS_SP00_SPR00_bumper stickers_Exact_Nguyen_280526,AG_03_Exact_bumper stickers,,,,,,,,,,Enabled,,STK_250_ANNI_2PCS,,,,,,,,,,,
Sponsored Products,Keyword,Create,STK_250_ANNI_2PCS_SP00_SPR00_bumper stickers_Exact_Nguyen_280526,AG_03_Exact_bumper stickers,,,,,,,,,,Enabled,,,,,,,0.6,bumper stickers,exact,,,,
Sponsored Products,Campaign,Create,STK_250_ANNI_2PCS_SP00_SPR00_eagle stickers_Exact_Nguyen_280526,,209757982448080,,,,STK_250_ANNI_2PCS_SP00_SPR00_eagle stickers_Exact_Nguyen_280526,,20260528,,Manual,Enabled,5.0,,,,,,,,,Dynamic bids - down only,,,
Sponsored Products,Bidding Adjustment,Create,STK_250_ANNI_2PCS_SP00_SPR00_eagle stickers_Exact_Nguyen_280526,,,,,,,,,,,Enabled,,,,,,,,,,,Placement Top,0,
Sponsored Products,Bidding Adjustment,Create,STK_250_ANNI_2PCS_SP00_SPR00_eagle stickers_Exact_Nguyen_280526,,,,,,,,,,,Enabled,,,,,,,,,,,Placement Product Page,0,
Sponsored Products,Bidding Adjustment,Create,STK_250_ANNI_2PCS_SP00_SPR00_eagle stickers_Exact_Nguyen_280526,,,,,,,,,,,Enabled,,,,,,,,,,,Placement Rest Of Search,0,
Sponsored Products,Ad Group,Create,STK_250_ANNI_2PCS_SP00_SPR00_eagle stickers_Exact_Nguyen_280526,AG_01_Exact_eagle stickers,,,,,,AG_01_Exact_eagle stickers,,,,Enabled,,,,,,0.6,,,,,,,
Sponsored Products,Product Ad,Create,STK_250_ANNI_2PCS_SP00_SPR00_eagle stickers_Exact_Nguyen_280526,AG_01_Exact_eagle stickers,,,,,,,,,,Enabled,,STK_250_ANNI_2PCS,,,,,,,,,,,
Sponsored Products,Keyword,Create,STK_250_ANNI_2PCS_SP00_SPR00_eagle stickers_Exact_Nguyen_280526,AG_01_Exact_eagle stickers,,,,,,,,,,Enabled,,,,,,,0.6,eagle stickers,exact,,,,
Sponsored Products,Ad Group,Create,STK_250_ANNI_2PCS_SP00_SPR00_eagle stickers_Exact_Nguyen_280526,AG_02_Exact_eagle stickers,,,,,,AG_02_Exact_eagle stickers,,,,Enabled,,,,,,0.6,,,,,,,
Sponsored Products,Product Ad,Create,STK_250_ANNI_2PCS_SP00_SPR00_eagle stickers_Exact_Nguyen_280526,AG_02_Exact_eagle stickers,,,,,,,,,,Enabled,,STK_250_ANNI_2PCS,,,,,,,,,,,
Sponsored Products,Keyword,Create,STK_250_ANNI_2PCS_SP00_SPR00_eagle stickers_Exact_Nguyen_280526,AG_02_Exact_eagle stickers,,,,,,,,,,Enabled,,,,,,,0.6,eagle stickers,exact,,,,
Sponsored Products,Ad Group,Create,STK_250_ANNI_2PCS_SP00_SPR00_eagle stickers_Exact_Nguyen_280526,AG_03_Exact_eagle stickers,,,,,,AG_03_Exact_eagle stickers,,,,Enabled,,,,,,0.6,,,,,,,
Sponsored Products,Product Ad,Create,STK_250_ANNI_2PCS_SP00_SPR00_eagle stickers_Exact_Nguyen_280526,AG_03_Exact_eagle stickers,,,,,,,,,,Enabled,,STK_250_ANNI_2PCS,,,,,,,,,,,
Sponsored Products,Keyword,Create,STK_250_ANNI_2PCS_SP00_SPR00_eagle stickers_Exact_Nguyen_280526,AG_03_Exact_eagle stickers,,,,,,,,,,Enabled,,,,,,,0.6,eagle stickers,exact,,,,
Sponsored Products,Campaign,Create,STK_250_ANNI_2PCS_SP00_SPR00_bald eagle sticker_Exact_Nguyen_280526,,209757982448080,,,,STK_250_ANNI_2PCS_SP00_SPR00_bald eagle sticker_Exact_Nguyen_280526,,20260528,,Manual,Enabled,5.0,,,,,,,,,Dynamic bids - down only,,,
Sponsored Products,Bidding Adjustment,Create,STK_250_ANNI_2PCS_SP00_SPR00_bald eagle sticker_Exact_Nguyen_280526,,,,,,,,,,,Enabled,,,,,,,,,,,Placement Top,0,
Sponsored Products,Bidding Adjustment,Create,STK_250_ANNI_2PCS_SP00_SPR00_bald eagle sticker_Exact_Nguyen_280526,,,,,,,,,,,Enabled,,,,,,,,,,,Placement Product Page,0,
Sponsored Products,Bidding Adjustment,Create,STK_250_ANNI_2PCS_SP00_SPR00_bald eagle sticker_Exact_Nguyen_280526,,,,,,,,,,,Enabled,,,,,,,,,,,Placement Rest Of Search,0,
Sponsored Products,Ad Group,Create,STK_250_ANNI_2PCS_SP00_SPR00_bald eagle sticker_Exact_Nguyen_280526,AG_01_Exact_bald eagle sticker,,,,,,AG_01_Exact_bald eagle sticker,,,,Enabled,,,,,,0.6,,,,,,,
Sponsored Products,Product Ad,Create,STK_250_ANNI_2PCS_SP00_SPR00_bald eagle sticker_Exact_Nguyen_280526,AG_01_Exact_bald eagle sticker,,,,,,,,,,Enabled,,STK_250_ANNI_2PCS,,,,,,,,,,,
Sponsored Products,Keyword,Create,STK_250_ANNI_2PCS_SP00_SPR00_bald eagle sticker_Exact_Nguyen_280526,AG_01_Exact_bald eagle sticker,,,,,,,,,,Enabled,,,,,,,0.6,bald eagle sticker,exact,,,,
Sponsored Products,Ad Group,Create,STK_250_ANNI_2PCS_SP00_SPR00_bald eagle sticker_Exact_Nguyen_280526,AG_02_Exact_bald eagle sticker,,,,,,AG_02_Exact_bald eagle sticker,,,,Enabled,,,,,,0.6,,,,,,,
Sponsored Products,Product Ad,Create,STK_250_ANNI_2PCS_SP00_SPR00_bald eagle sticker_Exact_Nguyen_280526,AG_02_Exact_bald eagle sticker,,,,,,,,,,Enabled,,STK_250_ANNI_2PCS,,,,,,,,,,,
Sponsored Products,Keyword,Create,STK_250_ANNI_2PCS_SP00_SPR00_bald eagle sticker_Exact_Nguyen_280526,AG_02_Exact_bald eagle sticker,,,,,,,,,,Enabled,,,,,,,0.6,bald eagle sticker,exact,,,,
Sponsored Products,Ad Group,Create,STK_250_ANNI_2PCS_SP00_SPR00_bald eagle sticker_Exact_Nguyen_280526,AG_03_Exact_bald eagle sticker,,,,,,AG_03_Exact_bald eagle sticker,,,,Enabled,,,,,,0.6,,,,,,,
Sponsored Products,Product Ad,Create,STK_250_ANNI_2PCS_SP00_SPR00_bald eagle sticker_Exact_Nguyen_280526,AG_03_Exact_bald eagle sticker,,,,,,,,,,Enabled,,STK_250_ANNI_2PCS,,,,,,,,,,,
Sponsored Products,Keyword,Create,STK_250_ANNI_2PCS_SP00_SPR00_bald eagle sticker_Exact_Nguyen_280526,AG_03_Exact_bald eagle sticker,,,,,,,,,,Enabled,,,,,,,0.6,bald eagle sticker,exact,,,,
Sponsored Products,Campaign,Create,STK_250_ANNI_2PCS_SP00_SPR00_patriotic eagle decal_Exact_Nguyen_280526,,209757982448080,,,,STK_250_ANNI_2PCS_SP00_SPR00_patriotic eagle decal_Exact_Nguyen_280526,,20260528,,Manual,Enabled,5.0,,,,,,,,,Dynamic bids - down only,,,
Sponsored Products,Bidding Adjustment,Create,STK_250_ANNI_2PCS_SP00_SPR00_patriotic eagle decal_Exact_Nguyen_280526,,,,,,,,,,,Enabled,,,,,,,,,,,Placement Top,0,
Sponsored Products,Bidding Adjustment,Create,STK_250_ANNI_2PCS_SP00_SPR00_patriotic eagle decal_Exact_Nguyen_280526,,,,,,,,,,,Enabled,,,,,,,,,,,Placement Product Page,0,
Sponsored Products,Bidding Adjustment,Create,STK_250_ANNI_2PCS_SP00_SPR00_patriotic eagle decal_Exact_Nguyen_280526,,,,,,,,,,,Enabled,,,,,,,,,,,Placement Rest Of Search,0,
Sponsored Products,Ad Group,Create,STK_250_ANNI_2PCS_SP00_SPR00_patriotic eagle decal_Exact_Nguyen_280526,AG_01_Exact_patriotic eagle decal,,,,,,AG_01_Exact_patriotic eagle decal,,,,Enabled,,,,,,0.6,,,,,,,
Sponsored Products,Product Ad,Create,STK_250_ANNI_2PCS_SP00_SPR00_patriotic eagle decal_Exact_Nguyen_280526,AG_01_Exact_patriotic eagle decal,,,,,,,,,,Enabled,,STK_250_ANNI_2PCS,,,,,,,,,,,
Sponsored Products,Keyword,Create,STK_250_ANNI_2PCS_SP00_SPR00_patriotic eagle decal_Exact_Nguyen_280526,AG_01_Exact_patriotic eagle decal,,,,,,,,,,Enabled,,,,,,,0.6,patriotic eagle decal,exact,,,,
Sponsored Products,Ad Group,Create,STK_250_ANNI_2PCS_SP00_SPR00_patriotic eagle decal_Exact_Nguyen_280526,AG_02_Exact_patriotic eagle decal,,,,,,AG_02_Exact_patriotic eagle decal,,,,Enabled,,,,,,0.6,,,,,,,
Sponsored Products,Product Ad,Create,STK_250_ANNI_2PCS_SP00_SPR00_patriotic eagle decal_Exact_Nguyen_280526,AG_02_Exact_patriotic eagle decal,,,,,,,,,,Enabled,,STK_250_ANNI_2PCS,,,,,,,,,,,
Sponsored Products,Keyword,Create,STK_250_ANNI_2PCS_SP00_SPR00_patriotic eagle decal_Exact_Nguyen_280526,AG_02_Exact_patriotic eagle decal,,,,,,,,,,Enabled,,,,,,,0.6,patriotic eagle decal,exact,,,,
Sponsored Products,Ad Group,Create,STK_250_ANNI_2PCS_SP00_SPR00_patriotic eagle decal_Exact_Nguyen_280526,AG_03_Exact_patriotic eagle decal,,,,,,AG_03_Exact_patriotic eagle decal,,,,Enabled,,,,,,0.6,,,,,,,
Sponsored Products,Product Ad,Create,STK_250_ANNI_2PCS_SP00_SPR00_patriotic eagle decal_Exact_Nguyen_280526,AG_03_Exact_patriotic eagle decal,,,,,,,,,,Enabled,,STK_250_ANNI_2PCS,,,,,,,,,,,
Sponsored Products,Keyword,Create,STK_250_ANNI_2PCS_SP00_SPR00_patriotic eagle decal_Exact_Nguyen_280526,AG_03_Exact_patriotic eagle decal,,,,,,,,,,Enabled,,,,,,,0.6,patriotic eagle decal,exact,,,,
Sponsored Products,Campaign,Create,STK_250_ANNI_2PCS_SP00_SPR00_american eagle car sticker_Exact_Nguyen_280526,,209757982448080,,,,STK_250_ANNI_2PCS_SP00_SPR00_american eagle car sticker_Exact_Nguyen_280526,,20260528,,Manual,Enabled,5.0,,,,,,,,,Dynamic bids - down only,,,
Sponsored Products,Bidding Adjustment,Create,STK_250_ANNI_2PCS_SP00_SPR00_american eagle car sticker_Exact_Nguyen_280526,,,,,,,,,,,Enabled,,,,,,,,,,,Placement Top,0,
Sponsored Products,Bidding Adjustment,Create,STK_250_ANNI_2PCS_SP00_SPR00_american eagle car sticker_Exact_Nguyen_280526,,,,,,,,,,,Enabled,,,,,,,,,,,Placement Product Page,0,
Sponsored Products,Bidding Adjustment,Create,STK_250_ANNI_2PCS_SP00_SPR00_american eagle car sticker_Exact_Nguyen_280526,,,,,,,,,,,Enabled,,,,,,,,,,,Placement Rest Of Search,0,
Sponsored Products,Ad Group,Create,STK_250_ANNI_2PCS_SP00_SPR00_american eagle car sticker_Exact_Nguyen_280526,AG_01_Exact_american eagle car sticker,,,,,,AG_01_Exact_american eagle car sticker,,,,Enabled,,,,,,0.6,,,,,,,
Sponsored Products,Product Ad,Create,STK_250_ANNI_2PCS_SP00_SPR00_american eagle car sticker_Exact_Nguyen_280526,AG_01_Exact_american eagle car sticker,,,,,,,,,,Enabled,,STK_250_ANNI_2PCS,,,,,,,,,,,
Sponsored Products,Keyword,Create,STK_250_ANNI_2PCS_SP00_SPR00_american eagle car sticker_Exact_Nguyen_280526,AG_01_Exact_american eagle car sticker,,,,,,,,,,Enabled,,,,,,,0.6,american eagle car sticker,exact,,,,
Sponsored Products,Ad Group,Create,STK_250_ANNI_2PCS_SP00_SPR00_american eagle car sticker_Exact_Nguyen_280526,AG_02_Exact_american eagle car sticker,,,,,,AG_02_Exact_american eagle car sticker,,,,Enabled,,,,,,0.6,,,,,,,
Sponsored Products,Product Ad,Create,STK_250_ANNI_2PCS_SP00_SPR00_american eagle car sticker_Exact_Nguyen_280526,AG_02_Exact_american eagle car sticker,,,,,,,,,,Enabled,,STK_250_ANNI_2PCS,,,,,,,,,,,
Sponsored Products,Keyword,Create,STK_250_ANNI_2PCS_SP00_SPR00_american eagle car sticker_Exact_Nguyen_280526,AG_02_Exact_american eagle car sticker,,,,,,,,,,Enabled,,,,,,,0.6,american eagle car sticker,exact,,,,
Sponsored Products,Ad Group,Create,STK_250_ANNI_2PCS_SP00_SPR00_american eagle car sticker_Exact_Nguyen_280526,AG_03_Exact_american eagle car sticker,,,,,,AG_03_Exact_american eagle car sticker,,,,Enabled,,,,,,0.6,,,,,,,
Sponsored Products,Product Ad,Create,STK_250_ANNI_2PCS_SP00_SPR00_american eagle car sticker_Exact_Nguyen_280526,AG_03_Exact_american eagle car sticker,,,,,,,,,,Enabled,,STK_250_ANNI_2PCS,,,,,,,,,,,
Sponsored Products,Keyword,Create,STK_250_ANNI_2PCS_SP00_SPR00_american eagle car sticker_Exact_Nguyen_280526,AG_03_Exact_american eagle car sticker,,,,,,,,,,Enabled,,,,,,,0.6,american eagle car sticker,exact,,,,
Sponsored Products,Campaign,Create,STK_250_ANNI_2PCS_SP00_SPR00_eagle flag decal_Exact_Nguyen_280526,,209757982448080,,,,STK_250_ANNI_2PCS_SP00_SPR00_eagle flag decal_Exact_Nguyen_280526,,20260528,,Manual,Enabled,5.0,,,,,,,,,Dynamic bids - down only,,,
Sponsored Products,Bidding Adjustment,Create,STK_250_ANNI_2PCS_SP00_SPR00_eagle flag decal_Exact_Nguyen_280526,,,,,,,,,,,Enabled,,,,,,,,,,,Placement Top,0,
Sponsored Products,Bidding Adjustment,Create,STK_250_ANNI_2PCS_SP00_SPR00_eagle flag decal_Exact_Nguyen_280526,,,,,,,,,,,Enabled,,,,,,,,,,,Placement Product Page,0,
Sponsored Products,Bidding Adjustment,Create,STK_250_ANNI_2PCS_SP00_SPR00_eagle flag decal_Exact_Nguyen_280526,,,,,,,,,,,Enabled,,,,,,,,,,,Placement Rest Of Search,0,
Sponsored Products,Ad Group,Create,STK_250_ANNI_2PCS_SP00_SPR00_eagle flag decal_Exact_Nguyen_280526,AG_01_Exact_eagle flag decal,,,,,,AG_01_Exact_eagle flag decal,,,,Enabled,,,,,,0.6,,,,,,,
Sponsored Products,Product Ad,Create,STK_250_ANNI_2PCS_SP00_SPR00_eagle flag decal_Exact_Nguyen_280526,AG_01_Exact_eagle flag decal,,,,,,,,,,Enabled,,STK_250_ANNI_2PCS,,,,,,,,,,,
Sponsored Products,Keyword,Create,STK_250_ANNI_2PCS_SP00_SPR00_eagle flag decal_Exact_Nguyen_280526,AG_01_Exact_eagle flag decal,,,,,,,,,,Enabled,,,,,,,0.6,eagle flag decal,exact,,,,
Sponsored Products,Ad Group,Create,STK_250_ANNI_2PCS_SP00_SPR00_eagle flag decal_Exact_Nguyen_280526,AG_02_Exact_eagle flag decal,,,,,,AG_02_Exact_eagle flag decal,,,,Enabled,,,,,,0.6,,,,,,,
Sponsored Products,Product Ad,Create,STK_250_ANNI_2PCS_SP00_SPR00_eagle flag decal_Exact_Nguyen_280526,AG_02_Exact_eagle flag decal,,,,,,,,,,Enabled,,STK_250_ANNI_2PCS,,,,,,,,,,,
Sponsored Products,Keyword,Create,STK_250_ANNI_2PCS_SP00_SPR00_eagle flag decal_Exact_Nguyen_280526,AG_02_Exact_eagle flag decal,,,,,,,,,,Enabled,,,,,,,0.6,eagle flag decal,exact,,,,
Sponsored Products,Ad Group,Create,STK_250_ANNI_2PCS_SP00_SPR00_eagle flag decal_Exact_Nguyen_280526,AG_03_Exact_eagle flag decal,,,,,,AG_03_Exact_eagle flag decal,,,,Enabled,,,,,,0.6,,,,,,,
Sponsored Products,Product Ad,Create,STK_250_ANNI_2PCS_SP00_SPR00_eagle flag decal_Exact_Nguyen_280526,AG_03_Exact_eagle flag decal,,,,,,,,,,Enabled,,STK_250_ANNI_2PCS,,,,,,,,,,,
Sponsored Products,Keyword,Create,STK_250_ANNI_2PCS_SP00_SPR00_eagle flag decal_Exact_Nguyen_280526,AG_03_Exact_eagle flag decal,,,,,,,,,,Enabled,,,,,,,0.6,eagle flag decal,exact,,,,
Sponsored Products,Campaign,Create,STK_250_ANNI_2PCS_SP00_SPR00_usa eagle bumper sticker_Exact_Nguyen_280526,,209757982448080,,,,STK_250_ANNI_2PCS_SP00_SPR00_usa eagle bumper sticker_Exact_Nguyen_280526,,20260528,,Manual,Enabled,5.0,,,,,,,,,Dynamic bids - down only,,,
Sponsored Products,Bidding Adjustment,Create,STK_250_ANNI_2PCS_SP00_SPR00_usa eagle bumper sticker_Exact_Nguyen_280526,,,,,,,,,,,Enabled,,,,,,,,,,,Placement Top,0,
Sponsored Products,Bidding Adjustment,Create,STK_250_ANNI_2PCS_SP00_SPR00_usa eagle bumper sticker_Exact_Nguyen_280526,,,,,,,,,,,Enabled,,,,,,,,,,,Placement Product Page,0,
Sponsored Products,Bidding Adjustment,Create,STK_250_ANNI_2PCS_SP00_SPR00_usa eagle bumper sticker_Exact_Nguyen_280526,,,,,,,,,,,Enabled,,,,,,,,,,,Placement Rest Of Search,0,
Sponsored Products,Ad Group,Create,STK_250_ANNI_2PCS_SP00_SPR00_usa eagle bumper sticker_Exact_Nguyen_280526,AG_01_Exact_usa eagle bumper sticker,,,,,,AG_01_Exact_usa eagle bumper sticker,,,,Enabled,,,,,,0.6,,,,,,,
Sponsored Products,Product Ad,Create,STK_250_ANNI_2PCS_SP00_SPR00_usa eagle bumper sticker_Exact_Nguyen_280526,AG_01_Exact_usa eagle bumper sticker,,,,,,,,,,Enabled,,STK_250_ANNI_2PCS,,,,,,,,,,,
Sponsored Products,Keyword,Create,STK_250_ANNI_2PCS_SP00_SPR00_usa eagle bumper sticker_Exact_Nguyen_280526,AG_01_Exact_usa eagle bumper sticker,,,,,,,,,,Enabled,,,,,,,0.6,usa eagle bumper sticker,exact,,,,
Sponsored Products,Ad Group,Create,STK_250_ANNI_2PCS_SP00_SPR00_usa eagle bumper sticker_Exact_Nguyen_280526,AG_02_Exact_usa eagle bumper sticker,,,,,,AG_02_Exact_usa eagle bumper sticker,,,,Enabled,,,,,,0.6,,,,,,,
Sponsored Products,Product Ad,Create,STK_250_ANNI_2PCS_SP00_SPR00_usa eagle bumper sticker_Exact_Nguyen_280526,AG_02_Exact_usa eagle bumper sticker,,,,,,,,,,Enabled,,STK_250_ANNI_2PCS,,,,,,,,,,,
Sponsored Products,Keyword,Create,STK_250_ANNI_2PCS_SP00_SPR00_usa eagle bumper sticker_Exact_Nguyen_280526,AG_02_Exact_usa eagle bumper sticker,,,,,,,,,,Enabled,,,,,,,0.6,usa eagle bumper sticker,exact,,,,
Sponsored Products,Ad Group,Create,STK_250_ANNI_2PCS_SP00_SPR00_usa eagle bumper sticker_Exact_Nguyen_280526,AG_03_Exact_usa eagle bumper sticker,,,,,,AG_03_Exact_usa eagle bumper sticker,,,,Enabled,,,,,,0.6,,,,,,,
Sponsored Products,Product Ad,Create,STK_250_ANNI_2PCS_SP00_SPR00_usa eagle bumper sticker_Exact_Nguyen_280526,AG_03_Exact_usa eagle bumper sticker,,,,,,,,,,Enabled,,STK_250_ANNI_2PCS,,,,,,,,,,,
Sponsored Products,Keyword,Create,STK_250_ANNI_2PCS_SP00_SPR00_usa eagle bumper sticker_Exact_Nguyen_280526,AG_03_Exact_usa eagle bumper sticker,,,,,,,,,,Enabled,,,,,,,0.6,usa eagle bumper sticker,exact,,,,
Sponsored Products,Campaign,Create,STK_250_ANNI_2PCS_SP00_SPR00_freedom eagle sticker_Exact_Nguyen_280526,,209757982448080,,,,STK_250_ANNI_2PCS_SP00_SPR00_freedom eagle sticker_Exact_Nguyen_280526,,20260528,,Manual,Enabled,5.0,,,,,,,,,Dynamic bids - down only,,,
Sponsored Products,Bidding Adjustment,Create,STK_250_ANNI_2PCS_SP00_SPR00_freedom eagle sticker_Exact_Nguyen_280526,,,,,,,,,,,Enabled,,,,,,,,,,,Placement Top,0,
Sponsored Products,Bidding Adjustment,Create,STK_250_ANNI_2PCS_SP00_SPR00_freedom eagle sticker_Exact_Nguyen_280526,,,,,,,,,,,Enabled,,,,,,,,,,,Placement Product Page,0,
Sponsored Products,Bidding Adjustment,Create,STK_250_ANNI_2PCS_SP00_SPR00_freedom eagle sticker_Exact_Nguyen_280526,,,,,,,,,,,Enabled,,,,,,,,,,,Placement Rest Of Search,0,
Sponsored Products,Ad Group,Create,STK_250_ANNI_2PCS_SP00_SPR00_freedom eagle sticker_Exact_Nguyen_280526,AG_01_Exact_freedom eagle sticker,,,,,,AG_01_Exact_freedom eagle sticker,,,,Enabled,,,,,,0.6,,,,,,,
Sponsored Products,Product Ad,Create,STK_250_ANNI_2PCS_SP00_SPR00_freedom eagle sticker_Exact_Nguyen_280526,AG_01_Exact_freedom eagle sticker,,,,,,,,,,Enabled,,STK_250_ANNI_2PCS,,,,,,,,,,,
Sponsored Products,Keyword,Create,STK_250_ANNI_2PCS_SP00_SPR00_freedom eagle sticker_Exact_Nguyen_280526,AG_01_Exact_freedom eagle sticker,,,,,,,,,,Enabled,,,,,,,0.6,freedom eagle sticker,exact,,,,
Sponsored Products,Ad Group,Create,STK_250_ANNI_2PCS_SP00_SPR00_freedom eagle sticker_Exact_Nguyen_280526,AG_02_Exact_freedom eagle sticker,,,,,,AG_02_Exact_freedom eagle sticker,,,,Enabled,,,,,,0.6,,,,,,,
Sponsored Products,Product Ad,Create,STK_250_ANNI_2PCS_SP00_SPR00_freedom eagle sticker_Exact_Nguyen_280526,AG_02_Exact_freedom eagle sticker,,,,,,,,,,Enabled,,STK_250_ANNI_2PCS,,,,,,,,,,,
Sponsored Products,Keyword,Create,STK_250_ANNI_2PCS_SP00_SPR00_freedom eagle sticker_Exact_Nguyen_280526,AG_02_Exact_freedom eagle sticker,,,,,,,,,,Enabled,,,,,,,0.6,freedom eagle sticker,exact,,,,
Sponsored Products,Ad Group,Create,STK_250_ANNI_2PCS_SP00_SPR00_freedom eagle sticker_Exact_Nguyen_280526,AG_03_Exact_freedom eagle sticker,,,,,,AG_03_Exact_freedom eagle sticker,,,,Enabled,,,,,,0.6,,,,,,,
Sponsored Products,Product Ad,Create,STK_250_ANNI_2PCS_SP00_SPR00_freedom eagle sticker_Exact_Nguyen_280526,AG_03_Exact_freedom eagle sticker,,,,,,,,,,Enabled,,STK_250_ANNI_2PCS,,,,,,,,,,,
Sponsored Products,Keyword,Create,STK_250_ANNI_2PCS_SP00_SPR00_freedom eagle sticker_Exact_Nguyen_280526,AG_03_Exact_freedom eagle sticker,,,,,,,,,,Enabled,,,,,,,0.6,freedom eagle sticker,exact,,,,
Sponsored Products,Campaign,Create,STK_250_ANNI_2PCS_SP00_SPR00_vintage eagle patriotic sticker_Exact_Nguyen_280526,,209757982448080,,,,STK_250_ANNI_2PCS_SP00_SPR00_vintage eagle patriotic sticker_Exact_Nguyen_280526,,20260528,,Manual,Enabled,5.0,,,,,,,,,Dynamic bids - down only,,,
Sponsored Products,Bidding Adjustment,Create,STK_250_ANNI_2PCS_SP00_SPR00_vintage eagle patriotic sticker_Exact_Nguyen_280526,,,,,,,,,,,Enabled,,,,,,,,,,,Placement Top,0,
Sponsored Products,Bidding Adjustment,Create,STK_250_ANNI_2PCS_SP00_SPR00_vintage eagle patriotic sticker_Exact_Nguyen_280526,,,,,,,,,,,Enabled,,,,,,,,,,,Placement Product Page,0,
Sponsored Products,Bidding Adjustment,Create,STK_250_ANNI_2PCS_SP00_SPR00_vintage eagle patriotic sticker_Exact_Nguyen_280526,,,,,,,,,,,Enabled,,,,,,,,,,,Placement Rest Of Search,0,
Sponsored Products,Ad Group,Create,STK_250_ANNI_2PCS_SP00_SPR00_vintage eagle patriotic sticker_Exact_Nguyen_280526,AG_01_Exact_vintage eagle patriotic sticker,,,,,,AG_01_Exact_vintage eagle patriotic sticker,,,,Enabled,,,,,,0.6,,,,,,,
Sponsored Products,Product Ad,Create,STK_250_ANNI_2PCS_SP00_SPR00_vintage eagle patriotic sticker_Exact_Nguyen_280526,AG_01_Exact_vintage eagle patriotic sticker,,,,,,,,,,Enabled,,STK_250_ANNI_2PCS,,,,,,,,,,,
Sponsored Products,Keyword,Create,STK_250_ANNI_2PCS_SP00_SPR00_vintage eagle patriotic sticker_Exact_Nguyen_280526,AG_01_Exact_vintage eagle patriotic sticker,,,,,,,,,,Enabled,,,,,,,0.6,vintage eagle patriotic sticker,exact,,,,
Sponsored Products,Ad Group,Create,STK_250_ANNI_2PCS_SP00_SPR00_vintage eagle patriotic sticker_Exact_Nguyen_280526,AG_02_Exact_vintage eagle patriotic sticker,,,,,,AG_02_Exact_vintage eagle patriotic sticker,,,,Enabled,,,,,,0.6,,,,,,,
Sponsored Products,Product Ad,Create,STK_250_ANNI_2PCS_SP00_SPR00_vintage eagle patriotic sticker_Exact_Nguyen_280526,AG_02_Exact_vintage eagle patriotic sticker,,,,,,,,,,Enabled,,STK_250_ANNI_2PCS,,,,,,,,,,,
Sponsored Products,Keyword,Create,STK_250_ANNI_2PCS_SP00_SPR00_vintage eagle patriotic sticker_Exact_Nguyen_280526,AG_02_Exact_vintage eagle patriotic sticker,,,,,,,,,,Enabled,,,,,,,0.6,vintage eagle patriotic sticker,exact,,,,
Sponsored Products,Ad Group,Create,STK_250_ANNI_2PCS_SP00_SPR00_vintage eagle patriotic sticker_Exact_Nguyen_280526,AG_03_Exact_vintage eagle patriotic sticker,,,,,,AG_03_Exact_vintage eagle patriotic sticker,,,,Enabled,,,,,,0.6,,,,,,,
Sponsored Products,Product Ad,Create,STK_250_ANNI_2PCS_SP00_SPR00_vintage eagle patriotic sticker_Exact_Nguyen_280526,AG_03_Exact_vintage eagle patriotic sticker,,,,,,,,,,Enabled,,STK_250_ANNI_2PCS,,,,,,,,,,,
Sponsored Products,Keyword,Create,STK_250_ANNI_2PCS_SP00_SPR00_vintage eagle patriotic sticker_Exact_Nguyen_280526,AG_03_Exact_vintage eagle patriotic sticker,,,,,,,,,,Enabled,,,,,,,0.6,vintage eagle patriotic sticker,exact,,,,
Sponsored Products,Campaign,Create,STK_250_ANNI_2PCS_SP00_SPR00_american eagle vinyl decal_Exact_Nguyen_280526,,209757982448080,,,,STK_250_ANNI_2PCS_SP00_SPR00_american eagle vinyl decal_Exact_Nguyen_280526,,20260528,,Manual,Enabled,5.0,,,,,,,,,Dynamic bids - down only,,,
Sponsored Products,Bidding Adjustment,Create,STK_250_ANNI_2PCS_SP00_SPR00_american eagle vinyl decal_Exact_Nguyen_280526,,,,,,,,,,,Enabled,,,,,,,,,,,Placement Top,0,
Sponsored Products,Bidding Adjustment,Create,STK_250_ANNI_2PCS_SP00_SPR00_american eagle vinyl decal_Exact_Nguyen_280526,,,,,,,,,,,Enabled,,,,,,,,,,,Placement Product Page,0,
Sponsored Products,Bidding Adjustment,Create,STK_250_ANNI_2PCS_SP00_SPR00_american eagle vinyl decal_Exact_Nguyen_280526,,,,,,,,,,,Enabled,,,,,,,,,,,Placement Rest Of Search,0,
Sponsored Products,Ad Group,Create,STK_250_ANNI_2PCS_SP00_SPR00_american eagle vinyl decal_Exact_Nguyen_280526,AG_01_Exact_american eagle vinyl decal,,,,,,AG_01_Exact_american eagle vinyl decal,,,,Enabled,,,,,,0.6,,,,,,,
Sponsored Products,Product Ad,Create,STK_250_ANNI_2PCS_SP00_SPR00_american eagle vinyl decal_Exact_Nguyen_280526,AG_01_Exact_american eagle vinyl decal,,,,,,,,,,Enabled,,STK_250_ANNI_2PCS,,,,,,,,,,,
Sponsored Products,Keyword,Create,STK_250_ANNI_2PCS_SP00_SPR00_american eagle vinyl decal_Exact_Nguyen_280526,AG_01_Exact_american eagle vinyl decal,,,,,,,,,,Enabled,,,,,,,0.6,american eagle vinyl decal,exact,,,,
Sponsored Products,Ad Group,Create,STK_250_ANNI_2PCS_SP00_SPR00_american eagle vinyl decal_Exact_Nguyen_280526,AG_02_Exact_american eagle vinyl decal,,,,,,AG_02_Exact_american eagle vinyl decal,,,,Enabled,,,,,,0.6,,,,,,,
Sponsored Products,Product Ad,Create,STK_250_ANNI_2PCS_SP00_SPR00_american eagle vinyl decal_Exact_Nguyen_280526,AG_02_Exact_american eagle vinyl decal,,,,,,,,,,Enabled,,STK_250_ANNI_2PCS,,,,,,,,,,,
Sponsored Products,Keyword,Create,STK_250_ANNI_2PCS_SP00_SPR00_american eagle vinyl decal_Exact_Nguyen_280526,AG_02_Exact_american eagle vinyl decal,,,,,,,,,,Enabled,,,,,,,0.6,american eagle vinyl decal,exact,,,,
Sponsored Products,Ad Group,Create,STK_250_ANNI_2PCS_SP00_SPR00_american eagle vinyl decal_Exact_Nguyen_280526,AG_03_Exact_american eagle vinyl decal,,,,,,AG_03_Exact_american eagle vinyl decal,,,,Enabled,,,,,,0.6,,,,,,,
Sponsored Products,Product Ad,Create,STK_250_ANNI_2PCS_SP00_SPR00_american eagle vinyl decal_Exact_Nguyen_280526,AG_03_Exact_american eagle vinyl decal,,,,,,,,,,Enabled,,STK_250_ANNI_2PCS,,,,,,,,,,,
Sponsored Products,Keyword,Create,STK_250_ANNI_2PCS_SP00_SPR00_american eagle vinyl decal_Exact_Nguyen_280526,AG_03_Exact_american eagle vinyl decal,,,,,,,,,,Enabled,,,,,,,0.6,american eagle vinyl decal,exact,,,,
Sponsored Products,Campaign,Create,STK_250_ANNI_2PCS_SP00_SPR00_truck eagle stickers_Exact_Nguyen_280526,,209757982448080,,,,STK_250_ANNI_2PCS_SP00_SPR00_truck eagle stickers_Exact_Nguyen_280526,,20260528,,Manual,Enabled,5.0,,,,,,,,,Dynamic bids - down only,,,
Sponsored Products,Bidding Adjustment,Create,STK_250_ANNI_2PCS_SP00_SPR00_truck eagle stickers_Exact_Nguyen_280526,,,,,,,,,,,Enabled,,,,,,,,,,,Placement Top,0,
Sponsored Products,Bidding Adjustment,Create,STK_250_ANNI_2PCS_SP00_SPR00_truck eagle stickers_Exact_Nguyen_280526,,,,,,,,,,,Enabled,,,,,,,,,,,Placement Product Page,0,
Sponsored Products,Bidding Adjustment,Create,STK_250_ANNI_2PCS_SP00_SPR00_truck eagle stickers_Exact_Nguyen_280526,,,,,,,,,,,Enabled,,,,,,,,,,,Placement Rest Of Search,0,
Sponsored Products,Ad Group,Create,STK_250_ANNI_2PCS_SP00_SPR00_truck eagle stickers_Exact_Nguyen_280526,AG_01_Exact_truck eagle stickers,,,,,,AG_01_Exact_truck eagle stickers,,,,Enabled,,,,,,0.6,,,,,,,
Sponsored Products,Product Ad,Create,STK_250_ANNI_2PCS_SP00_SPR00_truck eagle stickers_Exact_Nguyen_280526,AG_01_Exact_truck eagle stickers,,,,,,,,,,Enabled,,STK_250_ANNI_2PCS,,,,,,,,,,,
Sponsored Products,Keyword,Create,STK_250_ANNI_2PCS_SP00_SPR00_truck eagle stickers_Exact_Nguyen_280526,AG_01_Exact_truck eagle stickers,,,,,,,,,,Enabled,,,,,,,0.6,truck eagle stickers,exact,,,,
Sponsored Products,Ad Group,Create,STK_250_ANNI_2PCS_SP00_SPR00_truck eagle stickers_Exact_Nguyen_280526,AG_02_Exact_truck eagle stickers,,,,,,AG_02_Exact_truck eagle stickers,,,,Enabled,,,,,,0.6,,,,,,,
Sponsored Products,Product Ad,Create,STK_250_ANNI_2PCS_SP00_SPR00_truck eagle stickers_Exact_Nguyen_280526,AG_02_Exact_truck eagle stickers,,,,,,,,,,Enabled,,STK_250_ANNI_2PCS,,,,,,,,,,,
Sponsored Products,Keyword,Create,STK_250_ANNI_2PCS_SP00_SPR00_truck eagle stickers_Exact_Nguyen_280526,AG_02_Exact_truck eagle stickers,,,,,,,,,,Enabled,,,,,,,0.6,truck eagle stickers,exact,,,,
Sponsored Products,Ad Group,Create,STK_250_ANNI_2PCS_SP00_SPR00_truck eagle stickers_Exact_Nguyen_280526,AG_03_Exact_truck eagle stickers,,,,,,AG_03_Exact_truck eagle stickers,,,,Enabled,,,,,,0.6,,,,,,,
Sponsored Products,Product Ad,Create,STK_250_ANNI_2PCS_SP00_SPR00_truck eagle stickers_Exact_Nguyen_280526,AG_03_Exact_truck eagle stickers,,,,,,,,,,Enabled,,STK_250_ANNI_2PCS,,,,,,,,,,,
Sponsored Products,Keyword,Create,STK_250_ANNI_2PCS_SP00_SPR00_truck eagle stickers_Exact_Nguyen_280526,AG_03_Exact_truck eagle stickers,,,,,,,,,,Enabled,,,,,,,0.6,truck eagle stickers,exact,,,,
Sponsored Products,Campaign,Create,STK_250_ANNI_2PCS_SP00_SPR00_patriotic bird decal_Exact_Nguyen_280526,,209757982448080,,,,STK_250_ANNI_2PCS_SP00_SPR00_patriotic bird decal_Exact_Nguyen_280526,,20260528,,Manual,Enabled,5.0,,,,,,,,,Dynamic bids - down only,,,
Sponsored Products,Bidding Adjustment,Create,STK_250_ANNI_2PCS_SP00_SPR00_patriotic bird decal_Exact_Nguyen_280526,,,,,,,,,,,Enabled,,,,,,,,,,,Placement Top,0,
Sponsored Products,Bidding Adjustment,Create,STK_250_ANNI_2PCS_SP00_SPR00_patriotic bird decal_Exact_Nguyen_280526,,,,,,,,,,,Enabled,,,,,,,,,,,Placement Product Page,0,
Sponsored Products,Bidding Adjustment,Create,STK_250_ANNI_2PCS_SP00_SPR00_patriotic bird decal_Exact_Nguyen_280526,,,,,,,,,,,Enabled,,,,,,,,,,,Placement Rest Of Search,0,
Sponsored Products,Ad Group,Create,STK_250_ANNI_2PCS_SP00_SPR00_patriotic bird decal_Exact_Nguyen_280526,AG_01_Exact_patriotic bird decal,,,,,,AG_01_Exact_patriotic bird decal,,,,Enabled,,,,,,0.6,,,,,,,
Sponsored Products,Product Ad,Create,STK_250_ANNI_2PCS_SP00_SPR00_patriotic bird decal_Exact_Nguyen_280526,AG_01_Exact_patriotic bird decal,,,,,,,,,,Enabled,,STK_250_ANNI_2PCS,,,,,,,,,,,
Sponsored Products,Keyword,Create,STK_250_ANNI_2PCS_SP00_SPR00_patriotic bird decal_Exact_Nguyen_280526,AG_01_Exact_patriotic bird decal,,,,,,,,,,Enabled,,,,,,,0.6,patriotic bird decal,exact,,,,
Sponsored Products,Ad Group,Create,STK_250_ANNI_2PCS_SP00_SPR00_patriotic bird decal_Exact_Nguyen_280526,AG_02_Exact_patriotic bird decal,,,,,,AG_02_Exact_patriotic bird decal,,,,Enabled,,,,,,0.6,,,,,,,
Sponsored Products,Product Ad,Create,STK_250_ANNI_2PCS_SP00_SPR00_patriotic bird decal_Exact_Nguyen_280526,AG_02_Exact_patriotic bird decal,,,,,,,,,,Enabled,,STK_250_ANNI_2PCS,,,,,,,,,,,
Sponsored Products,Keyword,Create,STK_250_ANNI_2PCS_SP00_SPR00_patriotic bird decal_Exact_Nguyen_280526,AG_02_Exact_patriotic bird decal,,,,,,,,,,Enabled,,,,,,,0.6,patriotic bird decal,exact,,,,
Sponsored Products,Ad Group,Create,STK_250_ANNI_2PCS_SP00_SPR00_patriotic bird decal_Exact_Nguyen_280526,AG_03_Exact_patriotic bird decal,,,,,,AG_03_Exact_patriotic bird decal,,,,Enabled,,,,,,0.6,,,,,,,
Sponsored Products,Product Ad,Create,STK_250_ANNI_2PCS_SP00_SPR00_patriotic bird decal_Exact_Nguyen_280526,AG_03_Exact_patriotic bird decal,,,,,,,,,,Enabled,,STK_250_ANNI_2PCS,,,,,,,,,,,
Sponsored Products,Keyword,Create,STK_250_ANNI_2PCS_SP00_SPR00_patriotic bird decal_Exact_Nguyen_280526,AG_03_Exact_patriotic bird decal,,,,,,,,,,Enabled,,,,,,,0.6,patriotic bird decal,exact,,,,
Sponsored Products,Campaign,Create,STK_250_ANNI_2PCS_SP00_250 anniversary usa stickers_Phrase_Nguyen_280526,,209757982448080,,,,STK_250_ANNI_2PCS_SP00_250 anniversary usa stickers_Phrase_Nguyen_280526,,20260528,,Manual,Enabled,5.0,,,,,,,,,Dynamic bids - down only,,,
Sponsored Products,Bidding Adjustment,Create,STK_250_ANNI_2PCS_SP00_250 anniversary usa stickers_Phrase_Nguyen_280526,,,,,,,,,,,Enabled,,,,,,,,,,,Placement Top,0,
Sponsored Products,Bidding Adjustment,Create,STK_250_ANNI_2PCS_SP00_250 anniversary usa stickers_Phrase_Nguyen_280526,,,,,,,,,,,Enabled,,,,,,,,,,,Placement Product Page,0,
Sponsored Products,Bidding Adjustment,Create,STK_250_ANNI_2PCS_SP00_250 anniversary usa stickers_Phrase_Nguyen_280526,,,,,,,,,,,Enabled,,,,,,,,,,,Placement Rest Of Search,0,
Sponsored Products,Ad Group,Create,STK_250_ANNI_2PCS_SP00_250 anniversary usa stickers_Phrase_Nguyen_280526,STK_250_ANNI_2PCS_SP00_250 anniversary usa stickers_Phrase_Nguyen_280526,,,,,,250 anniversary usa stickers,,,,Enabled,,,,,,0.45,,,,,,,
Sponsored Products,Product Ad,Create,STK_250_ANNI_2PCS_SP00_250 anniversary usa stickers_Phrase_Nguyen_280526,STK_250_ANNI_2PCS_SP00_250 anniversary usa stickers_Phrase_Nguyen_280526,,,,,,,,,,Enabled,,STK_250_ANNI_2PCS,,,,,,,,,,,
Sponsored Products,Keyword,Create,STK_250_ANNI_2PCS_SP00_250 anniversary usa stickers_Phrase_Nguyen_280526,STK_250_ANNI_2PCS_SP00_250 anniversary usa stickers_Phrase_Nguyen_280526,,,,,,,,,,Enabled,,,,,,,0.45,250 anniversary usa stickers,phrase,,,,
Sponsored Products,Campaign,Create,STK_250_ANNI_2PCS_SP00_250 anniversary stickers_Phrase_Nguyen_280526,,209757982448080,,,,STK_250_ANNI_2PCS_SP00_250 anniversary stickers_Phrase_Nguyen_280526,,20260528,,Manual,Enabled,5.0,,,,,,,,,Dynamic bids - down only,,,
Sponsored Products,Bidding Adjustment,Create,STK_250_ANNI_2PCS_SP00_250 anniversary stickers_Phrase_Nguyen_280526,,,,,,,,,,,Enabled,,,,,,,,,,,Placement Top,0,
Sponsored Products,Bidding Adjustment,Create,STK_250_ANNI_2PCS_SP00_250 anniversary stickers_Phrase_Nguyen_280526,,,,,,,,,,,Enabled,,,,,,,,,,,Placement Product Page,0,
Sponsored Products,Bidding Adjustment,Create,STK_250_ANNI_2PCS_SP00_250 anniversary stickers_Phrase_Nguyen_280526,,,,,,,,,,,Enabled,,,,,,,,,,,Placement Rest Of Search,0,
Sponsored Products,Ad Group,Create,STK_250_ANNI_2PCS_SP00_250 anniversary stickers_Phrase_Nguyen_280526,STK_250_ANNI_2PCS_SP00_250 anniversary stickers_Phrase_Nguyen_280526,,,,,,250 anniversary stickers,,,,Enabled,,,,,,0.45,,,,,,,
Sponsored Products,Product Ad,Create,STK_250_ANNI_2PCS_SP00_250 anniversary stickers_Phrase_Nguyen_280526,STK_250_ANNI_2PCS_SP00_250 anniversary stickers_Phrase_Nguyen_280526,,,,,,,,,,Enabled,,STK_250_ANNI_2PCS,,,,,,,,,,,
Sponsored Products,Keyword,Create,STK_250_ANNI_2PCS_SP00_250 anniversary stickers_Phrase_Nguyen_280526,STK_250_ANNI_2PCS_SP00_250 anniversary stickers_Phrase_Nguyen_280526,,,,,,,,,,Enabled,,,,,,,0.45,250 anniversary stickers,phrase,,,,
Sponsored Products,Campaign,Create,STK_250_ANNI_2PCS_SP00_american stickers_Phrase_Nguyen_280526,,209757982448080,,,,STK_250_ANNI_2PCS_SP00_american stickers_Phrase_Nguyen_280526,,20260528,,Manual,Enabled,5.0,,,,,,,,,Dynamic bids - down only,,,
Sponsored Products,Bidding Adjustment,Create,STK_250_ANNI_2PCS_SP00_american stickers_Phrase_Nguyen_280526,,,,,,,,,,,Enabled,,,,,,,,,,,Placement Top,0,
Sponsored Products,Bidding Adjustment,Create,STK_250_ANNI_2PCS_SP00_american stickers_Phrase_Nguyen_280526,,,,,,,,,,,Enabled,,,,,,,,,,,Placement Product Page,0,
Sponsored Products,Bidding Adjustment,Create,STK_250_ANNI_2PCS_SP00_american stickers_Phrase_Nguyen_280526,,,,,,,,,,,Enabled,,,,,,,,,,,Placement Rest Of Search,0,
Sponsored Products,Ad Group,Create,STK_250_ANNI_2PCS_SP00_american stickers_Phrase_Nguyen_280526,STK_250_ANNI_2PCS_SP00_american stickers_Phrase_Nguyen_280526,,,,,,american stickers,,,,Enabled,,,,,,0.45,,,,,,,
Sponsored Products,Product Ad,Create,STK_250_ANNI_2PCS_SP00_american stickers_Phrase_Nguyen_280526,STK_250_ANNI_2PCS_SP00_american stickers_Phrase_Nguyen_280526,,,,,,,,,,Enabled,,STK_250_ANNI_2PCS,,,,,,,,,,,
Sponsored Products,Keyword,Create,STK_250_ANNI_2PCS_SP00_american stickers_Phrase_Nguyen_280526,STK_250_ANNI_2PCS_SP00_american stickers_Phrase_Nguyen_280526,,,,,,,,,,Enabled,,,,,,,0.45,american stickers,phrase,,,,
Sponsored Products,Campaign,Create,STK_250_ANNI_2PCS_SP00_america 250 stickers_Phrase_Nguyen_280526,,209757982448080,,,,STK_250_ANNI_2PCS_SP00_america 250 stickers_Phrase_Nguyen_280526,,20260528,,Manual,Enabled,5.0,,,,,,,,,Dynamic bids - down only,,,
Sponsored Products,Bidding Adjustment,Create,STK_250_ANNI_2PCS_SP00_america 250 stickers_Phrase_Nguyen_280526,,,,,,,,,,,Enabled,,,,,,,,,,,Placement Top,0,
Sponsored Products,Bidding Adjustment,Create,STK_250_ANNI_2PCS_SP00_america 250 stickers_Phrase_Nguyen_280526,,,,,,,,,,,Enabled,,,,,,,,,,,Placement Product Page,0,
Sponsored Products,Bidding Adjustment,Create,STK_250_ANNI_2PCS_SP00_america 250 stickers_Phrase_Nguyen_280526,,,,,,,,,,,Enabled,,,,,,,,,,,Placement Rest Of Search,0,
Sponsored Products,Ad Group,Create,STK_250_ANNI_2PCS_SP00_america 250 stickers_Phrase_Nguyen_280526,STK_250_ANNI_2PCS_SP00_america 250 stickers_Phrase_Nguyen_280526,,,,,,america 250 stickers,,,,Enabled,,,,,,0.45,,,,,,,
Sponsored Products,Product Ad,Create,STK_250_ANNI_2PCS_SP00_america 250 stickers_Phrase_Nguyen_280526,STK_250_ANNI_2PCS_SP00_america 250 stickers_Phrase_Nguyen_280526,,,,,,,,,,Enabled,,STK_250_ANNI_2PCS,,,,,,,,,,,
Sponsored Products,Keyword,Create,STK_250_ANNI_2PCS_SP00_america 250 stickers_Phrase_Nguyen_280526,STK_250_ANNI_2PCS_SP00_america 250 stickers_Phrase_Nguyen_280526,,,,,,,,,,Enabled,,,,,,,0.45,america 250 stickers,phrase,,,,
Sponsored Products,Campaign,Create,STK_250_ANNI_2PCS_SP00_usa 250 decal_Phrase_Nguyen_280526,,209757982448080,,,,STK_250_ANNI_2PCS_SP00_usa 250 decal_Phrase_Nguyen_280526,,20260528,,Manual,Enabled,5.0,,,,,,,,,Dynamic bids - down only,,,
Sponsored Products,Bidding Adjustment,Create,STK_250_ANNI_2PCS_SP00_usa 250 decal_Phrase_Nguyen_280526,,,,,,,,,,,Enabled,,,,,,,,,,,Placement Top,0,
Sponsored Products,Bidding Adjustment,Create,STK_250_ANNI_2PCS_SP00_usa 250 decal_Phrase_Nguyen_280526,,,,,,,,,,,Enabled,,,,,,,,,,,Placement Product Page,0,
Sponsored Products,Bidding Adjustment,Create,STK_250_ANNI_2PCS_SP00_usa 250 decal_Phrase_Nguyen_280526,,,,,,,,,,,Enabled,,,,,,,,,,,Placement Rest Of Search,0,
Sponsored Products,Ad Group,Create,STK_250_ANNI_2PCS_SP00_usa 250 decal_Phrase_Nguyen_280526,STK_250_ANNI_2PCS_SP00_usa 250 decal_Phrase_Nguyen_280526,,,,,,usa 250 decal,,,,Enabled,,,,,,0.45,,,,,,,
Sponsored Products,Product Ad,Create,STK_250_ANNI_2PCS_SP00_usa 250 decal_Phrase_Nguyen_280526,STK_250_ANNI_2PCS_SP00_usa 250 decal_Phrase_Nguyen_280526,,,,,,,,,,Enabled,,STK_250_ANNI_2PCS,,,,,,,,,,,
Sponsored Products,Keyword,Create,STK_250_ANNI_2PCS_SP00_usa 250 decal_Phrase_Nguyen_280526,STK_250_ANNI_2PCS_SP00_usa 250 decal_Phrase_Nguyen_280526,,,,,,,,,,Enabled,,,,,,,0.45,usa 250 decal,phrase,,,,
Sponsored Products,Campaign,Create,STK_250_ANNI_2PCS_SP00_1776 2026 stickers_Phrase_Nguyen_280526,,209757982448080,,,,STK_250_ANNI_2PCS_SP00_1776 2026 stickers_Phrase_Nguyen_280526,,20260528,,Manual,Enabled,5.0,,,,,,,,,Dynamic bids - down only,,,
Sponsored Products,Bidding Adjustment,Create,STK_250_ANNI_2PCS_SP00_1776 2026 stickers_Phrase_Nguyen_280526,,,,,,,,,,,Enabled,,,,,,,,,,,Placement Top,0,
Sponsored Products,Bidding Adjustment,Create,STK_250_ANNI_2PCS_SP00_1776 2026 stickers_Phrase_Nguyen_280526,,,,,,,,,,,Enabled,,,,,,,,,,,Placement Product Page,0,
Sponsored Products,Bidding Adjustment,Create,STK_250_ANNI_2PCS_SP00_1776 2026 stickers_Phrase_Nguyen_280526,,,,,,,,,,,Enabled,,,,,,,,,,,Placement Rest Of Search,0,
Sponsored Products,Ad Group,Create,STK_250_ANNI_2PCS_SP00_1776 2026 stickers_Phrase_Nguyen_280526,STK_250_ANNI_2PCS_SP00_1776 2026 stickers_Phrase_Nguyen_280526,,,,,,1776 2026 stickers,,,,Enabled,,,,,,0.45,,,,,,,
Sponsored Products,Product Ad,Create,STK_250_ANNI_2PCS_SP00_1776 2026 stickers_Phrase_Nguyen_280526,STK_250_ANNI_2PCS_SP00_1776 2026 stickers_Phrase_Nguyen_280526,,,,,,,,,,Enabled,,STK_250_ANNI_2PCS,,,,,,,,,,,
Sponsored Products,Keyword,Create,STK_250_ANNI_2PCS_SP00_1776 2026 stickers_Phrase_Nguyen_280526,STK_250_ANNI_2PCS_SP00_1776 2026 stickers_Phrase_Nguyen_280526,,,,,,,,,,Enabled,,,,,,,0.45,1776 2026 stickers,phrase,,,,
Sponsored Products,Campaign,Create,STK_250_ANNI_2PCS_SP00_250 years of freedom sticker_Phrase_Nguyen_280526,,209757982448080,,,,STK_250_ANNI_2PCS_SP00_250 years of freedom sticker_Phrase_Nguyen_280526,,20260528,,Manual,Enabled,5.0,,,,,,,,,Dynamic bids - down only,,,
Sponsored Products,Bidding Adjustment,Create,STK_250_ANNI_2PCS_SP00_250 years of freedom sticker_Phrase_Nguyen_280526,,,,,,,,,,,Enabled,,,,,,,,,,,Placement Top,0,
Sponsored Products,Bidding Adjustment,Create,STK_250_ANNI_2PCS_SP00_250 years of freedom sticker_Phrase_Nguyen_280526,,,,,,,,,,,Enabled,,,,,,,,,,,Placement Product Page,0,
Sponsored Products,Bidding Adjustment,Create,STK_250_ANNI_2PCS_SP00_250 years of freedom sticker_Phrase_Nguyen_280526,,,,,,,,,,,Enabled,,,,,,,,,,,Placement Rest Of Search,0,
Sponsored Products,Ad Group,Create,STK_250_ANNI_2PCS_SP00_250 years of freedom sticker_Phrase_Nguyen_280526,STK_250_ANNI_2PCS_SP00_250 years of freedom sticker_Phrase_Nguyen_280526,,,,,,250 years of freedom sticker,,,,Enabled,,,,,,0.45,,,,,,,
Sponsored Products,Product Ad,Create,STK_250_ANNI_2PCS_SP00_250 years of freedom sticker_Phrase_Nguyen_280526,STK_250_ANNI_2PCS_SP00_250 years of freedom sticker_Phrase_Nguyen_280526,,,,,,,,,,Enabled,,STK_250_ANNI_2PCS,,,,,,,,,,,
Sponsored Products,Keyword,Create,STK_250_ANNI_2PCS_SP00_250 years of freedom sticker_Phrase_Nguyen_280526,STK_250_ANNI_2PCS_SP00_250 years of freedom sticker_Phrase_Nguyen_280526,,,,,,,,,,Enabled,,,,,,,0.45,250 years of freedom sticker,phrase,,,,
Sponsored Products,Campaign,Create,STK_250_ANNI_2PCS_SP00_america 250 car decal_Phrase_Nguyen_280526,,209757982448080,,,,STK_250_ANNI_2PCS_SP00_america 250 car decal_Phrase_Nguyen_280526,,20260528,,Manual,Enabled,5.0,,,,,,,,,Dynamic bids - down only,,,
Sponsored Products,Bidding Adjustment,Create,STK_250_ANNI_2PCS_SP00_america 250 car decal_Phrase_Nguyen_280526,,,,,,,,,,,Enabled,,,,,,,,,,,Placement Top,0,
Sponsored Products,Bidding Adjustment,Create,STK_250_ANNI_2PCS_SP00_america 250 car decal_Phrase_Nguyen_280526,,,,,,,,,,,Enabled,,,,,,,,,,,Placement Product Page,0,
Sponsored Products,Bidding Adjustment,Create,STK_250_ANNI_2PCS_SP00_america 250 car decal_Phrase_Nguyen_280526,,,,,,,,,,,Enabled,,,,,,,,,,,Placement Rest Of Search,0,
Sponsored Products,Ad Group,Create,STK_250_ANNI_2PCS_SP00_america 250 car decal_Phrase_Nguyen_280526,STK_250_ANNI_2PCS_SP00_america 250 car decal_Phrase_Nguyen_280526,,,,,,america 250 car decal,,,,Enabled,,,,,,0.45,,,,,,,
Sponsored Products,Product Ad,Create,STK_250_ANNI_2PCS_SP00_america 250 car decal_Phrase_Nguyen_280526,STK_250_ANNI_2PCS_SP00_america 250 car decal_Phrase_Nguyen_280526,,,,,,,,,,Enabled,,STK_250_ANNI_2PCS,,,,,,,,,,,
Sponsored Products,Keyword,Create,STK_250_ANNI_2PCS_SP00_america 250 car decal_Phrase_Nguyen_280526,STK_250_ANNI_2PCS_SP00_america 250 car decal_Phrase_Nguyen_280526,,,,,,,,,,Enabled,,,,,,,0.45,america 250 car decal,phrase,,,,
Sponsored Products,Campaign,Create,STK_250_ANNI_2PCS_SP00_usa 250th anniversary bumper sticker_Phrase_Nguyen_280526,,209757982448080,,,,STK_250_ANNI_2PCS_SP00_usa 250th anniversary bumper sticker_Phrase_Nguyen_280526,,20260528,,Manual,Enabled,5.0,,,,,,,,,Dynamic bids - down only,,,
Sponsored Products,Bidding Adjustment,Create,STK_250_ANNI_2PCS_SP00_usa 250th anniversary bumper sticker_Phrase_Nguyen_280526,,,,,,,,,,,Enabled,,,,,,,,,,,Placement Top,0,
Sponsored Products,Bidding Adjustment,Create,STK_250_ANNI_2PCS_SP00_usa 250th anniversary bumper sticker_Phrase_Nguyen_280526,,,,,,,,,,,Enabled,,,,,,,,,,,Placement Product Page,0,
Sponsored Products,Bidding Adjustment,Create,STK_250_ANNI_2PCS_SP00_usa 250th anniversary bumper sticker_Phrase_Nguyen_280526,,,,,,,,,,,Enabled,,,,,,,,,,,Placement Rest Of Search,0,
Sponsored Products,Ad Group,Create,STK_250_ANNI_2PCS_SP00_usa 250th anniversary bumper sticker_Phrase_Nguyen_280526,STK_250_ANNI_2PCS_SP00_usa 250th anniversary bumper sticker_Phrase_Nguyen_280526,,,,,,usa 250th anniversary bumper sticker,,,,Enabled,,,,,,0.45,,,,,,,
Sponsored Products,Product Ad,Create,STK_250_ANNI_2PCS_SP00_usa 250th anniversary bumper sticker_Phrase_Nguyen_280526,STK_250_ANNI_2PCS_SP00_usa 250th anniversary bumper sticker_Phrase_Nguyen_280526,,,,,,,,,,Enabled,,STK_250_ANNI_2PCS,,,,,,,,,,,
Sponsored Products,Keyword,Create,STK_250_ANNI_2PCS_SP00_usa 250th anniversary bumper sticker_Phrase_Nguyen_280526,STK_250_ANNI_2PCS_SP00_usa 250th anniversary bumper sticker_Phrase_Nguyen_280526,,,,,,,,,,Enabled,,,,,,,0.45,usa 250th anniversary bumper sticker,phrase,,,,
Sponsored Products,Campaign,Create,STK_250_ANNI_2PCS_SP00_patriotic 250 anniversary decal_Phrase_Nguyen_280526,,209757982448080,,,,STK_250_ANNI_2PCS_SP00_patriotic 250 anniversary decal_Phrase_Nguyen_280526,,20260528,,Manual,Enabled,5.0,,,,,,,,,Dynamic bids - down only,,,
Sponsored Products,Bidding Adjustment,Create,STK_250_ANNI_2PCS_SP00_patriotic 250 anniversary decal_Phrase_Nguyen_280526,,,,,,,,,,,Enabled,,,,,,,,,,,Placement Top,0,
Sponsored Products,Bidding Adjustment,Create,STK_250_ANNI_2PCS_SP00_patriotic 250 anniversary decal_Phrase_Nguyen_280526,,,,,,,,,,,Enabled,,,,,,,,,,,Placement Product Page,0,
Sponsored Products,Bidding Adjustment,Create,STK_250_ANNI_2PCS_SP00_patriotic 250 anniversary decal_Phrase_Nguyen_280526,,,,,,,,,,,Enabled,,,,,,,,,,,Placement Rest Of Search,0,
Sponsored Products,Ad Group,Create,STK_250_ANNI_2PCS_SP00_patriotic 250 anniversary decal_Phrase_Nguyen_280526,STK_250_ANNI_2PCS_SP00_patriotic 250 anniversary decal_Phrase_Nguyen_280526,,,,,,patriotic 250 anniversary decal,,,,Enabled,,,,,,0.45,,,,,,,
Sponsored Products,Product Ad,Create,STK_250_ANNI_2PCS_SP00_patriotic 250 anniversary decal_Phrase_Nguyen_280526,STK_250_ANNI_2PCS_SP00_patriotic 250 anniversary decal_Phrase_Nguyen_280526,,,,,,,,,,Enabled,,STK_250_ANNI_2PCS,,,,,,,,,,,
Sponsored Products,Keyword,Create,STK_250_ANNI_2PCS_SP00_patriotic 250 anniversary decal_Phrase_Nguyen_280526,STK_250_ANNI_2PCS_SP00_patriotic 250 anniversary decal_Phrase_Nguyen_280526,,,,,,,,,,Enabled,,,,,,,0.45,patriotic 250 anniversary decal,phrase,,,,
Sponsored Products,Campaign,Create,STK_250_ANNI_2PCS_SP00_independence day 250 sticker_Phrase_Nguyen_280526,,209757982448080,,,,STK_250_ANNI_2PCS_SP00_independence day 250 sticker_Phrase_Nguyen_280526,,20260528,,Manual,Enabled,5.0,,,,,,,,,Dynamic bids - down only,,,
Sponsored Products,Bidding Adjustment,Create,STK_250_ANNI_2PCS_SP00_independence day 250 sticker_Phrase_Nguyen_280526,,,,,,,,,,,Enabled,,,,,,,,,,,Placement Top,0,
Sponsored Products,Bidding Adjustment,Create,STK_250_ANNI_2PCS_SP00_independence day 250 sticker_Phrase_Nguyen_280526,,,,,,,,,,,Enabled,,,,,,,,,,,Placement Product Page,0,
Sponsored Products,Bidding Adjustment,Create,STK_250_ANNI_2PCS_SP00_independence day 250 sticker_Phrase_Nguyen_280526,,,,,,,,,,,Enabled,,,,,,,,,,,Placement Rest Of Search,0,
Sponsored Products,Ad Group,Create,STK_250_ANNI_2PCS_SP00_independence day 250 sticker_Phrase_Nguyen_280526,STK_250_ANNI_2PCS_SP00_independence day 250 sticker_Phrase_Nguyen_280526,,,,,,independence day 250 sticker,,,,Enabled,,,,,,0.45,,,,,,,
Sponsored Products,Product Ad,Create,STK_250_ANNI_2PCS_SP00_independence day 250 sticker_Phrase_Nguyen_280526,STK_250_ANNI_2PCS_SP00_independence day 250 sticker_Phrase_Nguyen_280526,,,,,,,,,,Enabled,,STK_250_ANNI_2PCS,,,,,,,,,,,
Sponsored Products,Keyword,Create,STK_250_ANNI_2PCS_SP00_independence day 250 sticker_Phrase_Nguyen_280526,STK_250_ANNI_2PCS_SP00_independence day 250 sticker_Phrase_Nguyen_280526,,,,,,,,,,Enabled,,,,,,,0.45,independence day 250 sticker,phrase,,,,
Sponsored Products,Campaign,Create,STK_250_ANNI_2PCS_SP00_america 250 eagle sticker_Phrase_Nguyen_280526,,209757982448080,,,,STK_250_ANNI_2PCS_SP00_america 250 eagle sticker_Phrase_Nguyen_280526,,20260528,,Manual,Enabled,5.0,,,,,,,,,Dynamic bids - down only,,,
Sponsored Products,Bidding Adjustment,Create,STK_250_ANNI_2PCS_SP00_america 250 eagle sticker_Phrase_Nguyen_280526,,,,,,,,,,,Enabled,,,,,,,,,,,Placement Top,0,
Sponsored Products,Bidding Adjustment,Create,STK_250_ANNI_2PCS_SP00_america 250 eagle sticker_Phrase_Nguyen_280526,,,,,,,,,,,Enabled,,,,,,,,,,,Placement Product Page,0,
Sponsored Products,Bidding Adjustment,Create,STK_250_ANNI_2PCS_SP00_america 250 eagle sticker_Phrase_Nguyen_280526,,,,,,,,,,,Enabled,,,,,,,,,,,Placement Rest Of Search,0,
Sponsored Products,Ad Group,Create,STK_250_ANNI_2PCS_SP00_america 250 eagle sticker_Phrase_Nguyen_280526,STK_250_ANNI_2PCS_SP00_america 250 eagle sticker_Phrase_Nguyen_280526,,,,,,america 250 eagle sticker,,,,Enabled,,,,,,0.45,,,,,,,
Sponsored Products,Product Ad,Create,STK_250_ANNI_2PCS_SP00_america 250 eagle sticker_Phrase_Nguyen_280526,STK_250_ANNI_2PCS_SP00_america 250 eagle sticker_Phrase_Nguyen_280526,,,,,,,,,,Enabled,,STK_250_ANNI_2PCS,,,,,,,,,,,
Sponsored Products,Keyword,Create,STK_250_ANNI_2PCS_SP00_america 250 eagle sticker_Phrase_Nguyen_280526,STK_250_ANNI_2PCS_SP00_america 250 eagle sticker_Phrase_Nguyen_280526,,,,,,,,,,Enabled,,,,,,,0.45,america 250 eagle sticker,phrase,,,,
Sponsored Products,Campaign,Create,STK_250_ANNI_2PCS_SP00_decals for trucks_Phrase_Nguyen_280526,,209757982448080,,,,STK_250_ANNI_2PCS_SP00_decals for trucks_Phrase_Nguyen_280526,,20260528,,Manual,Enabled,5.0,,,,,,,,,Dynamic bids - down only,,,
Sponsored Products,Bidding Adjustment,Create,STK_250_ANNI_2PCS_SP00_decals for trucks_Phrase_Nguyen_280526,,,,,,,,,,,Enabled,,,,,,,,,,,Placement Top,0,
Sponsored Products,Bidding Adjustment,Create,STK_250_ANNI_2PCS_SP00_decals for trucks_Phrase_Nguyen_280526,,,,,,,,,,,Enabled,,,,,,,,,,,Placement Product Page,0,
Sponsored Products,Bidding Adjustment,Create,STK_250_ANNI_2PCS_SP00_decals for trucks_Phrase_Nguyen_280526,,,,,,,,,,,Enabled,,,,,,,,,,,Placement Rest Of Search,0,
Sponsored Products,Ad Group,Create,STK_250_ANNI_2PCS_SP00_decals for trucks_Phrase_Nguyen_280526,STK_250_ANNI_2PCS_SP00_decals for trucks_Phrase_Nguyen_280526,,,,,,decals for trucks,,,,Enabled,,,,,,0.45,,,,,,,
Sponsored Products,Product Ad,Create,STK_250_ANNI_2PCS_SP00_decals for trucks_Phrase_Nguyen_280526,STK_250_ANNI_2PCS_SP00_decals for trucks_Phrase_Nguyen_280526,,,,,,,,,,Enabled,,STK_250_ANNI_2PCS,,,,,,,,,,,
Sponsored Products,Keyword,Create,STK_250_ANNI_2PCS_SP00_decals for trucks_Phrase_Nguyen_280526,STK_250_ANNI_2PCS_SP00_decals for trucks_Phrase_Nguyen_280526,,,,,,,,,,Enabled,,,,,,,0.45,decals for trucks,phrase,,,,
Sponsored Products,Campaign,Create,STK_250_ANNI_2PCS_SP00_rear window decals for trucks_Phrase_Nguyen_280526,,209757982448080,,,,STK_250_ANNI_2PCS_SP00_rear window decals for trucks_Phrase_Nguyen_280526,,20260528,,Manual,Enabled,5.0,,,,,,,,,Dynamic bids - down only,,,
Sponsored Products,Bidding Adjustment,Create,STK_250_ANNI_2PCS_SP00_rear window decals for trucks_Phrase_Nguyen_280526,,,,,,,,,,,Enabled,,,,,,,,,,,Placement Top,0,
Sponsored Products,Bidding Adjustment,Create,STK_250_ANNI_2PCS_SP00_rear window decals for trucks_Phrase_Nguyen_280526,,,,,,,,,,,Enabled,,,,,,,,,,,Placement Product Page,0,
Sponsored Products,Bidding Adjustment,Create,STK_250_ANNI_2PCS_SP00_rear window decals for trucks_Phrase_Nguyen_280526,,,,,,,,,,,Enabled,,,,,,,,,,,Placement Rest Of Search,0,
Sponsored Products,Ad Group,Create,STK_250_ANNI_2PCS_SP00_rear window decals for trucks_Phrase_Nguyen_280526,STK_250_ANNI_2PCS_SP00_rear window decals for trucks_Phrase_Nguyen_280526,,,,,,rear window decals for trucks,,,,Enabled,,,,,,0.45,,,,,,,
Sponsored Products,Product Ad,Create,STK_250_ANNI_2PCS_SP00_rear window decals for trucks_Phrase_Nguyen_280526,STK_250_ANNI_2PCS_SP00_rear window decals for trucks_Phrase_Nguyen_280526,,,,,,,,,,Enabled,,STK_250_ANNI_2PCS,,,,,,,,,,,
Sponsored Products,Keyword,Create,STK_250_ANNI_2PCS_SP00_rear window decals for trucks_Phrase_Nguyen_280526,STK_250_ANNI_2PCS_SP00_rear window decals for trucks_Phrase_Nguyen_280526,,,,,,,,,,Enabled,,,,,,,0.45,rear window decals for trucks,phrase,,,,
Sponsored Products,Campaign,Create,STK_250_ANNI_2PCS_SP00_bumper stickers_Phrase_Nguyen_280526,,209757982448080,,,,STK_250_ANNI_2PCS_SP00_bumper stickers_Phrase_Nguyen_280526,,20260528,,Manual,Enabled,5.0,,,,,,,,,Dynamic bids - down only,,,
Sponsored Products,Bidding Adjustment,Create,STK_250_ANNI_2PCS_SP00_bumper stickers_Phrase_Nguyen_280526,,,,,,,,,,,Enabled,,,,,,,,,,,Placement Top,0,
Sponsored Products,Bidding Adjustment,Create,STK_250_ANNI_2PCS_SP00_bumper stickers_Phrase_Nguyen_280526,,,,,,,,,,,Enabled,,,,,,,,,,,Placement Product Page,0,
Sponsored Products,Bidding Adjustment,Create,STK_250_ANNI_2PCS_SP00_bumper stickers_Phrase_Nguyen_280526,,,,,,,,,,,Enabled,,,,,,,,,,,Placement Rest Of Search,0,
Sponsored Products,Ad Group,Create,STK_250_ANNI_2PCS_SP00_bumper stickers_Phrase_Nguyen_280526,STK_250_ANNI_2PCS_SP00_bumper stickers_Phrase_Nguyen_280526,,,,,,bumper stickers,,,,Enabled,,,,,,0.45,,,,,,,
Sponsored Products,Product Ad,Create,STK_250_ANNI_2PCS_SP00_bumper stickers_Phrase_Nguyen_280526,STK_250_ANNI_2PCS_SP00_bumper stickers_Phrase_Nguyen_280526,,,,,,,,,,Enabled,,STK_250_ANNI_2PCS,,,,,,,,,,,
Sponsored Products,Keyword,Create,STK_250_ANNI_2PCS_SP00_bumper stickers_Phrase_Nguyen_280526,STK_250_ANNI_2PCS_SP00_bumper stickers_Phrase_Nguyen_280526,,,,,,,,,,Enabled,,,,,,,0.45,bumper stickers,phrase,,,,
Sponsored Products,Campaign,Create,STK_250_ANNI_2PCS_SP00_eagle stickers_Phrase_Nguyen_280526,,209757982448080,,,,STK_250_ANNI_2PCS_SP00_eagle stickers_Phrase_Nguyen_280526,,20260528,,Manual,Enabled,5.0,,,,,,,,,Dynamic bids - down only,,,
Sponsored Products,Bidding Adjustment,Create,STK_250_ANNI_2PCS_SP00_eagle stickers_Phrase_Nguyen_280526,,,,,,,,,,,Enabled,,,,,,,,,,,Placement Top,0,
Sponsored Products,Bidding Adjustment,Create,STK_250_ANNI_2PCS_SP00_eagle stickers_Phrase_Nguyen_280526,,,,,,,,,,,Enabled,,,,,,,,,,,Placement Product Page,0,
Sponsored Products,Bidding Adjustment,Create,STK_250_ANNI_2PCS_SP00_eagle stickers_Phrase_Nguyen_280526,,,,,,,,,,,Enabled,,,,,,,,,,,Placement Rest Of Search,0,
Sponsored Products,Ad Group,Create,STK_250_ANNI_2PCS_SP00_eagle stickers_Phrase_Nguyen_280526,STK_250_ANNI_2PCS_SP00_eagle stickers_Phrase_Nguyen_280526,,,,,,eagle stickers,,,,Enabled,,,,,,0.45,,,,,,,
Sponsored Products,Product Ad,Create,STK_250_ANNI_2PCS_SP00_eagle stickers_Phrase_Nguyen_280526,STK_250_ANNI_2PCS_SP00_eagle stickers_Phrase_Nguyen_280526,,,,,,,,,,Enabled,,STK_250_ANNI_2PCS,,,,,,,,,,,
Sponsored Products,Keyword,Create,STK_250_ANNI_2PCS_SP00_eagle stickers_Phrase_Nguyen_280526,STK_250_ANNI_2PCS_SP00_eagle stickers_Phrase_Nguyen_280526,,,,,,,,,,Enabled,,,,,,,0.45,eagle stickers,phrase,,,,
Sponsored Products,Campaign,Create,STK_250_ANNI_2PCS_SP00_bald eagle sticker_Phrase_Nguyen_280526,,209757982448080,,,,STK_250_ANNI_2PCS_SP00_bald eagle sticker_Phrase_Nguyen_280526,,20260528,,Manual,Enabled,5.0,,,,,,,,,Dynamic bids - down only,,,
Sponsored Products,Bidding Adjustment,Create,STK_250_ANNI_2PCS_SP00_bald eagle sticker_Phrase_Nguyen_280526,,,,,,,,,,,Enabled,,,,,,,,,,,Placement Top,0,
Sponsored Products,Bidding Adjustment,Create,STK_250_ANNI_2PCS_SP00_bald eagle sticker_Phrase_Nguyen_280526,,,,,,,,,,,Enabled,,,,,,,,,,,Placement Product Page,0,
Sponsored Products,Bidding Adjustment,Create,STK_250_ANNI_2PCS_SP00_bald eagle sticker_Phrase_Nguyen_280526,,,,,,,,,,,Enabled,,,,,,,,,,,Placement Rest Of Search,0,
Sponsored Products,Ad Group,Create,STK_250_ANNI_2PCS_SP00_bald eagle sticker_Phrase_Nguyen_280526,STK_250_ANNI_2PCS_SP00_bald eagle sticker_Phrase_Nguyen_280526,,,,,,bald eagle sticker,,,,Enabled,,,,,,0.45,,,,,,,
Sponsored Products,Product Ad,Create,STK_250_ANNI_2PCS_SP00_bald eagle sticker_Phrase_Nguyen_280526,STK_250_ANNI_2PCS_SP00_bald eagle sticker_Phrase_Nguyen_280526,,,,,,,,,,Enabled,,STK_250_ANNI_2PCS,,,,,,,,,,,
Sponsored Products,Keyword,Create,STK_250_ANNI_2PCS_SP00_bald eagle sticker_Phrase_Nguyen_280526,STK_250_ANNI_2PCS_SP00_bald eagle sticker_Phrase_Nguyen_280526,,,,,,,,,,Enabled,,,,,,,0.45,bald eagle sticker,phrase,,,,
Sponsored Products,Campaign,Create,STK_250_ANNI_2PCS_SP00_patriotic eagle decal_Phrase_Nguyen_280526,,209757982448080,,,,STK_250_ANNI_2PCS_SP00_patriotic eagle decal_Phrase_Nguyen_280526,,20260528,,Manual,Enabled,5.0,,,,,,,,,Dynamic bids - down only,,,
Sponsored Products,Bidding Adjustment,Create,STK_250_ANNI_2PCS_SP00_patriotic eagle decal_Phrase_Nguyen_280526,,,,,,,,,,,Enabled,,,,,,,,,,,Placement Top,0,
Sponsored Products,Bidding Adjustment,Create,STK_250_ANNI_2PCS_SP00_patriotic eagle decal_Phrase_Nguyen_280526,,,,,,,,,,,Enabled,,,,,,,,,,,Placement Product Page,0,
Sponsored Products,Bidding Adjustment,Create,STK_250_ANNI_2PCS_SP00_patriotic eagle decal_Phrase_Nguyen_280526,,,,,,,,,,,Enabled,,,,,,,,,,,Placement Rest Of Search,0,
Sponsored Products,Ad Group,Create,STK_250_ANNI_2PCS_SP00_patriotic eagle decal_Phrase_Nguyen_280526,STK_250_ANNI_2PCS_SP00_patriotic eagle decal_Phrase_Nguyen_280526,,,,,,patriotic eagle decal,,,,Enabled,,,,,,0.45,,,,,,,
Sponsored Products,Product Ad,Create,STK_250_ANNI_2PCS_SP00_patriotic eagle decal_Phrase_Nguyen_280526,STK_250_ANNI_2PCS_SP00_patriotic eagle decal_Phrase_Nguyen_280526,,,,,,,,,,Enabled,,STK_250_ANNI_2PCS,,,,,,,,,,,
Sponsored Products,Keyword,Create,STK_250_ANNI_2PCS_SP00_patriotic eagle decal_Phrase_Nguyen_280526,STK_250_ANNI_2PCS_SP00_patriotic eagle decal_Phrase_Nguyen_280526,,,,,,,,,,Enabled,,,,,,,0.45,patriotic eagle decal,phrase,,,,
Sponsored Products,Campaign,Create,STK_250_ANNI_2PCS_SP00_american eagle car sticker_Phrase_Nguyen_280526,,209757982448080,,,,STK_250_ANNI_2PCS_SP00_american eagle car sticker_Phrase_Nguyen_280526,,20260528,,Manual,Enabled,5.0,,,,,,,,,Dynamic bids - down only,,,
Sponsored Products,Bidding Adjustment,Create,STK_250_ANNI_2PCS_SP00_american eagle car sticker_Phrase_Nguyen_280526,,,,,,,,,,,Enabled,,,,,,,,,,,Placement Top,0,
Sponsored Products,Bidding Adjustment,Create,STK_250_ANNI_2PCS_SP00_american eagle car sticker_Phrase_Nguyen_280526,,,,,,,,,,,Enabled,,,,,,,,,,,Placement Product Page,0,
Sponsored Products,Bidding Adjustment,Create,STK_250_ANNI_2PCS_SP00_american eagle car sticker_Phrase_Nguyen_280526,,,,,,,,,,,Enabled,,,,,,,,,,,Placement Rest Of Search,0,
Sponsored Products,Ad Group,Create,STK_250_ANNI_2PCS_SP00_american eagle car sticker_Phrase_Nguyen_280526,STK_250_ANNI_2PCS_SP00_american eagle car sticker_Phrase_Nguyen_280526,,,,,,american eagle car sticker,,,,Enabled,,,,,,0.45,,,,,,,
Sponsored Products,Product Ad,Create,STK_250_ANNI_2PCS_SP00_american eagle car sticker_Phrase_Nguyen_280526,STK_250_ANNI_2PCS_SP00_american eagle car sticker_Phrase_Nguyen_280526,,,,,,,,,,Enabled,,STK_250_ANNI_2PCS,,,,,,,,,,,
Sponsored Products,Keyword,Create,STK_250_ANNI_2PCS_SP00_american eagle car sticker_Phrase_Nguyen_280526,STK_250_ANNI_2PCS_SP00_american eagle car sticker_Phrase_Nguyen_280526,,,,,,,,,,Enabled,,,,,,,0.45,american eagle car sticker,phrase,,,,
Sponsored Products,Campaign,Create,STK_250_ANNI_2PCS_SP00_eagle flag decal_Phrase_Nguyen_280526,,209757982448080,,,,STK_250_ANNI_2PCS_SP00_eagle flag decal_Phrase_Nguyen_280526,,20260528,,Manual,Enabled,5.0,,,,,,,,,Dynamic bids - down only,,,
Sponsored Products,Bidding Adjustment,Create,STK_250_ANNI_2PCS_SP00_eagle flag decal_Phrase_Nguyen_280526,,,,,,,,,,,Enabled,,,,,,,,,,,Placement Top,0,
Sponsored Products,Bidding Adjustment,Create,STK_250_ANNI_2PCS_SP00_eagle flag decal_Phrase_Nguyen_280526,,,,,,,,,,,Enabled,,,,,,,,,,,Placement Product Page,0,
Sponsored Products,Bidding Adjustment,Create,STK_250_ANNI_2PCS_SP00_eagle flag decal_Phrase_Nguyen_280526,,,,,,,,,,,Enabled,,,,,,,,,,,Placement Rest Of Search,0,
Sponsored Products,Ad Group,Create,STK_250_ANNI_2PCS_SP00_eagle flag decal_Phrase_Nguyen_280526,STK_250_ANNI_2PCS_SP00_eagle flag decal_Phrase_Nguyen_280526,,,,,,eagle flag decal,,,,Enabled,,,,,,0.45,,,,,,,
Sponsored Products,Product Ad,Create,STK_250_ANNI_2PCS_SP00_eagle flag decal_Phrase_Nguyen_280526,STK_250_ANNI_2PCS_SP00_eagle flag decal_Phrase_Nguyen_280526,,,,,,,,,,Enabled,,STK_250_ANNI_2PCS,,,,,,,,,,,
Sponsored Products,Keyword,Create,STK_250_ANNI_2PCS_SP00_eagle flag decal_Phrase_Nguyen_280526,STK_250_ANNI_2PCS_SP00_eagle flag decal_Phrase_Nguyen_280526,,,,,,,,,,Enabled,,,,,,,0.45,eagle flag decal,phrase,,,,
Sponsored Products,Campaign,Create,STK_250_ANNI_2PCS_SP00_usa eagle bumper sticker_Phrase_Nguyen_280526,,209757982448080,,,,STK_250_ANNI_2PCS_SP00_usa eagle bumper sticker_Phrase_Nguyen_280526,,20260528,,Manual,Enabled,5.0,,,,,,,,,Dynamic bids - down only,,,
Sponsored Products,Bidding Adjustment,Create,STK_250_ANNI_2PCS_SP00_usa eagle bumper sticker_Phrase_Nguyen_280526,,,,,,,,,,,Enabled,,,,,,,,,,,Placement Top,0,
Sponsored Products,Bidding Adjustment,Create,STK_250_ANNI_2PCS_SP00_usa eagle bumper sticker_Phrase_Nguyen_280526,,,,,,,,,,,Enabled,,,,,,,,,,,Placement Product Page,0,
Sponsored Products,Bidding Adjustment,Create,STK_250_ANNI_2PCS_SP00_usa eagle bumper sticker_Phrase_Nguyen_280526,,,,,,,,,,,Enabled,,,,,,,,,,,Placement Rest Of Search,0,
Sponsored Products,Ad Group,Create,STK_250_ANNI_2PCS_SP00_usa eagle bumper sticker_Phrase_Nguyen_280526,STK_250_ANNI_2PCS_SP00_usa eagle bumper sticker_Phrase_Nguyen_280526,,,,,,usa eagle bumper sticker,,,,Enabled,,,,,,0.45,,,,,,,
Sponsored Products,Product Ad,Create,STK_250_ANNI_2PCS_SP00_usa eagle bumper sticker_Phrase_Nguyen_280526,STK_250_ANNI_2PCS_SP00_usa eagle bumper sticker_Phrase_Nguyen_280526,,,,,,,,,,Enabled,,STK_250_ANNI_2PCS,,,,,,,,,,,
Sponsored Products,Keyword,Create,STK_250_ANNI_2PCS_SP00_usa eagle bumper sticker_Phrase_Nguyen_280526,STK_250_ANNI_2PCS_SP00_usa eagle bumper sticker_Phrase_Nguyen_280526,,,,,,,,,,Enabled,,,,,,,0.45,usa eagle bumper sticker,phrase,,,,
Sponsored Products,Campaign,Create,STK_250_ANNI_2PCS_SP00_freedom eagle sticker_Phrase_Nguyen_280526,,209757982448080,,,,STK_250_ANNI_2PCS_SP00_freedom eagle sticker_Phrase_Nguyen_280526,,20260528,,Manual,Enabled,5.0,,,,,,,,,Dynamic bids - down only,,,
Sponsored Products,Bidding Adjustment,Create,STK_250_ANNI_2PCS_SP00_freedom eagle sticker_Phrase_Nguyen_280526,,,,,,,,,,,Enabled,,,,,,,,,,,Placement Top,0,
Sponsored Products,Bidding Adjustment,Create,STK_250_ANNI_2PCS_SP00_freedom eagle sticker_Phrase_Nguyen_280526,,,,,,,,,,,Enabled,,,,,,,,,,,Placement Product Page,0,
Sponsored Products,Bidding Adjustment,Create,STK_250_ANNI_2PCS_SP00_freedom eagle sticker_Phrase_Nguyen_280526,,,,,,,,,,,Enabled,,,,,,,,,,,Placement Rest Of Search,0,
Sponsored Products,Ad Group,Create,STK_250_ANNI_2PCS_SP00_freedom eagle sticker_Phrase_Nguyen_280526,STK_250_ANNI_2PCS_SP00_freedom eagle sticker_Phrase_Nguyen_280526,,,,,,freedom eagle sticker,,,,Enabled,,,,,,0.45,,,,,,,
Sponsored Products,Product Ad,Create,STK_250_ANNI_2PCS_SP00_freedom eagle sticker_Phrase_Nguyen_280526,STK_250_ANNI_2PCS_SP00_freedom eagle sticker_Phrase_Nguyen_280526,,,,,,,,,,Enabled,,STK_250_ANNI_2PCS,,,,,,,,,,,
Sponsored Products,Keyword,Create,STK_250_ANNI_2PCS_SP00_freedom eagle sticker_Phrase_Nguyen_280526,STK_250_ANNI_2PCS_SP00_freedom eagle sticker_Phrase_Nguyen_280526,,,,,,,,,,Enabled,,,,,,,0.45,freedom eagle sticker,phrase,,,,
Sponsored Products,Campaign,Create,STK_250_ANNI_2PCS_SP00_vintage eagle patriotic sticker_Phrase_Nguyen_280526,,209757982448080,,,,STK_250_ANNI_2PCS_SP00_vintage eagle patriotic sticker_Phrase_Nguyen_280526,,20260528,,Manual,Enabled,5.0,,,,,,,,,Dynamic bids - down only,,,
Sponsored Products,Bidding Adjustment,Create,STK_250_ANNI_2PCS_SP00_vintage eagle patriotic sticker_Phrase_Nguyen_280526,,,,,,,,,,,Enabled,,,,,,,,,,,Placement Top,0,
Sponsored Products,Bidding Adjustment,Create,STK_250_ANNI_2PCS_SP00_vintage eagle patriotic sticker_Phrase_Nguyen_280526,,,,,,,,,,,Enabled,,,,,,,,,,,Placement Product Page,0,
Sponsored Products,Bidding Adjustment,Create,STK_250_ANNI_2PCS_SP00_vintage eagle patriotic sticker_Phrase_Nguyen_280526,,,,,,,,,,,Enabled,,,,,,,,,,,Placement Rest Of Search,0,
Sponsored Products,Ad Group,Create,STK_250_ANNI_2PCS_SP00_vintage eagle patriotic sticker_Phrase_Nguyen_280526,STK_250_ANNI_2PCS_SP00_vintage eagle patriotic sticker_Phrase_Nguyen_280526,,,,,,vintage eagle patriotic sticker,,,,Enabled,,,,,,0.45,,,,,,,
Sponsored Products,Product Ad,Create,STK_250_ANNI_2PCS_SP00_vintage eagle patriotic sticker_Phrase_Nguyen_280526,STK_250_ANNI_2PCS_SP00_vintage eagle patriotic sticker_Phrase_Nguyen_280526,,,,,,,,,,Enabled,,STK_250_ANNI_2PCS,,,,,,,,,,,
Sponsored Products,Keyword,Create,STK_250_ANNI_2PCS_SP00_vintage eagle patriotic sticker_Phrase_Nguyen_280526,STK_250_ANNI_2PCS_SP00_vintage eagle patriotic sticker_Phrase_Nguyen_280526,,,,,,,,,,Enabled,,,,,,,0.45,vintage eagle patriotic sticker,phrase,,,,
Sponsored Products,Campaign,Create,STK_250_ANNI_2PCS_SP00_american eagle vinyl decal_Phrase_Nguyen_280526,,209757982448080,,,,STK_250_ANNI_2PCS_SP00_american eagle vinyl decal_Phrase_Nguyen_280526,,20260528,,Manual,Enabled,5.0,,,,,,,,,Dynamic bids - down only,,,
Sponsored Products,Bidding Adjustment,Create,STK_250_ANNI_2PCS_SP00_american eagle vinyl decal_Phrase_Nguyen_280526,,,,,,,,,,,Enabled,,,,,,,,,,,Placement Top,0,
Sponsored Products,Bidding Adjustment,Create,STK_250_ANNI_2PCS_SP00_american eagle vinyl decal_Phrase_Nguyen_280526,,,,,,,,,,,Enabled,,,,,,,,,,,Placement Product Page,0,
Sponsored Products,Bidding Adjustment,Create,STK_250_ANNI_2PCS_SP00_american eagle vinyl decal_Phrase_Nguyen_280526,,,,,,,,,,,Enabled,,,,,,,,,,,Placement Rest Of Search,0,
Sponsored Products,Ad Group,Create,STK_250_ANNI_2PCS_SP00_american eagle vinyl decal_Phrase_Nguyen_280526,STK_250_ANNI_2PCS_SP00_american eagle vinyl decal_Phrase_Nguyen_280526,,,,,,american eagle vinyl decal,,,,Enabled,,,,,,0.45,,,,,,,
Sponsored Products,Product Ad,Create,STK_250_ANNI_2PCS_SP00_american eagle vinyl decal_Phrase_Nguyen_280526,STK_250_ANNI_2PCS_SP00_american eagle vinyl decal_Phrase_Nguyen_280526,,,,,,,,,,Enabled,,STK_250_ANNI_2PCS,,,,,,,,,,,
Sponsored Products,Keyword,Create,STK_250_ANNI_2PCS_SP00_american eagle vinyl decal_Phrase_Nguyen_280526,STK_250_ANNI_2PCS_SP00_american eagle vinyl decal_Phrase_Nguyen_280526,,,,,,,,,,Enabled,,,,,,,0.45,american eagle vinyl decal,phrase,,,,
Sponsored Products,Campaign,Create,STK_250_ANNI_2PCS_SP00_truck eagle stickers_Phrase_Nguyen_280526,,209757982448080,,,,STK_250_ANNI_2PCS_SP00_truck eagle stickers_Phrase_Nguyen_280526,,20260528,,Manual,Enabled,5.0,,,,,,,,,Dynamic bids - down only,,,
Sponsored Products,Bidding Adjustment,Create,STK_250_ANNI_2PCS_SP00_truck eagle stickers_Phrase_Nguyen_280526,,,,,,,,,,,Enabled,,,,,,,,,,,Placement Top,0,
Sponsored Products,Bidding Adjustment,Create,STK_250_ANNI_2PCS_SP00_truck eagle stickers_Phrase_Nguyen_280526,,,,,,,,,,,Enabled,,,,,,,,,,,Placement Product Page,0,
Sponsored Products,Bidding Adjustment,Create,STK_250_ANNI_2PCS_SP00_truck eagle stickers_Phrase_Nguyen_280526,,,,,,,,,,,Enabled,,,,,,,,,,,Placement Rest Of Search,0,
Sponsored Products,Ad Group,Create,STK_250_ANNI_2PCS_SP00_truck eagle stickers_Phrase_Nguyen_280526,STK_250_ANNI_2PCS_SP00_truck eagle stickers_Phrase_Nguyen_280526,,,,,,truck eagle stickers,,,,Enabled,,,,,,0.45,,,,,,,
Sponsored Products,Product Ad,Create,STK_250_ANNI_2PCS_SP00_truck eagle stickers_Phrase_Nguyen_280526,STK_250_ANNI_2PCS_SP00_truck eagle stickers_Phrase_Nguyen_280526,,,,,,,,,,Enabled,,STK_250_ANNI_2PCS,,,,,,,,,,,
Sponsored Products,Keyword,Create,STK_250_ANNI_2PCS_SP00_truck eagle stickers_Phrase_Nguyen_280526,STK_250_ANNI_2PCS_SP00_truck eagle stickers_Phrase_Nguyen_280526,,,,,,,,,,Enabled,,,,,,,0.45,truck eagle stickers,phrase,,,,
Sponsored Products,Campaign,Create,STK_250_ANNI_2PCS_SP00_patriotic bird decal_Phrase_Nguyen_280526,,209757982448080,,,,STK_250_ANNI_2PCS_SP00_patriotic bird decal_Phrase_Nguyen_280526,,20260528,,Manual,Enabled,5.0,,,,,,,,,Dynamic bids - down only,,,
Sponsored Products,Bidding Adjustment,Create,STK_250_ANNI_2PCS_SP00_patriotic bird decal_Phrase_Nguyen_280526,,,,,,,,,,,Enabled,,,,,,,,,,,Placement Top,0,
Sponsored Products,Bidding Adjustment,Create,STK_250_ANNI_2PCS_SP00_patriotic bird decal_Phrase_Nguyen_280526,,,,,,,,,,,Enabled,,,,,,,,,,,Placement Product Page,0,
Sponsored Products,Bidding Adjustment,Create,STK_250_ANNI_2PCS_SP00_patriotic bird decal_Phrase_Nguyen_280526,,,,,,,,,,,Enabled,,,,,,,,,,,Placement Rest Of Search,0,
Sponsored Products,Ad Group,Create,STK_250_ANNI_2PCS_SP00_patriotic bird decal_Phrase_Nguyen_280526,STK_250_ANNI_2PCS_SP00_patriotic bird decal_Phrase_Nguyen_280526,,,,,,patriotic bird decal,,,,Enabled,,,,,,0.45,,,,,,,
Sponsored Products,Product Ad,Create,STK_250_ANNI_2PCS_SP00_patriotic bird decal_Phrase_Nguyen_280526,STK_250_ANNI_2PCS_SP00_patriotic bird decal_Phrase_Nguyen_280526,,,,,,,,,,Enabled,,STK_250_ANNI_2PCS,,,,,,,,,,,
Sponsored Products,Keyword,Create,STK_250_ANNI_2PCS_SP00_patriotic bird decal_Phrase_Nguyen_280526,STK_250_ANNI_2PCS_SP00_patriotic bird decal_Phrase_Nguyen_280526,,,,,,,,,,Enabled,,,,,,,0.45,patriotic bird decal,phrase,,,,
Sponsored Products,Campaign,Create,STK_250_ANNI_2PCS_SP00_250 anniversary usa stickers_Broad_Nguyen_280526,,209757982448080,,,,STK_250_ANNI_2PCS_SP00_250 anniversary usa stickers_Broad_Nguyen_280526,,20260528,,Manual,Enabled,5.0,,,,,,,,,Dynamic bids - down only,,,
Sponsored Products,Bidding Adjustment,Create,STK_250_ANNI_2PCS_SP00_250 anniversary usa stickers_Broad_Nguyen_280526,,,,,,,,,,,Enabled,,,,,,,,,,,Placement Top,0,
Sponsored Products,Bidding Adjustment,Create,STK_250_ANNI_2PCS_SP00_250 anniversary usa stickers_Broad_Nguyen_280526,,,,,,,,,,,Enabled,,,,,,,,,,,Placement Product Page,0,
Sponsored Products,Bidding Adjustment,Create,STK_250_ANNI_2PCS_SP00_250 anniversary usa stickers_Broad_Nguyen_280526,,,,,,,,,,,Enabled,,,,,,,,,,,Placement Rest Of Search,0,
Sponsored Products,Ad Group,Create,STK_250_ANNI_2PCS_SP00_250 anniversary usa stickers_Broad_Nguyen_280526,STK_250_ANNI_2PCS_SP00_250 anniversary usa stickers_Broad_Nguyen_280526,,,,,,250 anniversary usa stickers,,,,Enabled,,,,,,0.35,,,,,,,
Sponsored Products,Product Ad,Create,STK_250_ANNI_2PCS_SP00_250 anniversary usa stickers_Broad_Nguyen_280526,STK_250_ANNI_2PCS_SP00_250 anniversary usa stickers_Broad_Nguyen_280526,,,,,,,,,,Enabled,,STK_250_ANNI_2PCS,,,,,,,,,,,
Sponsored Products,Keyword,Create,STK_250_ANNI_2PCS_SP00_250 anniversary usa stickers_Broad_Nguyen_280526,STK_250_ANNI_2PCS_SP00_250 anniversary usa stickers_Broad_Nguyen_280526,,,,,,,,,,Enabled,,,,,,,0.35,250 anniversary usa stickers,broad,,,,
Sponsored Products,Campaign,Create,STK_250_ANNI_2PCS_SP00_250 anniversary stickers_Broad_Nguyen_280526,,209757982448080,,,,STK_250_ANNI_2PCS_SP00_250 anniversary stickers_Broad_Nguyen_280526,,20260528,,Manual,Enabled,5.0,,,,,,,,,Dynamic bids - down only,,,
Sponsored Products,Bidding Adjustment,Create,STK_250_ANNI_2PCS_SP00_250 anniversary stickers_Broad_Nguyen_280526,,,,,,,,,,,Enabled,,,,,,,,,,,Placement Top,0,
Sponsored Products,Bidding Adjustment,Create,STK_250_ANNI_2PCS_SP00_250 anniversary stickers_Broad_Nguyen_280526,,,,,,,,,,,Enabled,,,,,,,,,,,Placement Product Page,0,
Sponsored Products,Bidding Adjustment,Create,STK_250_ANNI_2PCS_SP00_250 anniversary stickers_Broad_Nguyen_280526,,,,,,,,,,,Enabled,,,,,,,,,,,Placement Rest Of Search,0,
Sponsored Products,Ad Group,Create,STK_250_ANNI_2PCS_SP00_250 anniversary stickers_Broad_Nguyen_280526,STK_250_ANNI_2PCS_SP00_250 anniversary stickers_Broad_Nguyen_280526,,,,,,250 anniversary stickers,,,,Enabled,,,,,,0.35,,,,,,,
Sponsored Products,Product Ad,Create,STK_250_ANNI_2PCS_SP00_250 anniversary stickers_Broad_Nguyen_280526,STK_250_ANNI_2PCS_SP00_250 anniversary stickers_Broad_Nguyen_280526,,,,,,,,,,Enabled,,STK_250_ANNI_2PCS,,,,,,,,,,,
Sponsored Products,Keyword,Create,STK_250_ANNI_2PCS_SP00_250 anniversary stickers_Broad_Nguyen_280526,STK_250_ANNI_2PCS_SP00_250 anniversary stickers_Broad_Nguyen_280526,,,,,,,,,,Enabled,,,,,,,0.35,250 anniversary stickers,broad,,,,
Sponsored Products,Campaign,Create,STK_250_ANNI_2PCS_SP00_american stickers_Broad_Nguyen_280526,,209757982448080,,,,STK_250_ANNI_2PCS_SP00_american stickers_Broad_Nguyen_280526,,20260528,,Manual,Enabled,5.0,,,,,,,,,Dynamic bids - down only,,,
Sponsored Products,Bidding Adjustment,Create,STK_250_ANNI_2PCS_SP00_american stickers_Broad_Nguyen_280526,,,,,,,,,,,Enabled,,,,,,,,,,,Placement Top,0,
Sponsored Products,Bidding Adjustment,Create,STK_250_ANNI_2PCS_SP00_american stickers_Broad_Nguyen_280526,,,,,,,,,,,Enabled,,,,,,,,,,,Placement Product Page,0,
Sponsored Products,Bidding Adjustment,Create,STK_250_ANNI_2PCS_SP00_american stickers_Broad_Nguyen_280526,,,,,,,,,,,Enabled,,,,,,,,,,,Placement Rest Of Search,0,
Sponsored Products,Ad Group,Create,STK_250_ANNI_2PCS_SP00_american stickers_Broad_Nguyen_280526,STK_250_ANNI_2PCS_SP00_american stickers_Broad_Nguyen_280526,,,,,,american stickers,,,,Enabled,,,,,,0.35,,,,,,,
Sponsored Products,Product Ad,Create,STK_250_ANNI_2PCS_SP00_american stickers_Broad_Nguyen_280526,STK_250_ANNI_2PCS_SP00_american stickers_Broad_Nguyen_280526,,,,,,,,,,Enabled,,STK_250_ANNI_2PCS,,,,,,,,,,,
Sponsored Products,Keyword,Create,STK_250_ANNI_2PCS_SP00_american stickers_Broad_Nguyen_280526,STK_250_ANNI_2PCS_SP00_american stickers_Broad_Nguyen_280526,,,,,,,,,,Enabled,,,,,,,0.35,american stickers,broad,,,,
Sponsored Products,Campaign,Create,STK_250_ANNI_2PCS_SP00_america 250 stickers_Broad_Nguyen_280526,,209757982448080,,,,STK_250_ANNI_2PCS_SP00_america 250 stickers_Broad_Nguyen_280526,,20260528,,Manual,Enabled,5.0,,,,,,,,,Dynamic bids - down only,,,
Sponsored Products,Bidding Adjustment,Create,STK_250_ANNI_2PCS_SP00_america 250 stickers_Broad_Nguyen_280526,,,,,,,,,,,Enabled,,,,,,,,,,,Placement Top,0,
Sponsored Products,Bidding Adjustment,Create,STK_250_ANNI_2PCS_SP00_america 250 stickers_Broad_Nguyen_280526,,,,,,,,,,,Enabled,,,,,,,,,,,Placement Product Page,0,
Sponsored Products,Bidding Adjustment,Create,STK_250_ANNI_2PCS_SP00_america 250 stickers_Broad_Nguyen_280526,,,,,,,,,,,Enabled,,,,,,,,,,,Placement Rest Of Search,0,
Sponsored Products,Ad Group,Create,STK_250_ANNI_2PCS_SP00_america 250 stickers_Broad_Nguyen_280526,STK_250_ANNI_2PCS_SP00_america 250 stickers_Broad_Nguyen_280526,,,,,,america 250 stickers,,,,Enabled,,,,,,0.35,,,,,,,
Sponsored Products,Product Ad,Create,STK_250_ANNI_2PCS_SP00_america 250 stickers_Broad_Nguyen_280526,STK_250_ANNI_2PCS_SP00_america 250 stickers_Broad_Nguyen_280526,,,,,,,,,,Enabled,,STK_250_ANNI_2PCS,,,,,,,,,,,
Sponsored Products,Keyword,Create,STK_250_ANNI_2PCS_SP00_america 250 stickers_Broad_Nguyen_280526,STK_250_ANNI_2PCS_SP00_america 250 stickers_Broad_Nguyen_280526,,,,,,,,,,Enabled,,,,,,,0.35,america 250 stickers,broad,,,,
Sponsored Products,Campaign,Create,STK_250_ANNI_2PCS_SP00_usa 250 decal_Broad_Nguyen_280526,,209757982448080,,,,STK_250_ANNI_2PCS_SP00_usa 250 decal_Broad_Nguyen_280526,,20260528,,Manual,Enabled,5.0,,,,,,,,,Dynamic bids - down only,,,
Sponsored Products,Bidding Adjustment,Create,STK_250_ANNI_2PCS_SP00_usa 250 decal_Broad_Nguyen_280526,,,,,,,,,,,Enabled,,,,,,,,,,,Placement Top,0,
Sponsored Products,Bidding Adjustment,Create,STK_250_ANNI_2PCS_SP00_usa 250 decal_Broad_Nguyen_280526,,,,,,,,,,,Enabled,,,,,,,,,,,Placement Product Page,0,
Sponsored Products,Bidding Adjustment,Create,STK_250_ANNI_2PCS_SP00_usa 250 decal_Broad_Nguyen_280526,,,,,,,,,,,Enabled,,,,,,,,,,,Placement Rest Of Search,0,
Sponsored Products,Ad Group,Create,STK_250_ANNI_2PCS_SP00_usa 250 decal_Broad_Nguyen_280526,STK_250_ANNI_2PCS_SP00_usa 250 decal_Broad_Nguyen_280526,,,,,,usa 250 decal,,,,Enabled,,,,,,0.35,,,,,,,
Sponsored Products,Product Ad,Create,STK_250_ANNI_2PCS_SP00_usa 250 decal_Broad_Nguyen_280526,STK_250_ANNI_2PCS_SP00_usa 250 decal_Broad_Nguyen_280526,,,,,,,,,,Enabled,,STK_250_ANNI_2PCS,,,,,,,,,,,
Sponsored Products,Keyword,Create,STK_250_ANNI_2PCS_SP00_usa 250 decal_Broad_Nguyen_280526,STK_250_ANNI_2PCS_SP00_usa 250 decal_Broad_Nguyen_280526,,,,,,,,,,Enabled,,,,,,,0.35,usa 250 decal,broad,,,,
Sponsored Products,Campaign,Create,STK_250_ANNI_2PCS_SP00_1776 2026 stickers_Broad_Nguyen_280526,,209757982448080,,,,STK_250_ANNI_2PCS_SP00_1776 2026 stickers_Broad_Nguyen_280526,,20260528,,Manual,Enabled,5.0,,,,,,,,,Dynamic bids - down only,,,
Sponsored Products,Bidding Adjustment,Create,STK_250_ANNI_2PCS_SP00_1776 2026 stickers_Broad_Nguyen_280526,,,,,,,,,,,Enabled,,,,,,,,,,,Placement Top,0,
Sponsored Products,Bidding Adjustment,Create,STK_250_ANNI_2PCS_SP00_1776 2026 stickers_Broad_Nguyen_280526,,,,,,,,,,,Enabled,,,,,,,,,,,Placement Product Page,0,
Sponsored Products,Bidding Adjustment,Create,STK_250_ANNI_2PCS_SP00_1776 2026 stickers_Broad_Nguyen_280526,,,,,,,,,,,Enabled,,,,,,,,,,,Placement Rest Of Search,0,
Sponsored Products,Ad Group,Create,STK_250_ANNI_2PCS_SP00_1776 2026 stickers_Broad_Nguyen_280526,STK_250_ANNI_2PCS_SP00_1776 2026 stickers_Broad_Nguyen_280526,,,,,,1776 2026 stickers,,,,Enabled,,,,,,0.35,,,,,,,
Sponsored Products,Product Ad,Create,STK_250_ANNI_2PCS_SP00_1776 2026 stickers_Broad_Nguyen_280526,STK_250_ANNI_2PCS_SP00_1776 2026 stickers_Broad_Nguyen_280526,,,,,,,,,,Enabled,,STK_250_ANNI_2PCS,,,,,,,,,,,
Sponsored Products,Keyword,Create,STK_250_ANNI_2PCS_SP00_1776 2026 stickers_Broad_Nguyen_280526,STK_250_ANNI_2PCS_SP00_1776 2026 stickers_Broad_Nguyen_280526,,,,,,,,,,Enabled,,,,,,,0.35,1776 2026 stickers,broad,,,,
Sponsored Products,Campaign,Create,STK_250_ANNI_2PCS_SP00_250 years of freedom sticker_Broad_Nguyen_280526,,209757982448080,,,,STK_250_ANNI_2PCS_SP00_250 years of freedom sticker_Broad_Nguyen_280526,,20260528,,Manual,Enabled,5.0,,,,,,,,,Dynamic bids - down only,,,
Sponsored Products,Bidding Adjustment,Create,STK_250_ANNI_2PCS_SP00_250 years of freedom sticker_Broad_Nguyen_280526,,,,,,,,,,,Enabled,,,,,,,,,,,Placement Top,0,
Sponsored Products,Bidding Adjustment,Create,STK_250_ANNI_2PCS_SP00_250 years of freedom sticker_Broad_Nguyen_280526,,,,,,,,,,,Enabled,,,,,,,,,,,Placement Product Page,0,
Sponsored Products,Bidding Adjustment,Create,STK_250_ANNI_2PCS_SP00_250 years of freedom sticker_Broad_Nguyen_280526,,,,,,,,,,,Enabled,,,,,,,,,,,Placement Rest Of Search,0,
Sponsored Products,Ad Group,Create,STK_250_ANNI_2PCS_SP00_250 years of freedom sticker_Broad_Nguyen_280526,STK_250_ANNI_2PCS_SP00_250 years of freedom sticker_Broad_Nguyen_280526,,,,,,250 years of freedom sticker,,,,Enabled,,,,,,0.35,,,,,,,
Sponsored Products,Product Ad,Create,STK_250_ANNI_2PCS_SP00_250 years of freedom sticker_Broad_Nguyen_280526,STK_250_ANNI_2PCS_SP00_250 years of freedom sticker_Broad_Nguyen_280526,,,,,,,,,,Enabled,,STK_250_ANNI_2PCS,,,,,,,,,,,
Sponsored Products,Keyword,Create,STK_250_ANNI_2PCS_SP00_250 years of freedom sticker_Broad_Nguyen_280526,STK_250_ANNI_2PCS_SP00_250 years of freedom sticker_Broad_Nguyen_280526,,,,,,,,,,Enabled,,,,,,,0.35,250 years of freedom sticker,broad,,,,
Sponsored Products,Campaign,Create,STK_250_ANNI_2PCS_SP00_america 250 car decal_Broad_Nguyen_280526,,209757982448080,,,,STK_250_ANNI_2PCS_SP00_america 250 car decal_Broad_Nguyen_280526,,20260528,,Manual,Enabled,5.0,,,,,,,,,Dynamic bids - down only,,,
Sponsored Products,Bidding Adjustment,Create,STK_250_ANNI_2PCS_SP00_america 250 car decal_Broad_Nguyen_280526,,,,,,,,,,,Enabled,,,,,,,,,,,Placement Top,0,
Sponsored Products,Bidding Adjustment,Create,STK_250_ANNI_2PCS_SP00_america 250 car decal_Broad_Nguyen_280526,,,,,,,,,,,Enabled,,,,,,,,,,,Placement Product Page,0,
Sponsored Products,Bidding Adjustment,Create,STK_250_ANNI_2PCS_SP00_america 250 car decal_Broad_Nguyen_280526,,,,,,,,,,,Enabled,,,,,,,,,,,Placement Rest Of Search,0,
Sponsored Products,Ad Group,Create,STK_250_ANNI_2PCS_SP00_america 250 car decal_Broad_Nguyen_280526,STK_250_ANNI_2PCS_SP00_america 250 car decal_Broad_Nguyen_280526,,,,,,america 250 car decal,,,,Enabled,,,,,,0.35,,,,,,,
Sponsored Products,Product Ad,Create,STK_250_ANNI_2PCS_SP00_america 250 car decal_Broad_Nguyen_280526,STK_250_ANNI_2PCS_SP00_america 250 car decal_Broad_Nguyen_280526,,,,,,,,,,Enabled,,STK_250_ANNI_2PCS,,,,,,,,,,,
Sponsored Products,Keyword,Create,STK_250_ANNI_2PCS_SP00_america 250 car decal_Broad_Nguyen_280526,STK_250_ANNI_2PCS_SP00_america 250 car decal_Broad_Nguyen_280526,,,,,,,,,,Enabled,,,,,,,0.35,america 250 car decal,broad,,,,
Sponsored Products,Campaign,Create,STK_250_ANNI_2PCS_SP00_usa 250th anniversary bumper sticker_Broad_Nguyen_280526,,209757982448080,,,,STK_250_ANNI_2PCS_SP00_usa 250th anniversary bumper sticker_Broad_Nguyen_280526,,20260528,,Manual,Enabled,5.0,,,,,,,,,Dynamic bids - down only,,,
Sponsored Products,Bidding Adjustment,Create,STK_250_ANNI_2PCS_SP00_usa 250th anniversary bumper sticker_Broad_Nguyen_280526,,,,,,,,,,,Enabled,,,,,,,,,,,Placement Top,0,
Sponsored Products,Bidding Adjustment,Create,STK_250_ANNI_2PCS_SP00_usa 250th anniversary bumper sticker_Broad_Nguyen_280526,,,,,,,,,,,Enabled,,,,,,,,,,,Placement Product Page,0,
Sponsored Products,Bidding Adjustment,Create,STK_250_ANNI_2PCS_SP00_usa 250th anniversary bumper sticker_Broad_Nguyen_280526,,,,,,,,,,,Enabled,,,,,,,,,,,Placement Rest Of Search,0,
Sponsored Products,Ad Group,Create,STK_250_ANNI_2PCS_SP00_usa 250th anniversary bumper sticker_Broad_Nguyen_280526,STK_250_ANNI_2PCS_SP00_usa 250th anniversary bumper sticker_Broad_Nguyen_280526,,,,,,usa 250th anniversary bumper sticker,,,,Enabled,,,,,,0.35,,,,,,,
Sponsored Products,Product Ad,Create,STK_250_ANNI_2PCS_SP00_usa 250th anniversary bumper sticker_Broad_Nguyen_280526,STK_250_ANNI_2PCS_SP00_usa 250th anniversary bumper sticker_Broad_Nguyen_280526,,,,,,,,,,Enabled,,STK_250_ANNI_2PCS,,,,,,,,,,,
Sponsored Products,Keyword,Create,STK_250_ANNI_2PCS_SP00_usa 250th anniversary bumper sticker_Broad_Nguyen_280526,STK_250_ANNI_2PCS_SP00_usa 250th anniversary bumper sticker_Broad_Nguyen_280526,,,,,,,,,,Enabled,,,,,,,0.35,usa 250th anniversary bumper sticker,broad,,,,
Sponsored Products,Campaign,Create,STK_250_ANNI_2PCS_SP00_patriotic 250 anniversary decal_Broad_Nguyen_280526,,209757982448080,,,,STK_250_ANNI_2PCS_SP00_patriotic 250 anniversary decal_Broad_Nguyen_280526,,20260528,,Manual,Enabled,5.0,,,,,,,,,Dynamic bids - down only,,,
Sponsored Products,Bidding Adjustment,Create,STK_250_ANNI_2PCS_SP00_patriotic 250 anniversary decal_Broad_Nguyen_280526,,,,,,,,,,,Enabled,,,,,,,,,,,Placement Top,0,
Sponsored Products,Bidding Adjustment,Create,STK_250_ANNI_2PCS_SP00_patriotic 250 anniversary decal_Broad_Nguyen_280526,,,,,,,,,,,Enabled,,,,,,,,,,,Placement Product Page,0,
Sponsored Products,Bidding Adjustment,Create,STK_250_ANNI_2PCS_SP00_patriotic 250 anniversary decal_Broad_Nguyen_280526,,,,,,,,,,,Enabled,,,,,,,,,,,Placement Rest Of Search,0,
Sponsored Products,Ad Group,Create,STK_250_ANNI_2PCS_SP00_patriotic 250 anniversary decal_Broad_Nguyen_280526,STK_250_ANNI_2PCS_SP00_patriotic 250 anniversary decal_Broad_Nguyen_280526,,,,,,patriotic 250 anniversary decal,,,,Enabled,,,,,,0.35,,,,,,,
Sponsored Products,Product Ad,Create,STK_250_ANNI_2PCS_SP00_patriotic 250 anniversary decal_Broad_Nguyen_280526,STK_250_ANNI_2PCS_SP00_patriotic 250 anniversary decal_Broad_Nguyen_280526,,,,,,,,,,Enabled,,STK_250_ANNI_2PCS,,,,,,,,,,,
Sponsored Products,Keyword,Create,STK_250_ANNI_2PCS_SP00_patriotic 250 anniversary decal_Broad_Nguyen_280526,STK_250_ANNI_2PCS_SP00_patriotic 250 anniversary decal_Broad_Nguyen_280526,,,,,,,,,,Enabled,,,,,,,0.35,patriotic 250 anniversary decal,broad,,,,
Sponsored Products,Campaign,Create,STK_250_ANNI_2PCS_SP00_independence day 250 sticker_Broad_Nguyen_280526,,209757982448080,,,,STK_250_ANNI_2PCS_SP00_independence day 250 sticker_Broad_Nguyen_280526,,20260528,,Manual,Enabled,5.0,,,,,,,,,Dynamic bids - down only,,,
Sponsored Products,Bidding Adjustment,Create,STK_250_ANNI_2PCS_SP00_independence day 250 sticker_Broad_Nguyen_280526,,,,,,,,,,,Enabled,,,,,,,,,,,Placement Top,0,
Sponsored Products,Bidding Adjustment,Create,STK_250_ANNI_2PCS_SP00_independence day 250 sticker_Broad_Nguyen_280526,,,,,,,,,,,Enabled,,,,,,,,,,,Placement Product Page,0,
Sponsored Products,Bidding Adjustment,Create,STK_250_ANNI_2PCS_SP00_independence day 250 sticker_Broad_Nguyen_280526,,,,,,,,,,,Enabled,,,,,,,,,,,Placement Rest Of Search,0,
Sponsored Products,Ad Group,Create,STK_250_ANNI_2PCS_SP00_independence day 250 sticker_Broad_Nguyen_280526,STK_250_ANNI_2PCS_SP00_independence day 250 sticker_Broad_Nguyen_280526,,,,,,independence day 250 sticker,,,,Enabled,,,,,,0.35,,,,,,,
Sponsored Products,Product Ad,Create,STK_250_ANNI_2PCS_SP00_independence day 250 sticker_Broad_Nguyen_280526,STK_250_ANNI_2PCS_SP00_independence day 250 sticker_Broad_Nguyen_280526,,,,,,,,,,Enabled,,STK_250_ANNI_2PCS,,,,,,,,,,,
Sponsored Products,Keyword,Create,STK_250_ANNI_2PCS_SP00_independence day 250 sticker_Broad_Nguyen_280526,STK_250_ANNI_2PCS_SP00_independence day 250 sticker_Broad_Nguyen_280526,,,,,,,,,,Enabled,,,,,,,0.35,independence day 250 sticker,broad,,,,
Sponsored Products,Campaign,Create,STK_250_ANNI_2PCS_SP00_america 250 eagle sticker_Broad_Nguyen_280526,,209757982448080,,,,STK_250_ANNI_2PCS_SP00_america 250 eagle sticker_Broad_Nguyen_280526,,20260528,,Manual,Enabled,5.0,,,,,,,,,Dynamic bids - down only,,,
Sponsored Products,Bidding Adjustment,Create,STK_250_ANNI_2PCS_SP00_america 250 eagle sticker_Broad_Nguyen_280526,,,,,,,,,,,Enabled,,,,,,,,,,,Placement Top,0,
Sponsored Products,Bidding Adjustment,Create,STK_250_ANNI_2PCS_SP00_america 250 eagle sticker_Broad_Nguyen_280526,,,,,,,,,,,Enabled,,,,,,,,,,,Placement Product Page,0,
Sponsored Products,Bidding Adjustment,Create,STK_250_ANNI_2PCS_SP00_america 250 eagle sticker_Broad_Nguyen_280526,,,,,,,,,,,Enabled,,,,,,,,,,,Placement Rest Of Search,0,
Sponsored Products,Ad Group,Create,STK_250_ANNI_2PCS_SP00_america 250 eagle sticker_Broad_Nguyen_280526,STK_250_ANNI_2PCS_SP00_america 250 eagle sticker_Broad_Nguyen_280526,,,,,,america 250 eagle sticker,,,,Enabled,,,,,,0.35,,,,,,,
Sponsored Products,Product Ad,Create,STK_250_ANNI_2PCS_SP00_america 250 eagle sticker_Broad_Nguyen_280526,STK_250_ANNI_2PCS_SP00_america 250 eagle sticker_Broad_Nguyen_280526,,,,,,,,,,Enabled,,STK_250_ANNI_2PCS,,,,,,,,,,,
Sponsored Products,Keyword,Create,STK_250_ANNI_2PCS_SP00_america 250 eagle sticker_Broad_Nguyen_280526,STK_250_ANNI_2PCS_SP00_america 250 eagle sticker_Broad_Nguyen_280526,,,,,,,,,,Enabled,,,,,,,0.35,america 250 eagle sticker,broad,,,,
Sponsored Products,Campaign,Create,STK_250_ANNI_2PCS_SP00_decals for trucks_Broad_Nguyen_280526,,209757982448080,,,,STK_250_ANNI_2PCS_SP00_decals for trucks_Broad_Nguyen_280526,,20260528,,Manual,Enabled,5.0,,,,,,,,,Dynamic bids - down only,,,
Sponsored Products,Bidding Adjustment,Create,STK_250_ANNI_2PCS_SP00_decals for trucks_Broad_Nguyen_280526,,,,,,,,,,,Enabled,,,,,,,,,,,Placement Top,0,
Sponsored Products,Bidding Adjustment,Create,STK_250_ANNI_2PCS_SP00_decals for trucks_Broad_Nguyen_280526,,,,,,,,,,,Enabled,,,,,,,,,,,Placement Product Page,0,
Sponsored Products,Bidding Adjustment,Create,STK_250_ANNI_2PCS_SP00_decals for trucks_Broad_Nguyen_280526,,,,,,,,,,,Enabled,,,,,,,,,,,Placement Rest Of Search,0,
Sponsored Products,Ad Group,Create,STK_250_ANNI_2PCS_SP00_decals for trucks_Broad_Nguyen_280526,STK_250_ANNI_2PCS_SP00_decals for trucks_Broad_Nguyen_280526,,,,,,decals for trucks,,,,Enabled,,,,,,0.35,,,,,,,
Sponsored Products,Product Ad,Create,STK_250_ANNI_2PCS_SP00_decals for trucks_Broad_Nguyen_280526,STK_250_ANNI_2PCS_SP00_decals for trucks_Broad_Nguyen_280526,,,,,,,,,,Enabled,,STK_250_ANNI_2PCS,,,,,,,,,,,
Sponsored Products,Keyword,Create,STK_250_ANNI_2PCS_SP00_decals for trucks_Broad_Nguyen_280526,STK_250_ANNI_2PCS_SP00_decals for trucks_Broad_Nguyen_280526,,,,,,,,,,Enabled,,,,,,,0.35,decals for trucks,broad,,,,
Sponsored Products,Campaign,Create,STK_250_ANNI_2PCS_SP00_rear window decals for trucks_Broad_Nguyen_280526,,209757982448080,,,,STK_250_ANNI_2PCS_SP00_rear window decals for trucks_Broad_Nguyen_280526,,20260528,,Manual,Enabled,5.0,,,,,,,,,Dynamic bids - down only,,,
Sponsored Products,Bidding Adjustment,Create,STK_250_ANNI_2PCS_SP00_rear window decals for trucks_Broad_Nguyen_280526,,,,,,,,,,,Enabled,,,,,,,,,,,Placement Top,0,
Sponsored Products,Bidding Adjustment,Create,STK_250_ANNI_2PCS_SP00_rear window decals for trucks_Broad_Nguyen_280526,,,,,,,,,,,Enabled,,,,,,,,,,,Placement Product Page,0,
Sponsored Products,Bidding Adjustment,Create,STK_250_ANNI_2PCS_SP00_rear window decals for trucks_Broad_Nguyen_280526,,,,,,,,,,,Enabled,,,,,,,,,,,Placement Rest Of Search,0,
Sponsored Products,Ad Group,Create,STK_250_ANNI_2PCS_SP00_rear window decals for trucks_Broad_Nguyen_280526,STK_250_ANNI_2PCS_SP00_rear window decals for trucks_Broad_Nguyen_280526,,,,,,rear window decals for trucks,,,,Enabled,,,,,,0.35,,,,,,,
Sponsored Products,Product Ad,Create,STK_250_ANNI_2PCS_SP00_rear window decals for trucks_Broad_Nguyen_280526,STK_250_ANNI_2PCS_SP00_rear window decals for trucks_Broad_Nguyen_280526,,,,,,,,,,Enabled,,STK_250_ANNI_2PCS,,,,,,,,,,,
Sponsored Products,Keyword,Create,STK_250_ANNI_2PCS_SP00_rear window decals for trucks_Broad_Nguyen_280526,STK_250_ANNI_2PCS_SP00_rear window decals for trucks_Broad_Nguyen_280526,,,,,,,,,,Enabled,,,,,,,0.35,rear window decals for trucks,broad,,,,
Sponsored Products,Campaign,Create,STK_250_ANNI_2PCS_SP00_bumper stickers_Broad_Nguyen_280526,,209757982448080,,,,STK_250_ANNI_2PCS_SP00_bumper stickers_Broad_Nguyen_280526,,20260528,,Manual,Enabled,5.0,,,,,,,,,Dynamic bids - down only,,,
Sponsored Products,Bidding Adjustment,Create,STK_250_ANNI_2PCS_SP00_bumper stickers_Broad_Nguyen_280526,,,,,,,,,,,Enabled,,,,,,,,,,,Placement Top,0,
Sponsored Products,Bidding Adjustment,Create,STK_250_ANNI_2PCS_SP00_bumper stickers_Broad_Nguyen_280526,,,,,,,,,,,Enabled,,,,,,,,,,,Placement Product Page,0,
Sponsored Products,Bidding Adjustment,Create,STK_250_ANNI_2PCS_SP00_bumper stickers_Broad_Nguyen_280526,,,,,,,,,,,Enabled,,,,,,,,,,,Placement Rest Of Search,0,
Sponsored Products,Ad Group,Create,STK_250_ANNI_2PCS_SP00_bumper stickers_Broad_Nguyen_280526,STK_250_ANNI_2PCS_SP00_bumper stickers_Broad_Nguyen_280526,,,,,,bumper stickers,,,,Enabled,,,,,,0.35,,,,,,,
Sponsored Products,Product Ad,Create,STK_250_ANNI_2PCS_SP00_bumper stickers_Broad_Nguyen_280526,STK_250_ANNI_2PCS_SP00_bumper stickers_Broad_Nguyen_280526,,,,,,,,,,Enabled,,STK_250_ANNI_2PCS,,,,,,,,,,,
Sponsored Products,Keyword,Create,STK_250_ANNI_2PCS_SP00_bumper stickers_Broad_Nguyen_280526,STK_250_ANNI_2PCS_SP00_bumper stickers_Broad_Nguyen_280526,,,,,,,,,,Enabled,,,,,,,0.35,bumper stickers,broad,,,,
Sponsored Products,Campaign,Create,STK_250_ANNI_2PCS_SP00_eagle stickers_Broad_Nguyen_280526,,209757982448080,,,,STK_250_ANNI_2PCS_SP00_eagle stickers_Broad_Nguyen_280526,,20260528,,Manual,Enabled,5.0,,,,,,,,,Dynamic bids - down only,,,
Sponsored Products,Bidding Adjustment,Create,STK_250_ANNI_2PCS_SP00_eagle stickers_Broad_Nguyen_280526,,,,,,,,,,,Enabled,,,,,,,,,,,Placement Top,0,
Sponsored Products,Bidding Adjustment,Create,STK_250_ANNI_2PCS_SP00_eagle stickers_Broad_Nguyen_280526,,,,,,,,,,,Enabled,,,,,,,,,,,Placement Product Page,0,
Sponsored Products,Bidding Adjustment,Create,STK_250_ANNI_2PCS_SP00_eagle stickers_Broad_Nguyen_280526,,,,,,,,,,,Enabled,,,,,,,,,,,Placement Rest Of Search,0,
Sponsored Products,Ad Group,Create,STK_250_ANNI_2PCS_SP00_eagle stickers_Broad_Nguyen_280526,STK_250_ANNI_2PCS_SP00_eagle stickers_Broad_Nguyen_280526,,,,,,eagle stickers,,,,Enabled,,,,,,0.35,,,,,,,
Sponsored Products,Product Ad,Create,STK_250_ANNI_2PCS_SP00_eagle stickers_Broad_Nguyen_280526,STK_250_ANNI_2PCS_SP00_eagle stickers_Broad_Nguyen_280526,,,,,,,,,,Enabled,,STK_250_ANNI_2PCS,,,,,,,,,,,
Sponsored Products,Keyword,Create,STK_250_ANNI_2PCS_SP00_eagle stickers_Broad_Nguyen_280526,STK_250_ANNI_2PCS_SP00_eagle stickers_Broad_Nguyen_280526,,,,,,,,,,Enabled,,,,,,,0.35,eagle stickers,broad,,,,
Sponsored Products,Campaign,Create,STK_250_ANNI_2PCS_SP00_bald eagle sticker_Broad_Nguyen_280526,,209757982448080,,,,STK_250_ANNI_2PCS_SP00_bald eagle sticker_Broad_Nguyen_280526,,20260528,,Manual,Enabled,5.0,,,,,,,,,Dynamic bids - down only,,,
Sponsored Products,Bidding Adjustment,Create,STK_250_ANNI_2PCS_SP00_bald eagle sticker_Broad_Nguyen_280526,,,,,,,,,,,Enabled,,,,,,,,,,,Placement Top,0,
Sponsored Products,Bidding Adjustment,Create,STK_250_ANNI_2PCS_SP00_bald eagle sticker_Broad_Nguyen_280526,,,,,,,,,,,Enabled,,,,,,,,,,,Placement Product Page,0,
Sponsored Products,Bidding Adjustment,Create,STK_250_ANNI_2PCS_SP00_bald eagle sticker_Broad_Nguyen_280526,,,,,,,,,,,Enabled,,,,,,,,,,,Placement Rest Of Search,0,
Sponsored Products,Ad Group,Create,STK_250_ANNI_2PCS_SP00_bald eagle sticker_Broad_Nguyen_280526,STK_250_ANNI_2PCS_SP00_bald eagle sticker_Broad_Nguyen_280526,,,,,,bald eagle sticker,,,,Enabled,,,,,,0.35,,,,,,,
Sponsored Products,Product Ad,Create,STK_250_ANNI_2PCS_SP00_bald eagle sticker_Broad_Nguyen_280526,STK_250_ANNI_2PCS_SP00_bald eagle sticker_Broad_Nguyen_280526,,,,,,,,,,Enabled,,STK_250_ANNI_2PCS,,,,,,,,,,,
Sponsored Products,Keyword,Create,STK_250_ANNI_2PCS_SP00_bald eagle sticker_Broad_Nguyen_280526,STK_250_ANNI_2PCS_SP00_bald eagle sticker_Broad_Nguyen_280526,,,,,,,,,,Enabled,,,,,,,0.35,bald eagle sticker,broad,,,,
Sponsored Products,Campaign,Create,STK_250_ANNI_2PCS_SP00_patriotic eagle decal_Broad_Nguyen_280526,,209757982448080,,,,STK_250_ANNI_2PCS_SP00_patriotic eagle decal_Broad_Nguyen_280526,,20260528,,Manual,Enabled,5.0,,,,,,,,,Dynamic bids - down only,,,
Sponsored Products,Bidding Adjustment,Create,STK_250_ANNI_2PCS_SP00_patriotic eagle decal_Broad_Nguyen_280526,,,,,,,,,,,Enabled,,,,,,,,,,,Placement Top,0,
Sponsored Products,Bidding Adjustment,Create,STK_250_ANNI_2PCS_SP00_patriotic eagle decal_Broad_Nguyen_280526,,,,,,,,,,,Enabled,,,,,,,,,,,Placement Product Page,0,
Sponsored Products,Bidding Adjustment,Create,STK_250_ANNI_2PCS_SP00_patriotic eagle decal_Broad_Nguyen_280526,,,,,,,,,,,Enabled,,,,,,,,,,,Placement Rest Of Search,0,
Sponsored Products,Ad Group,Create,STK_250_ANNI_2PCS_SP00_patriotic eagle decal_Broad_Nguyen_280526,STK_250_ANNI_2PCS_SP00_patriotic eagle decal_Broad_Nguyen_280526,,,,,,patriotic eagle decal,,,,Enabled,,,,,,0.35,,,,,,,
Sponsored Products,Product Ad,Create,STK_250_ANNI_2PCS_SP00_patriotic eagle decal_Broad_Nguyen_280526,STK_250_ANNI_2PCS_SP00_patriotic eagle decal_Broad_Nguyen_280526,,,,,,,,,,Enabled,,STK_250_ANNI_2PCS,,,,,,,,,,,
Sponsored Products,Keyword,Create,STK_250_ANNI_2PCS_SP00_patriotic eagle decal_Broad_Nguyen_280526,STK_250_ANNI_2PCS_SP00_patriotic eagle decal_Broad_Nguyen_280526,,,,,,,,,,Enabled,,,,,,,0.35,patriotic eagle decal,broad,,,,
Sponsored Products,Campaign,Create,STK_250_ANNI_2PCS_SP00_american eagle car sticker_Broad_Nguyen_280526,,209757982448080,,,,STK_250_ANNI_2PCS_SP00_american eagle car sticker_Broad_Nguyen_280526,,20260528,,Manual,Enabled,5.0,,,,,,,,,Dynamic bids - down only,,,
Sponsored Products,Bidding Adjustment,Create,STK_250_ANNI_2PCS_SP00_american eagle car sticker_Broad_Nguyen_280526,,,,,,,,,,,Enabled,,,,,,,,,,,Placement Top,0,
Sponsored Products,Bidding Adjustment,Create,STK_250_ANNI_2PCS_SP00_american eagle car sticker_Broad_Nguyen_280526,,,,,,,,,,,Enabled,,,,,,,,,,,Placement Product Page,0,
Sponsored Products,Bidding Adjustment,Create,STK_250_ANNI_2PCS_SP00_american eagle car sticker_Broad_Nguyen_280526,,,,,,,,,,,Enabled,,,,,,,,,,,Placement Rest Of Search,0,
Sponsored Products,Ad Group,Create,STK_250_ANNI_2PCS_SP00_american eagle car sticker_Broad_Nguyen_280526,STK_250_ANNI_2PCS_SP00_american eagle car sticker_Broad_Nguyen_280526,,,,,,american eagle car sticker,,,,Enabled,,,,,,0.35,,,,,,,
Sponsored Products,Product Ad,Create,STK_250_ANNI_2PCS_SP00_american eagle car sticker_Broad_Nguyen_280526,STK_250_ANNI_2PCS_SP00_american eagle car sticker_Broad_Nguyen_280526,,,,,,,,,,Enabled,,STK_250_ANNI_2PCS,,,,,,,,,,,
Sponsored Products,Keyword,Create,STK_250_ANNI_2PCS_SP00_american eagle car sticker_Broad_Nguyen_280526,STK_250_ANNI_2PCS_SP00_american eagle car sticker_Broad_Nguyen_280526,,,,,,,,,,Enabled,,,,,,,0.35,american eagle car sticker,broad,,,,
Sponsored Products,Campaign,Create,STK_250_ANNI_2PCS_SP00_eagle flag decal_Broad_Nguyen_280526,,209757982448080,,,,STK_250_ANNI_2PCS_SP00_eagle flag decal_Broad_Nguyen_280526,,20260528,,Manual,Enabled,5.0,,,,,,,,,Dynamic bids - down only,,,
Sponsored Products,Bidding Adjustment,Create,STK_250_ANNI_2PCS_SP00_eagle flag decal_Broad_Nguyen_280526,,,,,,,,,,,Enabled,,,,,,,,,,,Placement Top,0,
Sponsored Products,Bidding Adjustment,Create,STK_250_ANNI_2PCS_SP00_eagle flag decal_Broad_Nguyen_280526,,,,,,,,,,,Enabled,,,,,,,,,,,Placement Product Page,0,
Sponsored Products,Bidding Adjustment,Create,STK_250_ANNI_2PCS_SP00_eagle flag decal_Broad_Nguyen_280526,,,,,,,,,,,Enabled,,,,,,,,,,,Placement Rest Of Search,0,
Sponsored Products,Ad Group,Create,STK_250_ANNI_2PCS_SP00_eagle flag decal_Broad_Nguyen_280526,STK_250_ANNI_2PCS_SP00_eagle flag decal_Broad_Nguyen_280526,,,,,,eagle flag decal,,,,Enabled,,,,,,0.35,,,,,,,
Sponsored Products,Product Ad,Create,STK_250_ANNI_2PCS_SP00_eagle flag decal_Broad_Nguyen_280526,STK_250_ANNI_2PCS_SP00_eagle flag decal_Broad_Nguyen_280526,,,,,,,,,,Enabled,,STK_250_ANNI_2PCS,,,,,,,,,,,
Sponsored Products,Keyword,Create,STK_250_ANNI_2PCS_SP00_eagle flag decal_Broad_Nguyen_280526,STK_250_ANNI_2PCS_SP00_eagle flag decal_Broad_Nguyen_280526,,,,,,,,,,Enabled,,,,,,,0.35,eagle flag decal,broad,,,,
Sponsored Products,Campaign,Create,STK_250_ANNI_2PCS_SP00_usa eagle bumper sticker_Broad_Nguyen_280526,,209757982448080,,,,STK_250_ANNI_2PCS_SP00_usa eagle bumper sticker_Broad_Nguyen_280526,,20260528,,Manual,Enabled,5.0,,,,,,,,,Dynamic bids - down only,,,
Sponsored Products,Bidding Adjustment,Create,STK_250_ANNI_2PCS_SP00_usa eagle bumper sticker_Broad_Nguyen_280526,,,,,,,,,,,Enabled,,,,,,,,,,,Placement Top,0,
Sponsored Products,Bidding Adjustment,Create,STK_250_ANNI_2PCS_SP00_usa eagle bumper sticker_Broad_Nguyen_280526,,,,,,,,,,,Enabled,,,,,,,,,,,Placement Product Page,0,
Sponsored Products,Bidding Adjustment,Create,STK_250_ANNI_2PCS_SP00_usa eagle bumper sticker_Broad_Nguyen_280526,,,,,,,,,,,Enabled,,,,,,,,,,,Placement Rest Of Search,0,
Sponsored Products,Ad Group,Create,STK_250_ANNI_2PCS_SP00_usa eagle bumper sticker_Broad_Nguyen_280526,STK_250_ANNI_2PCS_SP00_usa eagle bumper sticker_Broad_Nguyen_280526,,,,,,usa eagle bumper sticker,,,,Enabled,,,,,,0.35,,,,,,,
Sponsored Products,Product Ad,Create,STK_250_ANNI_2PCS_SP00_usa eagle bumper sticker_Broad_Nguyen_280526,STK_250_ANNI_2PCS_SP00_usa eagle bumper sticker_Broad_Nguyen_280526,,,,,,,,,,Enabled,,STK_250_ANNI_2PCS,,,,,,,,,,,
Sponsored Products,Keyword,Create,STK_250_ANNI_2PCS_SP00_usa eagle bumper sticker_Broad_Nguyen_280526,STK_250_ANNI_2PCS_SP00_usa eagle bumper sticker_Broad_Nguyen_280526,,,,,,,,,,Enabled,,,,,,,0.35,usa eagle bumper sticker,broad,,,,
Sponsored Products,Campaign,Create,STK_250_ANNI_2PCS_SP00_freedom eagle sticker_Broad_Nguyen_280526,,209757982448080,,,,STK_250_ANNI_2PCS_SP00_freedom eagle sticker_Broad_Nguyen_280526,,20260528,,Manual,Enabled,5.0,,,,,,,,,Dynamic bids - down only,,,
Sponsored Products,Bidding Adjustment,Create,STK_250_ANNI_2PCS_SP00_freedom eagle sticker_Broad_Nguyen_280526,,,,,,,,,,,Enabled,,,,,,,,,,,Placement Top,0,
Sponsored Products,Bidding Adjustment,Create,STK_250_ANNI_2PCS_SP00_freedom eagle sticker_Broad_Nguyen_280526,,,,,,,,,,,Enabled,,,,,,,,,,,Placement Product Page,0,
Sponsored Products,Bidding Adjustment,Create,STK_250_ANNI_2PCS_SP00_freedom eagle sticker_Broad_Nguyen_280526,,,,,,,,,,,Enabled,,,,,,,,,,,Placement Rest Of Search,0,
Sponsored Products,Ad Group,Create,STK_250_ANNI_2PCS_SP00_freedom eagle sticker_Broad_Nguyen_280526,STK_250_ANNI_2PCS_SP00_freedom eagle sticker_Broad_Nguyen_280526,,,,,,freedom eagle sticker,,,,Enabled,,,,,,0.35,,,,,,,
Sponsored Products,Product Ad,Create,STK_250_ANNI_2PCS_SP00_freedom eagle sticker_Broad_Nguyen_280526,STK_250_ANNI_2PCS_SP00_freedom eagle sticker_Broad_Nguyen_280526,,,,,,,,,,Enabled,,STK_250_ANNI_2PCS,,,,,,,,,,,
Sponsored Products,Keyword,Create,STK_250_ANNI_2PCS_SP00_freedom eagle sticker_Broad_Nguyen_280526,STK_250_ANNI_2PCS_SP00_freedom eagle sticker_Broad_Nguyen_280526,,,,,,,,,,Enabled,,,,,,,0.35,freedom eagle sticker,broad,,,,
Sponsored Products,Campaign,Create,STK_250_ANNI_2PCS_SP00_vintage eagle patriotic sticker_Broad_Nguyen_280526,,209757982448080,,,,STK_250_ANNI_2PCS_SP00_vintage eagle patriotic sticker_Broad_Nguyen_280526,,20260528,,Manual,Enabled,5.0,,,,,,,,,Dynamic bids - down only,,,
Sponsored Products,Bidding Adjustment,Create,STK_250_ANNI_2PCS_SP00_vintage eagle patriotic sticker_Broad_Nguyen_280526,,,,,,,,,,,Enabled,,,,,,,,,,,Placement Top,0,
Sponsored Products,Bidding Adjustment,Create,STK_250_ANNI_2PCS_SP00_vintage eagle patriotic sticker_Broad_Nguyen_280526,,,,,,,,,,,Enabled,,,,,,,,,,,Placement Product Page,0,
Sponsored Products,Bidding Adjustment,Create,STK_250_ANNI_2PCS_SP00_vintage eagle patriotic sticker_Broad_Nguyen_280526,,,,,,,,,,,Enabled,,,,,,,,,,,Placement Rest Of Search,0,
Sponsored Products,Ad Group,Create,STK_250_ANNI_2PCS_SP00_vintage eagle patriotic sticker_Broad_Nguyen_280526,STK_250_ANNI_2PCS_SP00_vintage eagle patriotic sticker_Broad_Nguyen_280526,,,,,,vintage eagle patriotic sticker,,,,Enabled,,,,,,0.35,,,,,,,
Sponsored Products,Product Ad,Create,STK_250_ANNI_2PCS_SP00_vintage eagle patriotic sticker_Broad_Nguyen_280526,STK_250_ANNI_2PCS_SP00_vintage eagle patriotic sticker_Broad_Nguyen_280526,,,,,,,,,,Enabled,,STK_250_ANNI_2PCS,,,,,,,,,,,
Sponsored Products,Keyword,Create,STK_250_ANNI_2PCS_SP00_vintage eagle patriotic sticker_Broad_Nguyen_280526,STK_250_ANNI_2PCS_SP00_vintage eagle patriotic sticker_Broad_Nguyen_280526,,,,,,,,,,Enabled,,,,,,,0.35,vintage eagle patriotic sticker,broad,,,,
Sponsored Products,Campaign,Create,STK_250_ANNI_2PCS_SP00_american eagle vinyl decal_Broad_Nguyen_280526,,209757982448080,,,,STK_250_ANNI_2PCS_SP00_american eagle vinyl decal_Broad_Nguyen_280526,,20260528,,Manual,Enabled,5.0,,,,,,,,,Dynamic bids - down only,,,
Sponsored Products,Bidding Adjustment,Create,STK_250_ANNI_2PCS_SP00_american eagle vinyl decal_Broad_Nguyen_280526,,,,,,,,,,,Enabled,,,,,,,,,,,Placement Top,0,
Sponsored Products,Bidding Adjustment,Create,STK_250_ANNI_2PCS_SP00_american eagle vinyl decal_Broad_Nguyen_280526,,,,,,,,,,,Enabled,,,,,,,,,,,Placement Product Page,0,
Sponsored Products,Bidding Adjustment,Create,STK_250_ANNI_2PCS_SP00_american eagle vinyl decal_Broad_Nguyen_280526,,,,,,,,,,,Enabled,,,,,,,,,,,Placement Rest Of Search,0,
Sponsored Products,Ad Group,Create,STK_250_ANNI_2PCS_SP00_american eagle vinyl decal_Broad_Nguyen_280526,STK_250_ANNI_2PCS_SP00_american eagle vinyl decal_Broad_Nguyen_280526,,,,,,american eagle vinyl decal,,,,Enabled,,,,,,0.35,,,,,,,
Sponsored Products,Product Ad,Create,STK_250_ANNI_2PCS_SP00_american eagle vinyl decal_Broad_Nguyen_280526,STK_250_ANNI_2PCS_SP00_american eagle vinyl decal_Broad_Nguyen_280526,,,,,,,,,,Enabled,,STK_250_ANNI_2PCS,,,,,,,,,,,
Sponsored Products,Keyword,Create,STK_250_ANNI_2PCS_SP00_american eagle vinyl decal_Broad_Nguyen_280526,STK_250_ANNI_2PCS_SP00_american eagle vinyl decal_Broad_Nguyen_280526,,,,,,,,,,Enabled,,,,,,,0.35,american eagle vinyl decal,broad,,,,
Sponsored Products,Campaign,Create,STK_250_ANNI_2PCS_SP00_truck eagle stickers_Broad_Nguyen_280526,,209757982448080,,,,STK_250_ANNI_2PCS_SP00_truck eagle stickers_Broad_Nguyen_280526,,20260528,,Manual,Enabled,5.0,,,,,,,,,Dynamic bids - down only,,,
Sponsored Products,Bidding Adjustment,Create,STK_250_ANNI_2PCS_SP00_truck eagle stickers_Broad_Nguyen_280526,,,,,,,,,,,Enabled,,,,,,,,,,,Placement Top,0,
Sponsored Products,Bidding Adjustment,Create,STK_250_ANNI_2PCS_SP00_truck eagle stickers_Broad_Nguyen_280526,,,,,,,,,,,Enabled,,,,,,,,,,,Placement Product Page,0,
Sponsored Products,Bidding Adjustment,Create,STK_250_ANNI_2PCS_SP00_truck eagle stickers_Broad_Nguyen_280526,,,,,,,,,,,Enabled,,,,,,,,,,,Placement Rest Of Search,0,
Sponsored Products,Ad Group,Create,STK_250_ANNI_2PCS_SP00_truck eagle stickers_Broad_Nguyen_280526,STK_250_ANNI_2PCS_SP00_truck eagle stickers_Broad_Nguyen_280526,,,,,,truck eagle stickers,,,,Enabled,,,,,,0.35,,,,,,,
Sponsored Products,Product Ad,Create,STK_250_ANNI_2PCS_SP00_truck eagle stickers_Broad_Nguyen_280526,STK_250_ANNI_2PCS_SP00_truck eagle stickers_Broad_Nguyen_280526,,,,,,,,,,Enabled,,STK_250_ANNI_2PCS,,,,,,,,,,,
Sponsored Products,Keyword,Create,STK_250_ANNI_2PCS_SP00_truck eagle stickers_Broad_Nguyen_280526,STK_250_ANNI_2PCS_SP00_truck eagle stickers_Broad_Nguyen_280526,,,,,,,,,,Enabled,,,,,,,0.35,truck eagle stickers,broad,,,,
Sponsored Products,Campaign,Create,STK_250_ANNI_2PCS_SP00_patriotic bird decal_Broad_Nguyen_280526,,209757982448080,,,,STK_250_ANNI_2PCS_SP00_patriotic bird decal_Broad_Nguyen_280526,,20260528,,Manual,Enabled,5.0,,,,,,,,,Dynamic bids - down only,,,
Sponsored Products,Bidding Adjustment,Create,STK_250_ANNI_2PCS_SP00_patriotic bird decal_Broad_Nguyen_280526,,,,,,,,,,,Enabled,,,,,,,,,,,Placement Top,0,
Sponsored Products,Bidding Adjustment,Create,STK_250_ANNI_2PCS_SP00_patriotic bird decal_Broad_Nguyen_280526,,,,,,,,,,,Enabled,,,,,,,,,,,Placement Product Page,0,
Sponsored Products,Bidding Adjustment,Create,STK_250_ANNI_2PCS_SP00_patriotic bird decal_Broad_Nguyen_280526,,,,,,,,,,,Enabled,,,,,,,,,,,Placement Rest Of Search,0,
Sponsored Products,Ad Group,Create,STK_250_ANNI_2PCS_SP00_patriotic bird decal_Broad_Nguyen_280526,STK_250_ANNI_2PCS_SP00_patriotic bird decal_Broad_Nguyen_280526,,,,,,patriotic bird decal,,,,Enabled,,,,,,0.35,,,,,,,
Sponsored Products,Product Ad,Create,STK_250_ANNI_2PCS_SP00_patriotic bird decal_Broad_Nguyen_280526,STK_250_ANNI_2PCS_SP00_patriotic bird decal_Broad_Nguyen_280526,,,,,,,,,,Enabled,,STK_250_ANNI_2PCS,,,,,,,,,,,
Sponsored Products,Keyword,Create,STK_250_ANNI_2PCS_SP00_patriotic bird decal_Broad_Nguyen_280526,STK_250_ANNI_2PCS_SP00_patriotic bird decal_Broad_Nguyen_280526,,,,,,,,,,Enabled,,,,,,,0.35,patriotic bird decal,broad,,,,
Sponsored Products,Campaign,Create,250TH_DOORSIGN_DAIBANG_SP00_SPR00_america 250 eagle decor_Exact_Nguyen_280526,,209757982448080,,,,250TH_DOORSIGN_DAIBANG_SP00_SPR00_america 250 eagle decor_Exact_Nguyen_280526,,20260528,,Manual,Enabled,5.0,,,,,,,,,Dynamic bids - down only,,,
Sponsored Products,Bidding Adjustment,Create,250TH_DOORSIGN_DAIBANG_SP00_SPR00_america 250 eagle decor_Exact_Nguyen_280526,,,,,,,,,,,Enabled,,,,,,,,,,,Placement Top,0,
Sponsored Products,Bidding Adjustment,Create,250TH_DOORSIGN_DAIBANG_SP00_SPR00_america 250 eagle decor_Exact_Nguyen_280526,,,,,,,,,,,Enabled,,,,,,,,,,,Placement Product Page,0,
Sponsored Products,Bidding Adjustment,Create,250TH_DOORSIGN_DAIBANG_SP00_SPR00_america 250 eagle decor_Exact_Nguyen_280526,,,,,,,,,,,Enabled,,,,,,,,,,,Placement Rest Of Search,0,
Sponsored Products,Ad Group,Create,250TH_DOORSIGN_DAIBANG_SP00_SPR00_america 250 eagle decor_Exact_Nguyen_280526,AG_01_Exact_america 250 eagle decor,,,,,,AG_01_Exact_america 250 eagle decor,,,,Enabled,,,,,,0.6,,,,,,,
Sponsored Products,Product Ad,Create,250TH_DOORSIGN_DAIBANG_SP00_SPR00_america 250 eagle decor_Exact_Nguyen_280526,AG_01_Exact_america 250 eagle decor,,,,,,,,,,Enabled,,250TH_DOORSIGN_DAIBANG,,,,,,,,,,,
Sponsored Products,Keyword,Create,250TH_DOORSIGN_DAIBANG_SP00_SPR00_america 250 eagle decor_Exact_Nguyen_280526,AG_01_Exact_america 250 eagle decor,,,,,,,,,,Enabled,,,,,,,0.6,america 250 eagle decor,exact,,,,
Sponsored Products,Ad Group,Create,250TH_DOORSIGN_DAIBANG_SP00_SPR00_america 250 eagle decor_Exact_Nguyen_280526,AG_02_Exact_america 250 eagle decor,,,,,,AG_02_Exact_america 250 eagle decor,,,,Enabled,,,,,,0.6,,,,,,,
Sponsored Products,Product Ad,Create,250TH_DOORSIGN_DAIBANG_SP00_SPR00_america 250 eagle decor_Exact_Nguyen_280526,AG_02_Exact_america 250 eagle decor,,,,,,,,,,Enabled,,250TH_DOORSIGN_DAIBANG,,,,,,,,,,,
Sponsored Products,Keyword,Create,250TH_DOORSIGN_DAIBANG_SP00_SPR00_america 250 eagle decor_Exact_Nguyen_280526,AG_02_Exact_america 250 eagle decor,,,,,,,,,,Enabled,,,,,,,0.6,america 250 eagle decor,exact,,,,
Sponsored Products,Ad Group,Create,250TH_DOORSIGN_DAIBANG_SP00_SPR00_america 250 eagle decor_Exact_Nguyen_280526,AG_03_Exact_america 250 eagle decor,,,,,,AG_03_Exact_america 250 eagle decor,,,,Enabled,,,,,,0.6,,,,,,,
Sponsored Products,Product Ad,Create,250TH_DOORSIGN_DAIBANG_SP00_SPR00_america 250 eagle decor_Exact_Nguyen_280526,AG_03_Exact_america 250 eagle decor,,,,,,,,,,Enabled,,250TH_DOORSIGN_DAIBANG,,,,,,,,,,,
Sponsored Products,Keyword,Create,250TH_DOORSIGN_DAIBANG_SP00_SPR00_america 250 eagle decor_Exact_Nguyen_280526,AG_03_Exact_america 250 eagle decor,,,,,,,,,,Enabled,,,,,,,0.6,america 250 eagle decor,exact,,,,
Sponsored Products,Campaign,Create,250TH_DOORSIGN_DAIBANG_SP00_SPR00_america 250 eagle wreath_Exact_Nguyen_280526,,209757982448080,,,,250TH_DOORSIGN_DAIBANG_SP00_SPR00_america 250 eagle wreath_Exact_Nguyen_280526,,20260528,,Manual,Enabled,5.0,,,,,,,,,Dynamic bids - down only,,,
Sponsored Products,Bidding Adjustment,Create,250TH_DOORSIGN_DAIBANG_SP00_SPR00_america 250 eagle wreath_Exact_Nguyen_280526,,,,,,,,,,,Enabled,,,,,,,,,,,Placement Top,0,
Sponsored Products,Bidding Adjustment,Create,250TH_DOORSIGN_DAIBANG_SP00_SPR00_america 250 eagle wreath_Exact_Nguyen_280526,,,,,,,,,,,Enabled,,,,,,,,,,,Placement Product Page,0,
Sponsored Products,Bidding Adjustment,Create,250TH_DOORSIGN_DAIBANG_SP00_SPR00_america 250 eagle wreath_Exact_Nguyen_280526,,,,,,,,,,,Enabled,,,,,,,,,,,Placement Rest Of Search,0,
Sponsored Products,Ad Group,Create,250TH_DOORSIGN_DAIBANG_SP00_SPR00_america 250 eagle wreath_Exact_Nguyen_280526,AG_01_Exact_america 250 eagle wreath,,,,,,AG_01_Exact_america 250 eagle wreath,,,,Enabled,,,,,,0.6,,,,,,,
Sponsored Products,Product Ad,Create,250TH_DOORSIGN_DAIBANG_SP00_SPR00_america 250 eagle wreath_Exact_Nguyen_280526,AG_01_Exact_america 250 eagle wreath,,,,,,,,,,Enabled,,250TH_DOORSIGN_DAIBANG,,,,,,,,,,,
Sponsored Products,Keyword,Create,250TH_DOORSIGN_DAIBANG_SP00_SPR00_america 250 eagle wreath_Exact_Nguyen_280526,AG_01_Exact_america 250 eagle wreath,,,,,,,,,,Enabled,,,,,,,0.6,america 250 eagle wreath,exact,,,,
Sponsored Products,Ad Group,Create,250TH_DOORSIGN_DAIBANG_SP00_SPR00_america 250 eagle wreath_Exact_Nguyen_280526,AG_02_Exact_america 250 eagle wreath,,,,,,AG_02_Exact_america 250 eagle wreath,,,,Enabled,,,,,,0.6,,,,,,,
Sponsored Products,Product Ad,Create,250TH_DOORSIGN_DAIBANG_SP00_SPR00_america 250 eagle wreath_Exact_Nguyen_280526,AG_02_Exact_america 250 eagle wreath,,,,,,,,,,Enabled,,250TH_DOORSIGN_DAIBANG,,,,,,,,,,,
Sponsored Products,Keyword,Create,250TH_DOORSIGN_DAIBANG_SP00_SPR00_america 250 eagle wreath_Exact_Nguyen_280526,AG_02_Exact_america 250 eagle wreath,,,,,,,,,,Enabled,,,,,,,0.6,america 250 eagle wreath,exact,,,,
Sponsored Products,Ad Group,Create,250TH_DOORSIGN_DAIBANG_SP00_SPR00_america 250 eagle wreath_Exact_Nguyen_280526,AG_03_Exact_america 250 eagle wreath,,,,,,AG_03_Exact_america 250 eagle wreath,,,,Enabled,,,,,,0.6,,,,,,,
Sponsored Products,Product Ad,Create,250TH_DOORSIGN_DAIBANG_SP00_SPR00_america 250 eagle wreath_Exact_Nguyen_280526,AG_03_Exact_america 250 eagle wreath,,,,,,,,,,Enabled,,250TH_DOORSIGN_DAIBANG,,,,,,,,,,,
Sponsored Products,Keyword,Create,250TH_DOORSIGN_DAIBANG_SP00_SPR00_america 250 eagle wreath_Exact_Nguyen_280526,AG_03_Exact_america 250 eagle wreath,,,,,,,,,,Enabled,,,,,,,0.6,america 250 eagle wreath,exact,,,,
Sponsored Products,Campaign,Create,250TH_DOORSIGN_DAIBANG_SP00_SPR00_250 anniversary eagle sign_Exact_Nguyen_280526,,209757982448080,,,,250TH_DOORSIGN_DAIBANG_SP00_SPR00_250 anniversary eagle sign_Exact_Nguyen_280526,,20260528,,Manual,Enabled,5.0,,,,,,,,,Dynamic bids - down only,,,
Sponsored Products,Bidding Adjustment,Create,250TH_DOORSIGN_DAIBANG_SP00_SPR00_250 anniversary eagle sign_Exact_Nguyen_280526,,,,,,,,,,,Enabled,,,,,,,,,,,Placement Top,0,
Sponsored Products,Bidding Adjustment,Create,250TH_DOORSIGN_DAIBANG_SP00_SPR00_250 anniversary eagle sign_Exact_Nguyen_280526,,,,,,,,,,,Enabled,,,,,,,,,,,Placement Product Page,0,
Sponsored Products,Bidding Adjustment,Create,250TH_DOORSIGN_DAIBANG_SP00_SPR00_250 anniversary eagle sign_Exact_Nguyen_280526,,,,,,,,,,,Enabled,,,,,,,,,,,Placement Rest Of Search,0,
Sponsored Products,Ad Group,Create,250TH_DOORSIGN_DAIBANG_SP00_SPR00_250 anniversary eagle sign_Exact_Nguyen_280526,AG_01_Exact_250 anniversary eagle sign,,,,,,AG_01_Exact_250 anniversary eagle sign,,,,Enabled,,,,,,0.6,,,,,,,
Sponsored Products,Product Ad,Create,250TH_DOORSIGN_DAIBANG_SP00_SPR00_250 anniversary eagle sign_Exact_Nguyen_280526,AG_01_Exact_250 anniversary eagle sign,,,,,,,,,,Enabled,,250TH_DOORSIGN_DAIBANG,,,,,,,,,,,
Sponsored Products,Keyword,Create,250TH_DOORSIGN_DAIBANG_SP00_SPR00_250 anniversary eagle sign_Exact_Nguyen_280526,AG_01_Exact_250 anniversary eagle sign,,,,,,,,,,Enabled,,,,,,,0.6,250 anniversary eagle sign,exact,,,,
Sponsored Products,Ad Group,Create,250TH_DOORSIGN_DAIBANG_SP00_SPR00_250 anniversary eagle sign_Exact_Nguyen_280526,AG_02_Exact_250 anniversary eagle sign,,,,,,AG_02_Exact_250 anniversary eagle sign,,,,Enabled,,,,,,0.6,,,,,,,
Sponsored Products,Product Ad,Create,250TH_DOORSIGN_DAIBANG_SP00_SPR00_250 anniversary eagle sign_Exact_Nguyen_280526,AG_02_Exact_250 anniversary eagle sign,,,,,,,,,,Enabled,,250TH_DOORSIGN_DAIBANG,,,,,,,,,,,
Sponsored Products,Keyword,Create,250TH_DOORSIGN_DAIBANG_SP00_SPR00_250 anniversary eagle sign_Exact_Nguyen_280526,AG_02_Exact_250 anniversary eagle sign,,,,,,,,,,Enabled,,,,,,,0.6,250 anniversary eagle sign,exact,,,,
Sponsored Products,Ad Group,Create,250TH_DOORSIGN_DAIBANG_SP00_SPR00_250 anniversary eagle sign_Exact_Nguyen_280526,AG_03_Exact_250 anniversary eagle sign,,,,,,AG_03_Exact_250 anniversary eagle sign,,,,Enabled,,,,,,0.6,,,,,,,
Sponsored Products,Product Ad,Create,250TH_DOORSIGN_DAIBANG_SP00_SPR00_250 anniversary eagle sign_Exact_Nguyen_280526,AG_03_Exact_250 anniversary eagle sign,,,,,,,,,,Enabled,,250TH_DOORSIGN_DAIBANG,,,,,,,,,,,
Sponsored Products,Keyword,Create,250TH_DOORSIGN_DAIBANG_SP00_SPR00_250 anniversary eagle sign_Exact_Nguyen_280526,AG_03_Exact_250 anniversary eagle sign,,,,,,,,,,Enabled,,,,,,,0.6,250 anniversary eagle sign,exact,,,,
Sponsored Products,Campaign,Create,250TH_DOORSIGN_DAIBANG_SP00_SPR00_america eagle anniversary decor_Exact_Nguyen_280526,,209757982448080,,,,250TH_DOORSIGN_DAIBANG_SP00_SPR00_america eagle anniversary decor_Exact_Nguyen_280526,,20260528,,Manual,Enabled,5.0,,,,,,,,,Dynamic bids - down only,,,
Sponsored Products,Bidding Adjustment,Create,250TH_DOORSIGN_DAIBANG_SP00_SPR00_america eagle anniversary decor_Exact_Nguyen_280526,,,,,,,,,,,Enabled,,,,,,,,,,,Placement Top,0,
Sponsored Products,Bidding Adjustment,Create,250TH_DOORSIGN_DAIBANG_SP00_SPR00_america eagle anniversary decor_Exact_Nguyen_280526,,,,,,,,,,,Enabled,,,,,,,,,,,Placement Product Page,0,
Sponsored Products,Bidding Adjustment,Create,250TH_DOORSIGN_DAIBANG_SP00_SPR00_america eagle anniversary decor_Exact_Nguyen_280526,,,,,,,,,,,Enabled,,,,,,,,,,,Placement Rest Of Search,0,
Sponsored Products,Ad Group,Create,250TH_DOORSIGN_DAIBANG_SP00_SPR00_america eagle anniversary decor_Exact_Nguyen_280526,AG_01_Exact_america eagle anniversary decor,,,,,,AG_01_Exact_america eagle anniversary decor,,,,Enabled,,,,,,0.6,,,,,,,
Sponsored Products,Product Ad,Create,250TH_DOORSIGN_DAIBANG_SP00_SPR00_america eagle anniversary decor_Exact_Nguyen_280526,AG_01_Exact_america eagle anniversary decor,,,,,,,,,,Enabled,,250TH_DOORSIGN_DAIBANG,,,,,,,,,,,
Sponsored Products,Keyword,Create,250TH_DOORSIGN_DAIBANG_SP00_SPR00_america eagle anniversary decor_Exact_Nguyen_280526,AG_01_Exact_america eagle anniversary decor,,,,,,,,,,Enabled,,,,,,,0.6,america eagle anniversary decor,exact,,,,
Sponsored Products,Ad Group,Create,250TH_DOORSIGN_DAIBANG_SP00_SPR00_america eagle anniversary decor_Exact_Nguyen_280526,AG_02_Exact_america eagle anniversary decor,,,,,,AG_02_Exact_america eagle anniversary decor,,,,Enabled,,,,,,0.6,,,,,,,
Sponsored Products,Product Ad,Create,250TH_DOORSIGN_DAIBANG_SP00_SPR00_america eagle anniversary decor_Exact_Nguyen_280526,AG_02_Exact_america eagle anniversary decor,,,,,,,,,,Enabled,,250TH_DOORSIGN_DAIBANG,,,,,,,,,,,
Sponsored Products,Keyword,Create,250TH_DOORSIGN_DAIBANG_SP00_SPR00_america eagle anniversary decor_Exact_Nguyen_280526,AG_02_Exact_america eagle anniversary decor,,,,,,,,,,Enabled,,,,,,,0.6,america eagle anniversary decor,exact,,,,
Sponsored Products,Ad Group,Create,250TH_DOORSIGN_DAIBANG_SP00_SPR00_america eagle anniversary decor_Exact_Nguyen_280526,AG_03_Exact_america eagle anniversary decor,,,,,,AG_03_Exact_america eagle anniversary decor,,,,Enabled,,,,,,0.6,,,,,,,
Sponsored Products,Product Ad,Create,250TH_DOORSIGN_DAIBANG_SP00_SPR00_america eagle anniversary decor_Exact_Nguyen_280526,AG_03_Exact_america eagle anniversary decor,,,,,,,,,,Enabled,,250TH_DOORSIGN_DAIBANG,,,,,,,,,,,
Sponsored Products,Keyword,Create,250TH_DOORSIGN_DAIBANG_SP00_SPR00_america eagle anniversary decor_Exact_Nguyen_280526,AG_03_Exact_america eagle anniversary decor,,,,,,,,,,Enabled,,,,,,,0.6,america eagle anniversary decor,exact,,,,
Sponsored Products,Campaign,Create,250TH_DOORSIGN_DAIBANG_SP00_SPR00_1776 2026 eagle decor_Exact_Nguyen_280526,,209757982448080,,,,250TH_DOORSIGN_DAIBANG_SP00_SPR00_1776 2026 eagle decor_Exact_Nguyen_280526,,20260528,,Manual,Enabled,5.0,,,,,,,,,Dynamic bids - down only,,,
Sponsored Products,Bidding Adjustment,Create,250TH_DOORSIGN_DAIBANG_SP00_SPR00_1776 2026 eagle decor_Exact_Nguyen_280526,,,,,,,,,,,Enabled,,,,,,,,,,,Placement Top,0,
Sponsored Products,Bidding Adjustment,Create,250TH_DOORSIGN_DAIBANG_SP00_SPR00_1776 2026 eagle decor_Exact_Nguyen_280526,,,,,,,,,,,Enabled,,,,,,,,,,,Placement Product Page,0,
Sponsored Products,Bidding Adjustment,Create,250TH_DOORSIGN_DAIBANG_SP00_SPR00_1776 2026 eagle decor_Exact_Nguyen_280526,,,,,,,,,,,Enabled,,,,,,,,,,,Placement Rest Of Search,0,
Sponsored Products,Ad Group,Create,250TH_DOORSIGN_DAIBANG_SP00_SPR00_1776 2026 eagle decor_Exact_Nguyen_280526,AG_01_Exact_1776 2026 eagle decor,,,,,,AG_01_Exact_1776 2026 eagle decor,,,,Enabled,,,,,,0.6,,,,,,,
Sponsored Products,Product Ad,Create,250TH_DOORSIGN_DAIBANG_SP00_SPR00_1776 2026 eagle decor_Exact_Nguyen_280526,AG_01_Exact_1776 2026 eagle decor,,,,,,,,,,Enabled,,250TH_DOORSIGN_DAIBANG,,,,,,,,,,,
Sponsored Products,Keyword,Create,250TH_DOORSIGN_DAIBANG_SP00_SPR00_1776 2026 eagle decor_Exact_Nguyen_280526,AG_01_Exact_1776 2026 eagle decor,,,,,,,,,,Enabled,,,,,,,0.6,1776 2026 eagle decor,exact,,,,
Sponsored Products,Ad Group,Create,250TH_DOORSIGN_DAIBANG_SP00_SPR00_1776 2026 eagle decor_Exact_Nguyen_280526,AG_02_Exact_1776 2026 eagle decor,,,,,,AG_02_Exact_1776 2026 eagle decor,,,,Enabled,,,,,,0.6,,,,,,,
Sponsored Products,Product Ad,Create,250TH_DOORSIGN_DAIBANG_SP00_SPR00_1776 2026 eagle decor_Exact_Nguyen_280526,AG_02_Exact_1776 2026 eagle decor,,,,,,,,,,Enabled,,250TH_DOORSIGN_DAIBANG,,,,,,,,,,,
Sponsored Products,Keyword,Create,250TH_DOORSIGN_DAIBANG_SP00_SPR00_1776 2026 eagle decor_Exact_Nguyen_280526,AG_02_Exact_1776 2026 eagle decor,,,,,,,,,,Enabled,,,,,,,0.6,1776 2026 eagle decor,exact,,,,
Sponsored Products,Ad Group,Create,250TH_DOORSIGN_DAIBANG_SP00_SPR00_1776 2026 eagle decor_Exact_Nguyen_280526,AG_03_Exact_1776 2026 eagle decor,,,,,,AG_03_Exact_1776 2026 eagle decor,,,,Enabled,,,,,,0.6,,,,,,,
Sponsored Products,Product Ad,Create,250TH_DOORSIGN_DAIBANG_SP00_SPR00_1776 2026 eagle decor_Exact_Nguyen_280526,AG_03_Exact_1776 2026 eagle decor,,,,,,,,,,Enabled,,250TH_DOORSIGN_DAIBANG,,,,,,,,,,,
Sponsored Products,Keyword,Create,250TH_DOORSIGN_DAIBANG_SP00_SPR00_1776 2026 eagle decor_Exact_Nguyen_280526,AG_03_Exact_1776 2026 eagle decor,,,,,,,,,,Enabled,,,,,,,0.6,1776 2026 eagle decor,exact,,,,
Sponsored Products,Campaign,Create,250TH_DOORSIGN_DAIBANG_SP00_SPR00_patriotic eagle 250 anniversary_Exact_Nguyen_280526,,209757982448080,,,,250TH_DOORSIGN_DAIBANG_SP00_SPR00_patriotic eagle 250 anniversary_Exact_Nguyen_280526,,20260528,,Manual,Enabled,5.0,,,,,,,,,Dynamic bids - down only,,,
Sponsored Products,Bidding Adjustment,Create,250TH_DOORSIGN_DAIBANG_SP00_SPR00_patriotic eagle 250 anniversary_Exact_Nguyen_280526,,,,,,,,,,,Enabled,,,,,,,,,,,Placement Top,0,
Sponsored Products,Bidding Adjustment,Create,250TH_DOORSIGN_DAIBANG_SP00_SPR00_patriotic eagle 250 anniversary_Exact_Nguyen_280526,,,,,,,,,,,Enabled,,,,,,,,,,,Placement Product Page,0,
Sponsored Products,Bidding Adjustment,Create,250TH_DOORSIGN_DAIBANG_SP00_SPR00_patriotic eagle 250 anniversary_Exact_Nguyen_280526,,,,,,,,,,,Enabled,,,,,,,,,,,Placement Rest Of Search,0,
Sponsored Products,Ad Group,Create,250TH_DOORSIGN_DAIBANG_SP00_SPR00_patriotic eagle 250 anniversary_Exact_Nguyen_280526,AG_01_Exact_patriotic eagle 250 anniversary,,,,,,AG_01_Exact_patriotic eagle 250 anniversary,,,,Enabled,,,,,,0.6,,,,,,,
Sponsored Products,Product Ad,Create,250TH_DOORSIGN_DAIBANG_SP00_SPR00_patriotic eagle 250 anniversary_Exact_Nguyen_280526,AG_01_Exact_patriotic eagle 250 anniversary,,,,,,,,,,Enabled,,250TH_DOORSIGN_DAIBANG,,,,,,,,,,,
Sponsored Products,Keyword,Create,250TH_DOORSIGN_DAIBANG_SP00_SPR00_patriotic eagle 250 anniversary_Exact_Nguyen_280526,AG_01_Exact_patriotic eagle 250 anniversary,,,,,,,,,,Enabled,,,,,,,0.6,patriotic eagle 250 anniversary,exact,,,,
Sponsored Products,Ad Group,Create,250TH_DOORSIGN_DAIBANG_SP00_SPR00_patriotic eagle 250 anniversary_Exact_Nguyen_280526,AG_02_Exact_patriotic eagle 250 anniversary,,,,,,AG_02_Exact_patriotic eagle 250 anniversary,,,,Enabled,,,,,,0.6,,,,,,,
Sponsored Products,Product Ad,Create,250TH_DOORSIGN_DAIBANG_SP00_SPR00_patriotic eagle 250 anniversary_Exact_Nguyen_280526,AG_02_Exact_patriotic eagle 250 anniversary,,,,,,,,,,Enabled,,250TH_DOORSIGN_DAIBANG,,,,,,,,,,,
Sponsored Products,Keyword,Create,250TH_DOORSIGN_DAIBANG_SP00_SPR00_patriotic eagle 250 anniversary_Exact_Nguyen_280526,AG_02_Exact_patriotic eagle 250 anniversary,,,,,,,,,,Enabled,,,,,,,0.6,patriotic eagle 250 anniversary,exact,,,,
Sponsored Products,Ad Group,Create,250TH_DOORSIGN_DAIBANG_SP00_SPR00_patriotic eagle 250 anniversary_Exact_Nguyen_280526,AG_03_Exact_patriotic eagle 250 anniversary,,,,,,AG_03_Exact_patriotic eagle 250 anniversary,,,,Enabled,,,,,,0.6,,,,,,,
Sponsored Products,Product Ad,Create,250TH_DOORSIGN_DAIBANG_SP00_SPR00_patriotic eagle 250 anniversary_Exact_Nguyen_280526,AG_03_Exact_patriotic eagle 250 anniversary,,,,,,,,,,Enabled,,250TH_DOORSIGN_DAIBANG,,,,,,,,,,,
Sponsored Products,Keyword,Create,250TH_DOORSIGN_DAIBANG_SP00_SPR00_patriotic eagle 250 anniversary_Exact_Nguyen_280526,AG_03_Exact_patriotic eagle 250 anniversary,,,,,,,,,,Enabled,,,,,,,0.6,patriotic eagle 250 anniversary,exact,,,,
Sponsored Products,Campaign,Create,250TH_DOORSIGN_DAIBANG_SP00_SPR00_usa 250 eagle plaque_Exact_Nguyen_280526,,209757982448080,,,,250TH_DOORSIGN_DAIBANG_SP00_SPR00_usa 250 eagle plaque_Exact_Nguyen_280526,,20260528,,Manual,Enabled,5.0,,,,,,,,,Dynamic bids - down only,,,
Sponsored Products,Bidding Adjustment,Create,250TH_DOORSIGN_DAIBANG_SP00_SPR00_usa 250 eagle plaque_Exact_Nguyen_280526,,,,,,,,,,,Enabled,,,,,,,,,,,Placement Top,0,
Sponsored Products,Bidding Adjustment,Create,250TH_DOORSIGN_DAIBANG_SP00_SPR00_usa 250 eagle plaque_Exact_Nguyen_280526,,,,,,,,,,,Enabled,,,,,,,,,,,Placement Product Page,0,
Sponsored Products,Bidding Adjustment,Create,250TH_DOORSIGN_DAIBANG_SP00_SPR00_usa 250 eagle plaque_Exact_Nguyen_280526,,,,,,,,,,,Enabled,,,,,,,,,,,Placement Rest Of Search,0,
Sponsored Products,Ad Group,Create,250TH_DOORSIGN_DAIBANG_SP00_SPR00_usa 250 eagle plaque_Exact_Nguyen_280526,AG_01_Exact_usa 250 eagle plaque,,,,,,AG_01_Exact_usa 250 eagle plaque,,,,Enabled,,,,,,0.6,,,,,,,
Sponsored Products,Product Ad,Create,250TH_DOORSIGN_DAIBANG_SP00_SPR00_usa 250 eagle plaque_Exact_Nguyen_280526,AG_01_Exact_usa 250 eagle plaque,,,,,,,,,,Enabled,,250TH_DOORSIGN_DAIBANG,,,,,,,,,,,
Sponsored Products,Keyword,Create,250TH_DOORSIGN_DAIBANG_SP00_SPR00_usa 250 eagle plaque_Exact_Nguyen_280526,AG_01_Exact_usa 250 eagle plaque,,,,,,,,,,Enabled,,,,,,,0.6,usa 250 eagle plaque,exact,,,,
Sponsored Products,Ad Group,Create,250TH_DOORSIGN_DAIBANG_SP00_SPR00_usa 250 eagle plaque_Exact_Nguyen_280526,AG_02_Exact_usa 250 eagle plaque,,,,,,AG_02_Exact_usa 250 eagle plaque,,,,Enabled,,,,,,0.6,,,,,,,
Sponsored Products,Product Ad,Create,250TH_DOORSIGN_DAIBANG_SP00_SPR00_usa 250 eagle plaque_Exact_Nguyen_280526,AG_02_Exact_usa 250 eagle plaque,,,,,,,,,,Enabled,,250TH_DOORSIGN_DAIBANG,,,,,,,,,,,
Sponsored Products,Keyword,Create,250TH_DOORSIGN_DAIBANG_SP00_SPR00_usa 250 eagle plaque_Exact_Nguyen_280526,AG_02_Exact_usa 250 eagle plaque,,,,,,,,,,Enabled,,,,,,,0.6,usa 250 eagle plaque,exact,,,,
Sponsored Products,Ad Group,Create,250TH_DOORSIGN_DAIBANG_SP00_SPR00_usa 250 eagle plaque_Exact_Nguyen_280526,AG_03_Exact_usa 250 eagle plaque,,,,,,AG_03_Exact_usa 250 eagle plaque,,,,Enabled,,,,,,0.6,,,,,,,
Sponsored Products,Product Ad,Create,250TH_DOORSIGN_DAIBANG_SP00_SPR00_usa 250 eagle plaque_Exact_Nguyen_280526,AG_03_Exact_usa 250 eagle plaque,,,,,,,,,,Enabled,,250TH_DOORSIGN_DAIBANG,,,,,,,,,,,
Sponsored Products,Keyword,Create,250TH_DOORSIGN_DAIBANG_SP00_SPR00_usa 250 eagle plaque_Exact_Nguyen_280526,AG_03_Exact_usa 250 eagle plaque,,,,,,,,,,Enabled,,,,,,,0.6,usa 250 eagle plaque,exact,,,,
Sponsored Products,Campaign,Create,250TH_DOORSIGN_DAIBANG_SP00_SPR00_america 250 patriotic eagle_Exact_Nguyen_280526,,209757982448080,,,,250TH_DOORSIGN_DAIBANG_SP00_SPR00_america 250 patriotic eagle_Exact_Nguyen_280526,,20260528,,Manual,Enabled,5.0,,,,,,,,,Dynamic bids - down only,,,
Sponsored Products,Bidding Adjustment,Create,250TH_DOORSIGN_DAIBANG_SP00_SPR00_america 250 patriotic eagle_Exact_Nguyen_280526,,,,,,,,,,,Enabled,,,,,,,,,,,Placement Top,0,
Sponsored Products,Bidding Adjustment,Create,250TH_DOORSIGN_DAIBANG_SP00_SPR00_america 250 patriotic eagle_Exact_Nguyen_280526,,,,,,,,,,,Enabled,,,,,,,,,,,Placement Product Page,0,
Sponsored Products,Bidding Adjustment,Create,250TH_DOORSIGN_DAIBANG_SP00_SPR00_america 250 patriotic eagle_Exact_Nguyen_280526,,,,,,,,,,,Enabled,,,,,,,,,,,Placement Rest Of Search,0,
Sponsored Products,Ad Group,Create,250TH_DOORSIGN_DAIBANG_SP00_SPR00_america 250 patriotic eagle_Exact_Nguyen_280526,AG_01_Exact_america 250 patriotic eagle,,,,,,AG_01_Exact_america 250 patriotic eagle,,,,Enabled,,,,,,0.6,,,,,,,
Sponsored Products,Product Ad,Create,250TH_DOORSIGN_DAIBANG_SP00_SPR00_america 250 patriotic eagle_Exact_Nguyen_280526,AG_01_Exact_america 250 patriotic eagle,,,,,,,,,,Enabled,,250TH_DOORSIGN_DAIBANG,,,,,,,,,,,
Sponsored Products,Keyword,Create,250TH_DOORSIGN_DAIBANG_SP00_SPR00_america 250 patriotic eagle_Exact_Nguyen_280526,AG_01_Exact_america 250 patriotic eagle,,,,,,,,,,Enabled,,,,,,,0.6,america 250 patriotic eagle,exact,,,,
Sponsored Products,Ad Group,Create,250TH_DOORSIGN_DAIBANG_SP00_SPR00_america 250 patriotic eagle_Exact_Nguyen_280526,AG_02_Exact_america 250 patriotic eagle,,,,,,AG_02_Exact_america 250 patriotic eagle,,,,Enabled,,,,,,0.6,,,,,,,
Sponsored Products,Product Ad,Create,250TH_DOORSIGN_DAIBANG_SP00_SPR00_america 250 patriotic eagle_Exact_Nguyen_280526,AG_02_Exact_america 250 patriotic eagle,,,,,,,,,,Enabled,,250TH_DOORSIGN_DAIBANG,,,,,,,,,,,
Sponsored Products,Keyword,Create,250TH_DOORSIGN_DAIBANG_SP00_SPR00_america 250 patriotic eagle_Exact_Nguyen_280526,AG_02_Exact_america 250 patriotic eagle,,,,,,,,,,Enabled,,,,,,,0.6,america 250 patriotic eagle,exact,,,,
Sponsored Products,Ad Group,Create,250TH_DOORSIGN_DAIBANG_SP00_SPR00_america 250 patriotic eagle_Exact_Nguyen_280526,AG_03_Exact_america 250 patriotic eagle,,,,,,AG_03_Exact_america 250 patriotic eagle,,,,Enabled,,,,,,0.6,,,,,,,
Sponsored Products,Product Ad,Create,250TH_DOORSIGN_DAIBANG_SP00_SPR00_america 250 patriotic eagle_Exact_Nguyen_280526,AG_03_Exact_america 250 patriotic eagle,,,,,,,,,,Enabled,,250TH_DOORSIGN_DAIBANG,,,,,,,,,,,
Sponsored Products,Keyword,Create,250TH_DOORSIGN_DAIBANG_SP00_SPR00_america 250 patriotic eagle_Exact_Nguyen_280526,AG_03_Exact_america 250 patriotic eagle,,,,,,,,,,Enabled,,,,,,,0.6,america 250 patriotic eagle,exact,,,,
Sponsored Products,Campaign,Create,250TH_DOORSIGN_DAIBANG_SP00_SPR00_freedom eagle 1776 2026_Exact_Nguyen_280526,,209757982448080,,,,250TH_DOORSIGN_DAIBANG_SP00_SPR00_freedom eagle 1776 2026_Exact_Nguyen_280526,,20260528,,Manual,Enabled,5.0,,,,,,,,,Dynamic bids - down only,,,
Sponsored Products,Bidding Adjustment,Create,250TH_DOORSIGN_DAIBANG_SP00_SPR00_freedom eagle 1776 2026_Exact_Nguyen_280526,,,,,,,,,,,Enabled,,,,,,,,,,,Placement Top,0,
Sponsored Products,Bidding Adjustment,Create,250TH_DOORSIGN_DAIBANG_SP00_SPR00_freedom eagle 1776 2026_Exact_Nguyen_280526,,,,,,,,,,,Enabled,,,,,,,,,,,Placement Product Page,0,
Sponsored Products,Bidding Adjustment,Create,250TH_DOORSIGN_DAIBANG_SP00_SPR00_freedom eagle 1776 2026_Exact_Nguyen_280526,,,,,,,,,,,Enabled,,,,,,,,,,,Placement Rest Of Search,0,
Sponsored Products,Ad Group,Create,250TH_DOORSIGN_DAIBANG_SP00_SPR00_freedom eagle 1776 2026_Exact_Nguyen_280526,AG_01_Exact_freedom eagle 1776 2026,,,,,,AG_01_Exact_freedom eagle 1776 2026,,,,Enabled,,,,,,0.6,,,,,,,
Sponsored Products,Product Ad,Create,250TH_DOORSIGN_DAIBANG_SP00_SPR00_freedom eagle 1776 2026_Exact_Nguyen_280526,AG_01_Exact_freedom eagle 1776 2026,,,,,,,,,,Enabled,,250TH_DOORSIGN_DAIBANG,,,,,,,,,,,
Sponsored Products,Keyword,Create,250TH_DOORSIGN_DAIBANG_SP00_SPR00_freedom eagle 1776 2026_Exact_Nguyen_280526,AG_01_Exact_freedom eagle 1776 2026,,,,,,,,,,Enabled,,,,,,,0.6,freedom eagle 1776 2026,exact,,,,
Sponsored Products,Ad Group,Create,250TH_DOORSIGN_DAIBANG_SP00_SPR00_freedom eagle 1776 2026_Exact_Nguyen_280526,AG_02_Exact_freedom eagle 1776 2026,,,,,,AG_02_Exact_freedom eagle 1776 2026,,,,Enabled,,,,,,0.6,,,,,,,
Sponsored Products,Product Ad,Create,250TH_DOORSIGN_DAIBANG_SP00_SPR00_freedom eagle 1776 2026_Exact_Nguyen_280526,AG_02_Exact_freedom eagle 1776 2026,,,,,,,,,,Enabled,,250TH_DOORSIGN_DAIBANG,,,,,,,,,,,
Sponsored Products,Keyword,Create,250TH_DOORSIGN_DAIBANG_SP00_SPR00_freedom eagle 1776 2026_Exact_Nguyen_280526,AG_02_Exact_freedom eagle 1776 2026,,,,,,,,,,Enabled,,,,,,,0.6,freedom eagle 1776 2026,exact,,,,
Sponsored Products,Ad Group,Create,250TH_DOORSIGN_DAIBANG_SP00_SPR00_freedom eagle 1776 2026_Exact_Nguyen_280526,AG_03_Exact_freedom eagle 1776 2026,,,,,,AG_03_Exact_freedom eagle 1776 2026,,,,Enabled,,,,,,0.6,,,,,,,
Sponsored Products,Product Ad,Create,250TH_DOORSIGN_DAIBANG_SP00_SPR00_freedom eagle 1776 2026_Exact_Nguyen_280526,AG_03_Exact_freedom eagle 1776 2026,,,,,,,,,,Enabled,,250TH_DOORSIGN_DAIBANG,,,,,,,,,,,
Sponsored Products,Keyword,Create,250TH_DOORSIGN_DAIBANG_SP00_SPR00_freedom eagle 1776 2026_Exact_Nguyen_280526,AG_03_Exact_freedom eagle 1776 2026,,,,,,,,,,Enabled,,,,,,,0.6,freedom eagle 1776 2026,exact,,,,
Sponsored Products,Campaign,Create,250TH_DOORSIGN_DAIBANG_SP00_SPR00_patriotic eagle anniversary sign_Exact_Nguyen_280526,,209757982448080,,,,250TH_DOORSIGN_DAIBANG_SP00_SPR00_patriotic eagle anniversary sign_Exact_Nguyen_280526,,20260528,,Manual,Enabled,5.0,,,,,,,,,Dynamic bids - down only,,,
Sponsored Products,Bidding Adjustment,Create,250TH_DOORSIGN_DAIBANG_SP00_SPR00_patriotic eagle anniversary sign_Exact_Nguyen_280526,,,,,,,,,,,Enabled,,,,,,,,,,,Placement Top,0,
Sponsored Products,Bidding Adjustment,Create,250TH_DOORSIGN_DAIBANG_SP00_SPR00_patriotic eagle anniversary sign_Exact_Nguyen_280526,,,,,,,,,,,Enabled,,,,,,,,,,,Placement Product Page,0,
Sponsored Products,Bidding Adjustment,Create,250TH_DOORSIGN_DAIBANG_SP00_SPR00_patriotic eagle anniversary sign_Exact_Nguyen_280526,,,,,,,,,,,Enabled,,,,,,,,,,,Placement Rest Of Search,0,
Sponsored Products,Ad Group,Create,250TH_DOORSIGN_DAIBANG_SP00_SPR00_patriotic eagle anniversary sign_Exact_Nguyen_280526,AG_01_Exact_patriotic eagle anniversary sign,,,,,,AG_01_Exact_patriotic eagle anniversary sign,,,,Enabled,,,,,,0.6,,,,,,,
Sponsored Products,Product Ad,Create,250TH_DOORSIGN_DAIBANG_SP00_SPR00_patriotic eagle anniversary sign_Exact_Nguyen_280526,AG_01_Exact_patriotic eagle anniversary sign,,,,,,,,,,Enabled,,250TH_DOORSIGN_DAIBANG,,,,,,,,,,,
Sponsored Products,Keyword,Create,250TH_DOORSIGN_DAIBANG_SP00_SPR00_patriotic eagle anniversary sign_Exact_Nguyen_280526,AG_01_Exact_patriotic eagle anniversary sign,,,,,,,,,,Enabled,,,,,,,0.6,patriotic eagle anniversary sign,exact,,,,
Sponsored Products,Ad Group,Create,250TH_DOORSIGN_DAIBANG_SP00_SPR00_patriotic eagle anniversary sign_Exact_Nguyen_280526,AG_02_Exact_patriotic eagle anniversary sign,,,,,,AG_02_Exact_patriotic eagle anniversary sign,,,,Enabled,,,,,,0.6,,,,,,,
Sponsored Products,Product Ad,Create,250TH_DOORSIGN_DAIBANG_SP00_SPR00_patriotic eagle anniversary sign_Exact_Nguyen_280526,AG_02_Exact_patriotic eagle anniversary sign,,,,,,,,,,Enabled,,250TH_DOORSIGN_DAIBANG,,,,,,,,,,,
Sponsored Products,Keyword,Create,250TH_DOORSIGN_DAIBANG_SP00_SPR00_patriotic eagle anniversary sign_Exact_Nguyen_280526,AG_02_Exact_patriotic eagle anniversary sign,,,,,,,,,,Enabled,,,,,,,0.6,patriotic eagle anniversary sign,exact,,,,
Sponsored Products,Ad Group,Create,250TH_DOORSIGN_DAIBANG_SP00_SPR00_patriotic eagle anniversary sign_Exact_Nguyen_280526,AG_03_Exact_patriotic eagle anniversary sign,,,,,,AG_03_Exact_patriotic eagle anniversary sign,,,,Enabled,,,,,,0.6,,,,,,,
Sponsored Products,Product Ad,Create,250TH_DOORSIGN_DAIBANG_SP00_SPR00_patriotic eagle anniversary sign_Exact_Nguyen_280526,AG_03_Exact_patriotic eagle anniversary sign,,,,,,,,,,Enabled,,250TH_DOORSIGN_DAIBANG,,,,,,,,,,,
Sponsored Products,Keyword,Create,250TH_DOORSIGN_DAIBANG_SP00_SPR00_patriotic eagle anniversary sign_Exact_Nguyen_280526,AG_03_Exact_patriotic eagle anniversary sign,,,,,,,,,,Enabled,,,,,,,0.6,patriotic eagle anniversary sign,exact,,,,
Sponsored Products,Campaign,Create,250TH_DOORSIGN_DAIBANG_SP00_SPR00_250th anniversary eagle wreath_Exact_Nguyen_280526,,209757982448080,,,,250TH_DOORSIGN_DAIBANG_SP00_SPR00_250th anniversary eagle wreath_Exact_Nguyen_280526,,20260528,,Manual,Enabled,5.0,,,,,,,,,Dynamic bids - down only,,,
Sponsored Products,Bidding Adjustment,Create,250TH_DOORSIGN_DAIBANG_SP00_SPR00_250th anniversary eagle wreath_Exact_Nguyen_280526,,,,,,,,,,,Enabled,,,,,,,,,,,Placement Top,0,
Sponsored Products,Bidding Adjustment,Create,250TH_DOORSIGN_DAIBANG_SP00_SPR00_250th anniversary eagle wreath_Exact_Nguyen_280526,,,,,,,,,,,Enabled,,,,,,,,,,,Placement Product Page,0,
Sponsored Products,Bidding Adjustment,Create,250TH_DOORSIGN_DAIBANG_SP00_SPR00_250th anniversary eagle wreath_Exact_Nguyen_280526,,,,,,,,,,,Enabled,,,,,,,,,,,Placement Rest Of Search,0,
Sponsored Products,Ad Group,Create,250TH_DOORSIGN_DAIBANG_SP00_SPR00_250th anniversary eagle wreath_Exact_Nguyen_280526,AG_01_Exact_250th anniversary eagle wreath,,,,,,AG_01_Exact_250th anniversary eagle wreath,,,,Enabled,,,,,,0.6,,,,,,,
Sponsored Products,Product Ad,Create,250TH_DOORSIGN_DAIBANG_SP00_SPR00_250th anniversary eagle wreath_Exact_Nguyen_280526,AG_01_Exact_250th anniversary eagle wreath,,,,,,,,,,Enabled,,250TH_DOORSIGN_DAIBANG,,,,,,,,,,,
Sponsored Products,Keyword,Create,250TH_DOORSIGN_DAIBANG_SP00_SPR00_250th anniversary eagle wreath_Exact_Nguyen_280526,AG_01_Exact_250th anniversary eagle wreath,,,,,,,,,,Enabled,,,,,,,0.6,250th anniversary eagle wreath,exact,,,,
Sponsored Products,Ad Group,Create,250TH_DOORSIGN_DAIBANG_SP00_SPR00_250th anniversary eagle wreath_Exact_Nguyen_280526,AG_02_Exact_250th anniversary eagle wreath,,,,,,AG_02_Exact_250th anniversary eagle wreath,,,,Enabled,,,,,,0.6,,,,,,,
Sponsored Products,Product Ad,Create,250TH_DOORSIGN_DAIBANG_SP00_SPR00_250th anniversary eagle wreath_Exact_Nguyen_280526,AG_02_Exact_250th anniversary eagle wreath,,,,,,,,,,Enabled,,250TH_DOORSIGN_DAIBANG,,,,,,,,,,,
Sponsored Products,Keyword,Create,250TH_DOORSIGN_DAIBANG_SP00_SPR00_250th anniversary eagle wreath_Exact_Nguyen_280526,AG_02_Exact_250th anniversary eagle wreath,,,,,,,,,,Enabled,,,,,,,0.6,250th anniversary eagle wreath,exact,,,,
Sponsored Products,Ad Group,Create,250TH_DOORSIGN_DAIBANG_SP00_SPR00_250th anniversary eagle wreath_Exact_Nguyen_280526,AG_03_Exact_250th anniversary eagle wreath,,,,,,AG_03_Exact_250th anniversary eagle wreath,,,,Enabled,,,,,,0.6,,,,,,,
Sponsored Products,Product Ad,Create,250TH_DOORSIGN_DAIBANG_SP00_SPR00_250th anniversary eagle wreath_Exact_Nguyen_280526,AG_03_Exact_250th anniversary eagle wreath,,,,,,,,,,Enabled,,250TH_DOORSIGN_DAIBANG,,,,,,,,,,,
Sponsored Products,Keyword,Create,250TH_DOORSIGN_DAIBANG_SP00_SPR00_250th anniversary eagle wreath_Exact_Nguyen_280526,AG_03_Exact_250th anniversary eagle wreath,,,,,,,,,,Enabled,,,,,,,0.6,250th anniversary eagle wreath,exact,,,,
Sponsored Products,Campaign,Create,250TH_DOORSIGN_DAIBANG_SP00_SPR00_american eagle decor_Exact_Nguyen_280526,,209757982448080,,,,250TH_DOORSIGN_DAIBANG_SP00_SPR00_american eagle decor_Exact_Nguyen_280526,,20260528,,Manual,Enabled,5.0,,,,,,,,,Dynamic bids - down only,,,
Sponsored Products,Bidding Adjustment,Create,250TH_DOORSIGN_DAIBANG_SP00_SPR00_american eagle decor_Exact_Nguyen_280526,,,,,,,,,,,Enabled,,,,,,,,,,,Placement Top,0,
Sponsored Products,Bidding Adjustment,Create,250TH_DOORSIGN_DAIBANG_SP00_SPR00_american eagle decor_Exact_Nguyen_280526,,,,,,,,,,,Enabled,,,,,,,,,,,Placement Product Page,0,
Sponsored Products,Bidding Adjustment,Create,250TH_DOORSIGN_DAIBANG_SP00_SPR00_american eagle decor_Exact_Nguyen_280526,,,,,,,,,,,Enabled,,,,,,,,,,,Placement Rest Of Search,0,
Sponsored Products,Ad Group,Create,250TH_DOORSIGN_DAIBANG_SP00_SPR00_american eagle decor_Exact_Nguyen_280526,AG_01_Exact_american eagle decor,,,,,,AG_01_Exact_american eagle decor,,,,Enabled,,,,,,0.6,,,,,,,
Sponsored Products,Product Ad,Create,250TH_DOORSIGN_DAIBANG_SP00_SPR00_american eagle decor_Exact_Nguyen_280526,AG_01_Exact_american eagle decor,,,,,,,,,,Enabled,,250TH_DOORSIGN_DAIBANG,,,,,,,,,,,
Sponsored Products,Keyword,Create,250TH_DOORSIGN_DAIBANG_SP00_SPR00_american eagle decor_Exact_Nguyen_280526,AG_01_Exact_american eagle decor,,,,,,,,,,Enabled,,,,,,,0.6,american eagle decor,exact,,,,
Sponsored Products,Ad Group,Create,250TH_DOORSIGN_DAIBANG_SP00_SPR00_american eagle decor_Exact_Nguyen_280526,AG_02_Exact_american eagle decor,,,,,,AG_02_Exact_american eagle decor,,,,Enabled,,,,,,0.6,,,,,,,
Sponsored Products,Product Ad,Create,250TH_DOORSIGN_DAIBANG_SP00_SPR00_american eagle decor_Exact_Nguyen_280526,AG_02_Exact_american eagle decor,,,,,,,,,,Enabled,,250TH_DOORSIGN_DAIBANG,,,,,,,,,,,
Sponsored Products,Keyword,Create,250TH_DOORSIGN_DAIBANG_SP00_SPR00_american eagle decor_Exact_Nguyen_280526,AG_02_Exact_american eagle decor,,,,,,,,,,Enabled,,,,,,,0.6,american eagle decor,exact,,,,
Sponsored Products,Ad Group,Create,250TH_DOORSIGN_DAIBANG_SP00_SPR00_american eagle decor_Exact_Nguyen_280526,AG_03_Exact_american eagle decor,,,,,,AG_03_Exact_american eagle decor,,,,Enabled,,,,,,0.6,,,,,,,
Sponsored Products,Product Ad,Create,250TH_DOORSIGN_DAIBANG_SP00_SPR00_american eagle decor_Exact_Nguyen_280526,AG_03_Exact_american eagle decor,,,,,,,,,,Enabled,,250TH_DOORSIGN_DAIBANG,,,,,,,,,,,
Sponsored Products,Keyword,Create,250TH_DOORSIGN_DAIBANG_SP00_SPR00_american eagle decor_Exact_Nguyen_280526,AG_03_Exact_american eagle decor,,,,,,,,,,Enabled,,,,,,,0.6,american eagle decor,exact,,,,
Sponsored Products,Campaign,Create,250TH_DOORSIGN_DAIBANG_SP00_SPR00_patriotic eagle decor_Exact_Nguyen_280526,,209757982448080,,,,250TH_DOORSIGN_DAIBANG_SP00_SPR00_patriotic eagle decor_Exact_Nguyen_280526,,20260528,,Manual,Enabled,5.0,,,,,,,,,Dynamic bids - down only,,,
Sponsored Products,Bidding Adjustment,Create,250TH_DOORSIGN_DAIBANG_SP00_SPR00_patriotic eagle decor_Exact_Nguyen_280526,,,,,,,,,,,Enabled,,,,,,,,,,,Placement Top,0,
Sponsored Products,Bidding Adjustment,Create,250TH_DOORSIGN_DAIBANG_SP00_SPR00_patriotic eagle decor_Exact_Nguyen_280526,,,,,,,,,,,Enabled,,,,,,,,,,,Placement Product Page,0,
Sponsored Products,Bidding Adjustment,Create,250TH_DOORSIGN_DAIBANG_SP00_SPR00_patriotic eagle decor_Exact_Nguyen_280526,,,,,,,,,,,Enabled,,,,,,,,,,,Placement Rest Of Search,0,
Sponsored Products,Ad Group,Create,250TH_DOORSIGN_DAIBANG_SP00_SPR00_patriotic eagle decor_Exact_Nguyen_280526,AG_01_Exact_patriotic eagle decor,,,,,,AG_01_Exact_patriotic eagle decor,,,,Enabled,,,,,,0.6,,,,,,,
Sponsored Products,Product Ad,Create,250TH_DOORSIGN_DAIBANG_SP00_SPR00_patriotic eagle decor_Exact_Nguyen_280526,AG_01_Exact_patriotic eagle decor,,,,,,,,,,Enabled,,250TH_DOORSIGN_DAIBANG,,,,,,,,,,,
Sponsored Products,Keyword,Create,250TH_DOORSIGN_DAIBANG_SP00_SPR00_patriotic eagle decor_Exact_Nguyen_280526,AG_01_Exact_patriotic eagle decor,,,,,,,,,,Enabled,,,,,,,0.6,patriotic eagle decor,exact,,,,
Sponsored Products,Ad Group,Create,250TH_DOORSIGN_DAIBANG_SP00_SPR00_patriotic eagle decor_Exact_Nguyen_280526,AG_02_Exact_patriotic eagle decor,,,,,,AG_02_Exact_patriotic eagle decor,,,,Enabled,,,,,,0.6,,,,,,,
Sponsored Products,Product Ad,Create,250TH_DOORSIGN_DAIBANG_SP00_SPR00_patriotic eagle decor_Exact_Nguyen_280526,AG_02_Exact_patriotic eagle decor,,,,,,,,,,Enabled,,250TH_DOORSIGN_DAIBANG,,,,,,,,,,,
Sponsored Products,Keyword,Create,250TH_DOORSIGN_DAIBANG_SP00_SPR00_patriotic eagle decor_Exact_Nguyen_280526,AG_02_Exact_patriotic eagle decor,,,,,,,,,,Enabled,,,,,,,0.6,patriotic eagle decor,exact,,,,
Sponsored Products,Ad Group,Create,250TH_DOORSIGN_DAIBANG_SP00_SPR00_patriotic eagle decor_Exact_Nguyen_280526,AG_03_Exact_patriotic eagle decor,,,,,,AG_03_Exact_patriotic eagle decor,,,,Enabled,,,,,,0.6,,,,,,,
Sponsored Products,Product Ad,Create,250TH_DOORSIGN_DAIBANG_SP00_SPR00_patriotic eagle decor_Exact_Nguyen_280526,AG_03_Exact_patriotic eagle decor,,,,,,,,,,Enabled,,250TH_DOORSIGN_DAIBANG,,,,,,,,,,,
Sponsored Products,Keyword,Create,250TH_DOORSIGN_DAIBANG_SP00_SPR00_patriotic eagle decor_Exact_Nguyen_280526,AG_03_Exact_patriotic eagle decor,,,,,,,,,,Enabled,,,,,,,0.6,patriotic eagle decor,exact,,,,
Sponsored Products,Campaign,Create,250TH_DOORSIGN_DAIBANG_SP00_SPR00_eagle wall decor_Exact_Nguyen_280526,,209757982448080,,,,250TH_DOORSIGN_DAIBANG_SP00_SPR00_eagle wall decor_Exact_Nguyen_280526,,20260528,,Manual,Enabled,5.0,,,,,,,,,Dynamic bids - down only,,,
Sponsored Products,Bidding Adjustment,Create,250TH_DOORSIGN_DAIBANG_SP00_SPR00_eagle wall decor_Exact_Nguyen_280526,,,,,,,,,,,Enabled,,,,,,,,,,,Placement Top,0,
Sponsored Products,Bidding Adjustment,Create,250TH_DOORSIGN_DAIBANG_SP00_SPR00_eagle wall decor_Exact_Nguyen_280526,,,,,,,,,,,Enabled,,,,,,,,,,,Placement Product Page,0,
Sponsored Products,Bidding Adjustment,Create,250TH_DOORSIGN_DAIBANG_SP00_SPR00_eagle wall decor_Exact_Nguyen_280526,,,,,,,,,,,Enabled,,,,,,,,,,,Placement Rest Of Search,0,
Sponsored Products,Ad Group,Create,250TH_DOORSIGN_DAIBANG_SP00_SPR00_eagle wall decor_Exact_Nguyen_280526,AG_01_Exact_eagle wall decor,,,,,,AG_01_Exact_eagle wall decor,,,,Enabled,,,,,,0.6,,,,,,,
Sponsored Products,Product Ad,Create,250TH_DOORSIGN_DAIBANG_SP00_SPR00_eagle wall decor_Exact_Nguyen_280526,AG_01_Exact_eagle wall decor,,,,,,,,,,Enabled,,250TH_DOORSIGN_DAIBANG,,,,,,,,,,,
Sponsored Products,Keyword,Create,250TH_DOORSIGN_DAIBANG_SP00_SPR00_eagle wall decor_Exact_Nguyen_280526,AG_01_Exact_eagle wall decor,,,,,,,,,,Enabled,,,,,,,0.6,eagle wall decor,exact,,,,
Sponsored Products,Ad Group,Create,250TH_DOORSIGN_DAIBANG_SP00_SPR00_eagle wall decor_Exact_Nguyen_280526,AG_02_Exact_eagle wall decor,,,,,,AG_02_Exact_eagle wall decor,,,,Enabled,,,,,,0.6,,,,,,,
Sponsored Products,Product Ad,Create,250TH_DOORSIGN_DAIBANG_SP00_SPR00_eagle wall decor_Exact_Nguyen_280526,AG_02_Exact_eagle wall decor,,,,,,,,,,Enabled,,250TH_DOORSIGN_DAIBANG,,,,,,,,,,,
Sponsored Products,Keyword,Create,250TH_DOORSIGN_DAIBANG_SP00_SPR00_eagle wall decor_Exact_Nguyen_280526,AG_02_Exact_eagle wall decor,,,,,,,,,,Enabled,,,,,,,0.6,eagle wall decor,exact,,,,
Sponsored Products,Ad Group,Create,250TH_DOORSIGN_DAIBANG_SP00_SPR00_eagle wall decor_Exact_Nguyen_280526,AG_03_Exact_eagle wall decor,,,,,,AG_03_Exact_eagle wall decor,,,,Enabled,,,,,,0.6,,,,,,,
Sponsored Products,Product Ad,Create,250TH_DOORSIGN_DAIBANG_SP00_SPR00_eagle wall decor_Exact_Nguyen_280526,AG_03_Exact_eagle wall decor,,,,,,,,,,Enabled,,250TH_DOORSIGN_DAIBANG,,,,,,,,,,,
Sponsored Products,Keyword,Create,250TH_DOORSIGN_DAIBANG_SP00_SPR00_eagle wall decor_Exact_Nguyen_280526,AG_03_Exact_eagle wall decor,,,,,,,,,,Enabled,,,,,,,0.6,eagle wall decor,exact,,,,
Sponsored Products,Campaign,Create,250TH_DOORSIGN_DAIBANG_SP00_SPR00_eagle wreath_Exact_Nguyen_280526,,209757982448080,,,,250TH_DOORSIGN_DAIBANG_SP00_SPR00_eagle wreath_Exact_Nguyen_280526,,20260528,,Manual,Enabled,5.0,,,,,,,,,Dynamic bids - down only,,,
Sponsored Products,Bidding Adjustment,Create,250TH_DOORSIGN_DAIBANG_SP00_SPR00_eagle wreath_Exact_Nguyen_280526,,,,,,,,,,,Enabled,,,,,,,,,,,Placement Top,0,
Sponsored Products,Bidding Adjustment,Create,250TH_DOORSIGN_DAIBANG_SP00_SPR00_eagle wreath_Exact_Nguyen_280526,,,,,,,,,,,Enabled,,,,,,,,,,,Placement Product Page,0,
Sponsored Products,Bidding Adjustment,Create,250TH_DOORSIGN_DAIBANG_SP00_SPR00_eagle wreath_Exact_Nguyen_280526,,,,,,,,,,,Enabled,,,,,,,,,,,Placement Rest Of Search,0,
Sponsored Products,Ad Group,Create,250TH_DOORSIGN_DAIBANG_SP00_SPR00_eagle wreath_Exact_Nguyen_280526,AG_01_Exact_eagle wreath,,,,,,AG_01_Exact_eagle wreath,,,,Enabled,,,,,,0.6,,,,,,,
Sponsored Products,Product Ad,Create,250TH_DOORSIGN_DAIBANG_SP00_SPR00_eagle wreath_Exact_Nguyen_280526,AG_01_Exact_eagle wreath,,,,,,,,,,Enabled,,250TH_DOORSIGN_DAIBANG,,,,,,,,,,,
Sponsored Products,Keyword,Create,250TH_DOORSIGN_DAIBANG_SP00_SPR00_eagle wreath_Exact_Nguyen_280526,AG_01_Exact_eagle wreath,,,,,,,,,,Enabled,,,,,,,0.6,eagle wreath,exact,,,,
Sponsored Products,Ad Group,Create,250TH_DOORSIGN_DAIBANG_SP00_SPR00_eagle wreath_Exact_Nguyen_280526,AG_02_Exact_eagle wreath,,,,,,AG_02_Exact_eagle wreath,,,,Enabled,,,,,,0.6,,,,,,,
Sponsored Products,Product Ad,Create,250TH_DOORSIGN_DAIBANG_SP00_SPR00_eagle wreath_Exact_Nguyen_280526,AG_02_Exact_eagle wreath,,,,,,,,,,Enabled,,250TH_DOORSIGN_DAIBANG,,,,,,,,,,,
Sponsored Products,Keyword,Create,250TH_DOORSIGN_DAIBANG_SP00_SPR00_eagle wreath_Exact_Nguyen_280526,AG_02_Exact_eagle wreath,,,,,,,,,,Enabled,,,,,,,0.6,eagle wreath,exact,,,,
Sponsored Products,Ad Group,Create,250TH_DOORSIGN_DAIBANG_SP00_SPR00_eagle wreath_Exact_Nguyen_280526,AG_03_Exact_eagle wreath,,,,,,AG_03_Exact_eagle wreath,,,,Enabled,,,,,,0.6,,,,,,,
Sponsored Products,Product Ad,Create,250TH_DOORSIGN_DAIBANG_SP00_SPR00_eagle wreath_Exact_Nguyen_280526,AG_03_Exact_eagle wreath,,,,,,,,,,Enabled,,250TH_DOORSIGN_DAIBANG,,,,,,,,,,,
Sponsored Products,Keyword,Create,250TH_DOORSIGN_DAIBANG_SP00_SPR00_eagle wreath_Exact_Nguyen_280526,AG_03_Exact_eagle wreath,,,,,,,,,,Enabled,,,,,,,0.6,eagle wreath,exact,,,,
Sponsored Products,Campaign,Create,250TH_DOORSIGN_DAIBANG_SP00_SPR00_eagle door sign_Exact_Nguyen_280526,,209757982448080,,,,250TH_DOORSIGN_DAIBANG_SP00_SPR00_eagle door sign_Exact_Nguyen_280526,,20260528,,Manual,Enabled,5.0,,,,,,,,,Dynamic bids - down only,,,
Sponsored Products,Bidding Adjustment,Create,250TH_DOORSIGN_DAIBANG_SP00_SPR00_eagle door sign_Exact_Nguyen_280526,,,,,,,,,,,Enabled,,,,,,,,,,,Placement Top,0,
Sponsored Products,Bidding Adjustment,Create,250TH_DOORSIGN_DAIBANG_SP00_SPR00_eagle door sign_Exact_Nguyen_280526,,,,,,,,,,,Enabled,,,,,,,,,,,Placement Product Page,0,
Sponsored Products,Bidding Adjustment,Create,250TH_DOORSIGN_DAIBANG_SP00_SPR00_eagle door sign_Exact_Nguyen_280526,,,,,,,,,,,Enabled,,,,,,,,,,,Placement Rest Of Search,0,
Sponsored Products,Ad Group,Create,250TH_DOORSIGN_DAIBANG_SP00_SPR00_eagle door sign_Exact_Nguyen_280526,AG_01_Exact_eagle door sign,,,,,,AG_01_Exact_eagle door sign,,,,Enabled,,,,,,0.6,,,,,,,
Sponsored Products,Product Ad,Create,250TH_DOORSIGN_DAIBANG_SP00_SPR00_eagle door sign_Exact_Nguyen_280526,AG_01_Exact_eagle door sign,,,,,,,,,,Enabled,,250TH_DOORSIGN_DAIBANG,,,,,,,,,,,
Sponsored Products,Keyword,Create,250TH_DOORSIGN_DAIBANG_SP00_SPR00_eagle door sign_Exact_Nguyen_280526,AG_01_Exact_eagle door sign,,,,,,,,,,Enabled,,,,,,,0.6,eagle door sign,exact,,,,
Sponsored Products,Ad Group,Create,250TH_DOORSIGN_DAIBANG_SP00_SPR00_eagle door sign_Exact_Nguyen_280526,AG_02_Exact_eagle door sign,,,,,,AG_02_Exact_eagle door sign,,,,Enabled,,,,,,0.6,,,,,,,
Sponsored Products,Product Ad,Create,250TH_DOORSIGN_DAIBANG_SP00_SPR00_eagle door sign_Exact_Nguyen_280526,AG_02_Exact_eagle door sign,,,,,,,,,,Enabled,,250TH_DOORSIGN_DAIBANG,,,,,,,,,,,
Sponsored Products,Keyword,Create,250TH_DOORSIGN_DAIBANG_SP00_SPR00_eagle door sign_Exact_Nguyen_280526,AG_02_Exact_eagle door sign,,,,,,,,,,Enabled,,,,,,,0.6,eagle door sign,exact,,,,
Sponsored Products,Ad Group,Create,250TH_DOORSIGN_DAIBANG_SP00_SPR00_eagle door sign_Exact_Nguyen_280526,AG_03_Exact_eagle door sign,,,,,,AG_03_Exact_eagle door sign,,,,Enabled,,,,,,0.6,,,,,,,
Sponsored Products,Product Ad,Create,250TH_DOORSIGN_DAIBANG_SP00_SPR00_eagle door sign_Exact_Nguyen_280526,AG_03_Exact_eagle door sign,,,,,,,,,,Enabled,,250TH_DOORSIGN_DAIBANG,,,,,,,,,,,
Sponsored Products,Keyword,Create,250TH_DOORSIGN_DAIBANG_SP00_SPR00_eagle door sign_Exact_Nguyen_280526,AG_03_Exact_eagle door sign,,,,,,,,,,Enabled,,,,,,,0.6,eagle door sign,exact,,,,
Sponsored Products,Campaign,Create,250TH_DOORSIGN_DAIBANG_SP00_SPR00_eagle wall plaque_Exact_Nguyen_280526,,209757982448080,,,,250TH_DOORSIGN_DAIBANG_SP00_SPR00_eagle wall plaque_Exact_Nguyen_280526,,20260528,,Manual,Enabled,5.0,,,,,,,,,Dynamic bids - down only,,,
Sponsored Products,Bidding Adjustment,Create,250TH_DOORSIGN_DAIBANG_SP00_SPR00_eagle wall plaque_Exact_Nguyen_280526,,,,,,,,,,,Enabled,,,,,,,,,,,Placement Top,0,
Sponsored Products,Bidding Adjustment,Create,250TH_DOORSIGN_DAIBANG_SP00_SPR00_eagle wall plaque_Exact_Nguyen_280526,,,,,,,,,,,Enabled,,,,,,,,,,,Placement Product Page,0,
Sponsored Products,Bidding Adjustment,Create,250TH_DOORSIGN_DAIBANG_SP00_SPR00_eagle wall plaque_Exact_Nguyen_280526,,,,,,,,,,,Enabled,,,,,,,,,,,Placement Rest Of Search,0,
Sponsored Products,Ad Group,Create,250TH_DOORSIGN_DAIBANG_SP00_SPR00_eagle wall plaque_Exact_Nguyen_280526,AG_01_Exact_eagle wall plaque,,,,,,AG_01_Exact_eagle wall plaque,,,,Enabled,,,,,,0.6,,,,,,,
Sponsored Products,Product Ad,Create,250TH_DOORSIGN_DAIBANG_SP00_SPR00_eagle wall plaque_Exact_Nguyen_280526,AG_01_Exact_eagle wall plaque,,,,,,,,,,Enabled,,250TH_DOORSIGN_DAIBANG,,,,,,,,,,,
Sponsored Products,Keyword,Create,250TH_DOORSIGN_DAIBANG_SP00_SPR00_eagle wall plaque_Exact_Nguyen_280526,AG_01_Exact_eagle wall plaque,,,,,,,,,,Enabled,,,,,,,0.6,eagle wall plaque,exact,,,,
Sponsored Products,Ad Group,Create,250TH_DOORSIGN_DAIBANG_SP00_SPR00_eagle wall plaque_Exact_Nguyen_280526,AG_02_Exact_eagle wall plaque,,,,,,AG_02_Exact_eagle wall plaque,,,,Enabled,,,,,,0.6,,,,,,,
Sponsored Products,Product Ad,Create,250TH_DOORSIGN_DAIBANG_SP00_SPR00_eagle wall plaque_Exact_Nguyen_280526,AG_02_Exact_eagle wall plaque,,,,,,,,,,Enabled,,250TH_DOORSIGN_DAIBANG,,,,,,,,,,,
Sponsored Products,Keyword,Create,250TH_DOORSIGN_DAIBANG_SP00_SPR00_eagle wall plaque_Exact_Nguyen_280526,AG_02_Exact_eagle wall plaque,,,,,,,,,,Enabled,,,,,,,0.6,eagle wall plaque,exact,,,,
Sponsored Products,Ad Group,Create,250TH_DOORSIGN_DAIBANG_SP00_SPR00_eagle wall plaque_Exact_Nguyen_280526,AG_03_Exact_eagle wall plaque,,,,,,AG_03_Exact_eagle wall plaque,,,,Enabled,,,,,,0.6,,,,,,,
Sponsored Products,Product Ad,Create,250TH_DOORSIGN_DAIBANG_SP00_SPR00_eagle wall plaque_Exact_Nguyen_280526,AG_03_Exact_eagle wall plaque,,,,,,,,,,Enabled,,250TH_DOORSIGN_DAIBANG,,,,,,,,,,,
Sponsored Products,Keyword,Create,250TH_DOORSIGN_DAIBANG_SP00_SPR00_eagle wall plaque_Exact_Nguyen_280526,AG_03_Exact_eagle wall plaque,,,,,,,,,,Enabled,,,,,,,0.6,eagle wall plaque,exact,,,,
Sponsored Products,Campaign,Create,250TH_DOORSIGN_DAIBANG_SP00_SPR00_eagle hanging decor_Exact_Nguyen_280526,,209757982448080,,,,250TH_DOORSIGN_DAIBANG_SP00_SPR00_eagle hanging decor_Exact_Nguyen_280526,,20260528,,Manual,Enabled,5.0,,,,,,,,,Dynamic bids - down only,,,
Sponsored Products,Bidding Adjustment,Create,250TH_DOORSIGN_DAIBANG_SP00_SPR00_eagle hanging decor_Exact_Nguyen_280526,,,,,,,,,,,Enabled,,,,,,,,,,,Placement Top,0,
Sponsored Products,Bidding Adjustment,Create,250TH_DOORSIGN_DAIBANG_SP00_SPR00_eagle hanging decor_Exact_Nguyen_280526,,,,,,,,,,,Enabled,,,,,,,,,,,Placement Product Page,0,
Sponsored Products,Bidding Adjustment,Create,250TH_DOORSIGN_DAIBANG_SP00_SPR00_eagle hanging decor_Exact_Nguyen_280526,,,,,,,,,,,Enabled,,,,,,,,,,,Placement Rest Of Search,0,
Sponsored Products,Ad Group,Create,250TH_DOORSIGN_DAIBANG_SP00_SPR00_eagle hanging decor_Exact_Nguyen_280526,AG_01_Exact_eagle hanging decor,,,,,,AG_01_Exact_eagle hanging decor,,,,Enabled,,,,,,0.6,,,,,,,
Sponsored Products,Product Ad,Create,250TH_DOORSIGN_DAIBANG_SP00_SPR00_eagle hanging decor_Exact_Nguyen_280526,AG_01_Exact_eagle hanging decor,,,,,,,,,,Enabled,,250TH_DOORSIGN_DAIBANG,,,,,,,,,,,
Sponsored Products,Keyword,Create,250TH_DOORSIGN_DAIBANG_SP00_SPR00_eagle hanging decor_Exact_Nguyen_280526,AG_01_Exact_eagle hanging decor,,,,,,,,,,Enabled,,,,,,,0.6,eagle hanging decor,exact,,,,
Sponsored Products,Ad Group,Create,250TH_DOORSIGN_DAIBANG_SP00_SPR00_eagle hanging decor_Exact_Nguyen_280526,AG_02_Exact_eagle hanging decor,,,,,,AG_02_Exact_eagle hanging decor,,,,Enabled,,,,,,0.6,,,,,,,
Sponsored Products,Product Ad,Create,250TH_DOORSIGN_DAIBANG_SP00_SPR00_eagle hanging decor_Exact_Nguyen_280526,AG_02_Exact_eagle hanging decor,,,,,,,,,,Enabled,,250TH_DOORSIGN_DAIBANG,,,,,,,,,,,
Sponsored Products,Keyword,Create,250TH_DOORSIGN_DAIBANG_SP00_SPR00_eagle hanging decor_Exact_Nguyen_280526,AG_02_Exact_eagle hanging decor,,,,,,,,,,Enabled,,,,,,,0.6,eagle hanging decor,exact,,,,
Sponsored Products,Ad Group,Create,250TH_DOORSIGN_DAIBANG_SP00_SPR00_eagle hanging decor_Exact_Nguyen_280526,AG_03_Exact_eagle hanging decor,,,,,,AG_03_Exact_eagle hanging decor,,,,Enabled,,,,,,0.6,,,,,,,
Sponsored Products,Product Ad,Create,250TH_DOORSIGN_DAIBANG_SP00_SPR00_eagle hanging decor_Exact_Nguyen_280526,AG_03_Exact_eagle hanging decor,,,,,,,,,,Enabled,,250TH_DOORSIGN_DAIBANG,,,,,,,,,,,
Sponsored Products,Keyword,Create,250TH_DOORSIGN_DAIBANG_SP00_SPR00_eagle hanging decor_Exact_Nguyen_280526,AG_03_Exact_eagle hanging decor,,,,,,,,,,Enabled,,,,,,,0.6,eagle hanging decor,exact,,,,
Sponsored Products,Campaign,Create,250TH_DOORSIGN_DAIBANG_SP00_SPR00_eagle patriotic sign_Exact_Nguyen_280526,,209757982448080,,,,250TH_DOORSIGN_DAIBANG_SP00_SPR00_eagle patriotic sign_Exact_Nguyen_280526,,20260528,,Manual,Enabled,5.0,,,,,,,,,Dynamic bids - down only,,,
Sponsored Products,Bidding Adjustment,Create,250TH_DOORSIGN_DAIBANG_SP00_SPR00_eagle patriotic sign_Exact_Nguyen_280526,,,,,,,,,,,Enabled,,,,,,,,,,,Placement Top,0,
Sponsored Products,Bidding Adjustment,Create,250TH_DOORSIGN_DAIBANG_SP00_SPR00_eagle patriotic sign_Exact_Nguyen_280526,,,,,,,,,,,Enabled,,,,,,,,,,,Placement Product Page,0,
Sponsored Products,Bidding Adjustment,Create,250TH_DOORSIGN_DAIBANG_SP00_SPR00_eagle patriotic sign_Exact_Nguyen_280526,,,,,,,,,,,Enabled,,,,,,,,,,,Placement Rest Of Search,0,
Sponsored Products,Ad Group,Create,250TH_DOORSIGN_DAIBANG_SP00_SPR00_eagle patriotic sign_Exact_Nguyen_280526,AG_01_Exact_eagle patriotic sign,,,,,,AG_01_Exact_eagle patriotic sign,,,,Enabled,,,,,,0.6,,,,,,,
Sponsored Products,Product Ad,Create,250TH_DOORSIGN_DAIBANG_SP00_SPR00_eagle patriotic sign_Exact_Nguyen_280526,AG_01_Exact_eagle patriotic sign,,,,,,,,,,Enabled,,250TH_DOORSIGN_DAIBANG,,,,,,,,,,,
Sponsored Products,Keyword,Create,250TH_DOORSIGN_DAIBANG_SP00_SPR00_eagle patriotic sign_Exact_Nguyen_280526,AG_01_Exact_eagle patriotic sign,,,,,,,,,,Enabled,,,,,,,0.6,eagle patriotic sign,exact,,,,
Sponsored Products,Ad Group,Create,250TH_DOORSIGN_DAIBANG_SP00_SPR00_eagle patriotic sign_Exact_Nguyen_280526,AG_02_Exact_eagle patriotic sign,,,,,,AG_02_Exact_eagle patriotic sign,,,,Enabled,,,,,,0.6,,,,,,,
Sponsored Products,Product Ad,Create,250TH_DOORSIGN_DAIBANG_SP00_SPR00_eagle patriotic sign_Exact_Nguyen_280526,AG_02_Exact_eagle patriotic sign,,,,,,,,,,Enabled,,250TH_DOORSIGN_DAIBANG,,,,,,,,,,,
Sponsored Products,Keyword,Create,250TH_DOORSIGN_DAIBANG_SP00_SPR00_eagle patriotic sign_Exact_Nguyen_280526,AG_02_Exact_eagle patriotic sign,,,,,,,,,,Enabled,,,,,,,0.6,eagle patriotic sign,exact,,,,
Sponsored Products,Ad Group,Create,250TH_DOORSIGN_DAIBANG_SP00_SPR00_eagle patriotic sign_Exact_Nguyen_280526,AG_03_Exact_eagle patriotic sign,,,,,,AG_03_Exact_eagle patriotic sign,,,,Enabled,,,,,,0.6,,,,,,,
Sponsored Products,Product Ad,Create,250TH_DOORSIGN_DAIBANG_SP00_SPR00_eagle patriotic sign_Exact_Nguyen_280526,AG_03_Exact_eagle patriotic sign,,,,,,,,,,Enabled,,250TH_DOORSIGN_DAIBANG,,,,,,,,,,,
Sponsored Products,Keyword,Create,250TH_DOORSIGN_DAIBANG_SP00_SPR00_eagle patriotic sign_Exact_Nguyen_280526,AG_03_Exact_eagle patriotic sign,,,,,,,,,,Enabled,,,,,,,0.6,eagle patriotic sign,exact,,,,
Sponsored Products,Campaign,Create,250TH_DOORSIGN_DAIBANG_SP00_SPR00_usa eagle decor_Exact_Nguyen_280526,,209757982448080,,,,250TH_DOORSIGN_DAIBANG_SP00_SPR00_usa eagle decor_Exact_Nguyen_280526,,20260528,,Manual,Enabled,5.0,,,,,,,,,Dynamic bids - down only,,,
Sponsored Products,Bidding Adjustment,Create,250TH_DOORSIGN_DAIBANG_SP00_SPR00_usa eagle decor_Exact_Nguyen_280526,,,,,,,,,,,Enabled,,,,,,,,,,,Placement Top,0,
Sponsored Products,Bidding Adjustment,Create,250TH_DOORSIGN_DAIBANG_SP00_SPR00_usa eagle decor_Exact_Nguyen_280526,,,,,,,,,,,Enabled,,,,,,,,,,,Placement Product Page,0,
Sponsored Products,Bidding Adjustment,Create,250TH_DOORSIGN_DAIBANG_SP00_SPR00_usa eagle decor_Exact_Nguyen_280526,,,,,,,,,,,Enabled,,,,,,,,,,,Placement Rest Of Search,0,
Sponsored Products,Ad Group,Create,250TH_DOORSIGN_DAIBANG_SP00_SPR00_usa eagle decor_Exact_Nguyen_280526,AG_01_Exact_usa eagle decor,,,,,,AG_01_Exact_usa eagle decor,,,,Enabled,,,,,,0.6,,,,,,,
Sponsored Products,Product Ad,Create,250TH_DOORSIGN_DAIBANG_SP00_SPR00_usa eagle decor_Exact_Nguyen_280526,AG_01_Exact_usa eagle decor,,,,,,,,,,Enabled,,250TH_DOORSIGN_DAIBANG,,,,,,,,,,,
Sponsored Products,Keyword,Create,250TH_DOORSIGN_DAIBANG_SP00_SPR00_usa eagle decor_Exact_Nguyen_280526,AG_01_Exact_usa eagle decor,,,,,,,,,,Enabled,,,,,,,0.6,usa eagle decor,exact,,,,
Sponsored Products,Ad Group,Create,250TH_DOORSIGN_DAIBANG_SP00_SPR00_usa eagle decor_Exact_Nguyen_280526,AG_02_Exact_usa eagle decor,,,,,,AG_02_Exact_usa eagle decor,,,,Enabled,,,,,,0.6,,,,,,,
Sponsored Products,Product Ad,Create,250TH_DOORSIGN_DAIBANG_SP00_SPR00_usa eagle decor_Exact_Nguyen_280526,AG_02_Exact_usa eagle decor,,,,,,,,,,Enabled,,250TH_DOORSIGN_DAIBANG,,,,,,,,,,,
Sponsored Products,Keyword,Create,250TH_DOORSIGN_DAIBANG_SP00_SPR00_usa eagle decor_Exact_Nguyen_280526,AG_02_Exact_usa eagle decor,,,,,,,,,,Enabled,,,,,,,0.6,usa eagle decor,exact,,,,
Sponsored Products,Ad Group,Create,250TH_DOORSIGN_DAIBANG_SP00_SPR00_usa eagle decor_Exact_Nguyen_280526,AG_03_Exact_usa eagle decor,,,,,,AG_03_Exact_usa eagle decor,,,,Enabled,,,,,,0.6,,,,,,,
Sponsored Products,Product Ad,Create,250TH_DOORSIGN_DAIBANG_SP00_SPR00_usa eagle decor_Exact_Nguyen_280526,AG_03_Exact_usa eagle decor,,,,,,,,,,Enabled,,250TH_DOORSIGN_DAIBANG,,,,,,,,,,,
Sponsored Products,Keyword,Create,250TH_DOORSIGN_DAIBANG_SP00_SPR00_usa eagle decor_Exact_Nguyen_280526,AG_03_Exact_usa eagle decor,,,,,,,,,,Enabled,,,,,,,0.6,usa eagle decor,exact,,,,
Sponsored Products,Campaign,Create,250TH_DOORSIGN_DAIBANG_SP00_america 250 eagle decor_Phrase_Nguyen_280526,,209757982448080,,,,250TH_DOORSIGN_DAIBANG_SP00_america 250 eagle decor_Phrase_Nguyen_280526,,20260528,,Manual,Enabled,5.0,,,,,,,,,Dynamic bids - down only,,,
Sponsored Products,Bidding Adjustment,Create,250TH_DOORSIGN_DAIBANG_SP00_america 250 eagle decor_Phrase_Nguyen_280526,,,,,,,,,,,Enabled,,,,,,,,,,,Placement Top,0,
Sponsored Products,Bidding Adjustment,Create,250TH_DOORSIGN_DAIBANG_SP00_america 250 eagle decor_Phrase_Nguyen_280526,,,,,,,,,,,Enabled,,,,,,,,,,,Placement Product Page,0,
Sponsored Products,Bidding Adjustment,Create,250TH_DOORSIGN_DAIBANG_SP00_america 250 eagle decor_Phrase_Nguyen_280526,,,,,,,,,,,Enabled,,,,,,,,,,,Placement Rest Of Search,0,
Sponsored Products,Ad Group,Create,250TH_DOORSIGN_DAIBANG_SP00_america 250 eagle decor_Phrase_Nguyen_280526,250TH_DOORSIGN_DAIBANG_SP00_america 250 eagle decor_Phrase_Nguyen_280526,,,,,,america 250 eagle decor,,,,Enabled,,,,,,0.4,,,,,,,
Sponsored Products,Product Ad,Create,250TH_DOORSIGN_DAIBANG_SP00_america 250 eagle decor_Phrase_Nguyen_280526,250TH_DOORSIGN_DAIBANG_SP00_america 250 eagle decor_Phrase_Nguyen_280526,,,,,,,,,,Enabled,,250TH_DOORSIGN_DAIBANG,,,,,,,,,,,
Sponsored Products,Keyword,Create,250TH_DOORSIGN_DAIBANG_SP00_america 250 eagle decor_Phrase_Nguyen_280526,250TH_DOORSIGN_DAIBANG_SP00_america 250 eagle decor_Phrase_Nguyen_280526,,,,,,,,,,Enabled,,,,,,,0.4,america 250 eagle decor,phrase,,,,
Sponsored Products,Campaign,Create,250TH_DOORSIGN_DAIBANG_SP00_america 250 eagle wreath_Phrase_Nguyen_280526,,209757982448080,,,,250TH_DOORSIGN_DAIBANG_SP00_america 250 eagle wreath_Phrase_Nguyen_280526,,20260528,,Manual,Enabled,5.0,,,,,,,,,Dynamic bids - down only,,,
Sponsored Products,Bidding Adjustment,Create,250TH_DOORSIGN_DAIBANG_SP00_america 250 eagle wreath_Phrase_Nguyen_280526,,,,,,,,,,,Enabled,,,,,,,,,,,Placement Top,0,
Sponsored Products,Bidding Adjustment,Create,250TH_DOORSIGN_DAIBANG_SP00_america 250 eagle wreath_Phrase_Nguyen_280526,,,,,,,,,,,Enabled,,,,,,,,,,,Placement Product Page,0,
Sponsored Products,Bidding Adjustment,Create,250TH_DOORSIGN_DAIBANG_SP00_america 250 eagle wreath_Phrase_Nguyen_280526,,,,,,,,,,,Enabled,,,,,,,,,,,Placement Rest Of Search,0,
Sponsored Products,Ad Group,Create,250TH_DOORSIGN_DAIBANG_SP00_america 250 eagle wreath_Phrase_Nguyen_280526,250TH_DOORSIGN_DAIBANG_SP00_america 250 eagle wreath_Phrase_Nguyen_280526,,,,,,america 250 eagle wreath,,,,Enabled,,,,,,0.4,,,,,,,
Sponsored Products,Product Ad,Create,250TH_DOORSIGN_DAIBANG_SP00_america 250 eagle wreath_Phrase_Nguyen_280526,250TH_DOORSIGN_DAIBANG_SP00_america 250 eagle wreath_Phrase_Nguyen_280526,,,,,,,,,,Enabled,,250TH_DOORSIGN_DAIBANG,,,,,,,,,,,
Sponsored Products,Keyword,Create,250TH_DOORSIGN_DAIBANG_SP00_america 250 eagle wreath_Phrase_Nguyen_280526,250TH_DOORSIGN_DAIBANG_SP00_america 250 eagle wreath_Phrase_Nguyen_280526,,,,,,,,,,Enabled,,,,,,,0.4,america 250 eagle wreath,phrase,,,,
Sponsored Products,Campaign,Create,250TH_DOORSIGN_DAIBANG_SP00_250 anniversary eagle sign_Phrase_Nguyen_280526,,209757982448080,,,,250TH_DOORSIGN_DAIBANG_SP00_250 anniversary eagle sign_Phrase_Nguyen_280526,,20260528,,Manual,Enabled,5.0,,,,,,,,,Dynamic bids - down only,,,
Sponsored Products,Bidding Adjustment,Create,250TH_DOORSIGN_DAIBANG_SP00_250 anniversary eagle sign_Phrase_Nguyen_280526,,,,,,,,,,,Enabled,,,,,,,,,,,Placement Top,0,
Sponsored Products,Bidding Adjustment,Create,250TH_DOORSIGN_DAIBANG_SP00_250 anniversary eagle sign_Phrase_Nguyen_280526,,,,,,,,,,,Enabled,,,,,,,,,,,Placement Product Page,0,
Sponsored Products,Bidding Adjustment,Create,250TH_DOORSIGN_DAIBANG_SP00_250 anniversary eagle sign_Phrase_Nguyen_280526,,,,,,,,,,,Enabled,,,,,,,,,,,Placement Rest Of Search,0,
Sponsored Products,Ad Group,Create,250TH_DOORSIGN_DAIBANG_SP00_250 anniversary eagle sign_Phrase_Nguyen_280526,250TH_DOORSIGN_DAIBANG_SP00_250 anniversary eagle sign_Phrase_Nguyen_280526,,,,,,250 anniversary eagle sign,,,,Enabled,,,,,,0.4,,,,,,,
Sponsored Products,Product Ad,Create,250TH_DOORSIGN_DAIBANG_SP00_250 anniversary eagle sign_Phrase_Nguyen_280526,250TH_DOORSIGN_DAIBANG_SP00_250 anniversary eagle sign_Phrase_Nguyen_280526,,,,,,,,,,Enabled,,250TH_DOORSIGN_DAIBANG,,,,,,,,,,,
Sponsored Products,Keyword,Create,250TH_DOORSIGN_DAIBANG_SP00_250 anniversary eagle sign_Phrase_Nguyen_280526,250TH_DOORSIGN_DAIBANG_SP00_250 anniversary eagle sign_Phrase_Nguyen_280526,,,,,,,,,,Enabled,,,,,,,0.4,250 anniversary eagle sign,phrase,,,,
Sponsored Products,Campaign,Create,250TH_DOORSIGN_DAIBANG_SP00_america eagle anniversary decor_Phrase_Nguyen_280526,,209757982448080,,,,250TH_DOORSIGN_DAIBANG_SP00_america eagle anniversary decor_Phrase_Nguyen_280526,,20260528,,Manual,Enabled,5.0,,,,,,,,,Dynamic bids - down only,,,
Sponsored Products,Bidding Adjustment,Create,250TH_DOORSIGN_DAIBANG_SP00_america eagle anniversary decor_Phrase_Nguyen_280526,,,,,,,,,,,Enabled,,,,,,,,,,,Placement Top,0,
Sponsored Products,Bidding Adjustment,Create,250TH_DOORSIGN_DAIBANG_SP00_america eagle anniversary decor_Phrase_Nguyen_280526,,,,,,,,,,,Enabled,,,,,,,,,,,Placement Product Page,0,
Sponsored Products,Bidding Adjustment,Create,250TH_DOORSIGN_DAIBANG_SP00_america eagle anniversary decor_Phrase_Nguyen_280526,,,,,,,,,,,Enabled,,,,,,,,,,,Placement Rest Of Search,0,
Sponsored Products,Ad Group,Create,250TH_DOORSIGN_DAIBANG_SP00_america eagle anniversary decor_Phrase_Nguyen_280526,250TH_DOORSIGN_DAIBANG_SP00_america eagle anniversary decor_Phrase_Nguyen_280526,,,,,,america eagle anniversary decor,,,,Enabled,,,,,,0.4,,,,,,,
Sponsored Products,Product Ad,Create,250TH_DOORSIGN_DAIBANG_SP00_america eagle anniversary decor_Phrase_Nguyen_280526,250TH_DOORSIGN_DAIBANG_SP00_america eagle anniversary decor_Phrase_Nguyen_280526,,,,,,,,,,Enabled,,250TH_DOORSIGN_DAIBANG,,,,,,,,,,,
Sponsored Products,Keyword,Create,250TH_DOORSIGN_DAIBANG_SP00_america eagle anniversary decor_Phrase_Nguyen_280526,250TH_DOORSIGN_DAIBANG_SP00_america eagle anniversary decor_Phrase_Nguyen_280526,,,,,,,,,,Enabled,,,,,,,0.4,america eagle anniversary decor,phrase,,,,
Sponsored Products,Campaign,Create,250TH_DOORSIGN_DAIBANG_SP00_1776 2026 eagle decor_Phrase_Nguyen_280526,,209757982448080,,,,250TH_DOORSIGN_DAIBANG_SP00_1776 2026 eagle decor_Phrase_Nguyen_280526,,20260528,,Manual,Enabled,5.0,,,,,,,,,Dynamic bids - down only,,,
Sponsored Products,Bidding Adjustment,Create,250TH_DOORSIGN_DAIBANG_SP00_1776 2026 eagle decor_Phrase_Nguyen_280526,,,,,,,,,,,Enabled,,,,,,,,,,,Placement Top,0,
Sponsored Products,Bidding Adjustment,Create,250TH_DOORSIGN_DAIBANG_SP00_1776 2026 eagle decor_Phrase_Nguyen_280526,,,,,,,,,,,Enabled,,,,,,,,,,,Placement Product Page,0,
Sponsored Products,Bidding Adjustment,Create,250TH_DOORSIGN_DAIBANG_SP00_1776 2026 eagle decor_Phrase_Nguyen_280526,,,,,,,,,,,Enabled,,,,,,,,,,,Placement Rest Of Search,0,
Sponsored Products,Ad Group,Create,250TH_DOORSIGN_DAIBANG_SP00_1776 2026 eagle decor_Phrase_Nguyen_280526,250TH_DOORSIGN_DAIBANG_SP00_1776 2026 eagle decor_Phrase_Nguyen_280526,,,,,,1776 2026 eagle decor,,,,Enabled,,,,,,0.4,,,,,,,
Sponsored Products,Product Ad,Create,250TH_DOORSIGN_DAIBANG_SP00_1776 2026 eagle decor_Phrase_Nguyen_280526,250TH_DOORSIGN_DAIBANG_SP00_1776 2026 eagle decor_Phrase_Nguyen_280526,,,,,,,,,,Enabled,,250TH_DOORSIGN_DAIBANG,,,,,,,,,,,
Sponsored Products,Keyword,Create,250TH_DOORSIGN_DAIBANG_SP00_1776 2026 eagle decor_Phrase_Nguyen_280526,250TH_DOORSIGN_DAIBANG_SP00_1776 2026 eagle decor_Phrase_Nguyen_280526,,,,,,,,,,Enabled,,,,,,,0.4,1776 2026 eagle decor,phrase,,,,
Sponsored Products,Campaign,Create,250TH_DOORSIGN_DAIBANG_SP00_patriotic eagle 250 anniversary_Phrase_Nguyen_280526,,209757982448080,,,,250TH_DOORSIGN_DAIBANG_SP00_patriotic eagle 250 anniversary_Phrase_Nguyen_280526,,20260528,,Manual,Enabled,5.0,,,,,,,,,Dynamic bids - down only,,,
Sponsored Products,Bidding Adjustment,Create,250TH_DOORSIGN_DAIBANG_SP00_patriotic eagle 250 anniversary_Phrase_Nguyen_280526,,,,,,,,,,,Enabled,,,,,,,,,,,Placement Top,0,
Sponsored Products,Bidding Adjustment,Create,250TH_DOORSIGN_DAIBANG_SP00_patriotic eagle 250 anniversary_Phrase_Nguyen_280526,,,,,,,,,,,Enabled,,,,,,,,,,,Placement Product Page,0,
Sponsored Products,Bidding Adjustment,Create,250TH_DOORSIGN_DAIBANG_SP00_patriotic eagle 250 anniversary_Phrase_Nguyen_280526,,,,,,,,,,,Enabled,,,,,,,,,,,Placement Rest Of Search,0,
Sponsored Products,Ad Group,Create,250TH_DOORSIGN_DAIBANG_SP00_patriotic eagle 250 anniversary_Phrase_Nguyen_280526,250TH_DOORSIGN_DAIBANG_SP00_patriotic eagle 250 anniversary_Phrase_Nguyen_280526,,,,,,patriotic eagle 250 anniversary,,,,Enabled,,,,,,0.4,,,,,,,
Sponsored Products,Product Ad,Create,250TH_DOORSIGN_DAIBANG_SP00_patriotic eagle 250 anniversary_Phrase_Nguyen_280526,250TH_DOORSIGN_DAIBANG_SP00_patriotic eagle 250 anniversary_Phrase_Nguyen_280526,,,,,,,,,,Enabled,,250TH_DOORSIGN_DAIBANG,,,,,,,,,,,
Sponsored Products,Keyword,Create,250TH_DOORSIGN_DAIBANG_SP00_patriotic eagle 250 anniversary_Phrase_Nguyen_280526,250TH_DOORSIGN_DAIBANG_SP00_patriotic eagle 250 anniversary_Phrase_Nguyen_280526,,,,,,,,,,Enabled,,,,,,,0.4,patriotic eagle 250 anniversary,phrase,,,,
Sponsored Products,Campaign,Create,250TH_DOORSIGN_DAIBANG_SP00_usa 250 eagle plaque_Phrase_Nguyen_280526,,209757982448080,,,,250TH_DOORSIGN_DAIBANG_SP00_usa 250 eagle plaque_Phrase_Nguyen_280526,,20260528,,Manual,Enabled,5.0,,,,,,,,,Dynamic bids - down only,,,
Sponsored Products,Bidding Adjustment,Create,250TH_DOORSIGN_DAIBANG_SP00_usa 250 eagle plaque_Phrase_Nguyen_280526,,,,,,,,,,,Enabled,,,,,,,,,,,Placement Top,0,
Sponsored Products,Bidding Adjustment,Create,250TH_DOORSIGN_DAIBANG_SP00_usa 250 eagle plaque_Phrase_Nguyen_280526,,,,,,,,,,,Enabled,,,,,,,,,,,Placement Product Page,0,
Sponsored Products,Bidding Adjustment,Create,250TH_DOORSIGN_DAIBANG_SP00_usa 250 eagle plaque_Phrase_Nguyen_280526,,,,,,,,,,,Enabled,,,,,,,,,,,Placement Rest Of Search,0,
Sponsored Products,Ad Group,Create,250TH_DOORSIGN_DAIBANG_SP00_usa 250 eagle plaque_Phrase_Nguyen_280526,250TH_DOORSIGN_DAIBANG_SP00_usa 250 eagle plaque_Phrase_Nguyen_280526,,,,,,usa 250 eagle plaque,,,,Enabled,,,,,,0.4,,,,,,,
Sponsored Products,Product Ad,Create,250TH_DOORSIGN_DAIBANG_SP00_usa 250 eagle plaque_Phrase_Nguyen_280526,250TH_DOORSIGN_DAIBANG_SP00_usa 250 eagle plaque_Phrase_Nguyen_280526,,,,,,,,,,Enabled,,250TH_DOORSIGN_DAIBANG,,,,,,,,,,,
Sponsored Products,Keyword,Create,250TH_DOORSIGN_DAIBANG_SP00_usa 250 eagle plaque_Phrase_Nguyen_280526,250TH_DOORSIGN_DAIBANG_SP00_usa 250 eagle plaque_Phrase_Nguyen_280526,,,,,,,,,,Enabled,,,,,,,0.4,usa 250 eagle plaque,phrase,,,,
Sponsored Products,Campaign,Create,250TH_DOORSIGN_DAIBANG_SP00_america 250 patriotic eagle_Phrase_Nguyen_280526,,209757982448080,,,,250TH_DOORSIGN_DAIBANG_SP00_america 250 patriotic eagle_Phrase_Nguyen_280526,,20260528,,Manual,Enabled,5.0,,,,,,,,,Dynamic bids - down only,,,
Sponsored Products,Bidding Adjustment,Create,250TH_DOORSIGN_DAIBANG_SP00_america 250 patriotic eagle_Phrase_Nguyen_280526,,,,,,,,,,,Enabled,,,,,,,,,,,Placement Top,0,
Sponsored Products,Bidding Adjustment,Create,250TH_DOORSIGN_DAIBANG_SP00_america 250 patriotic eagle_Phrase_Nguyen_280526,,,,,,,,,,,Enabled,,,,,,,,,,,Placement Product Page,0,
Sponsored Products,Bidding Adjustment,Create,250TH_DOORSIGN_DAIBANG_SP00_america 250 patriotic eagle_Phrase_Nguyen_280526,,,,,,,,,,,Enabled,,,,,,,,,,,Placement Rest Of Search,0,
Sponsored Products,Ad Group,Create,250TH_DOORSIGN_DAIBANG_SP00_america 250 patriotic eagle_Phrase_Nguyen_280526,250TH_DOORSIGN_DAIBANG_SP00_america 250 patriotic eagle_Phrase_Nguyen_280526,,,,,,america 250 patriotic eagle,,,,Enabled,,,,,,0.4,,,,,,,
Sponsored Products,Product Ad,Create,250TH_DOORSIGN_DAIBANG_SP00_america 250 patriotic eagle_Phrase_Nguyen_280526,250TH_DOORSIGN_DAIBANG_SP00_america 250 patriotic eagle_Phrase_Nguyen_280526,,,,,,,,,,Enabled,,250TH_DOORSIGN_DAIBANG,,,,,,,,,,,
Sponsored Products,Keyword,Create,250TH_DOORSIGN_DAIBANG_SP00_america 250 patriotic eagle_Phrase_Nguyen_280526,250TH_DOORSIGN_DAIBANG_SP00_america 250 patriotic eagle_Phrase_Nguyen_280526,,,,,,,,,,Enabled,,,,,,,0.4,america 250 patriotic eagle,phrase,,,,
Sponsored Products,Campaign,Create,250TH_DOORSIGN_DAIBANG_SP00_freedom eagle 1776 2026_Phrase_Nguyen_280526,,209757982448080,,,,250TH_DOORSIGN_DAIBANG_SP00_freedom eagle 1776 2026_Phrase_Nguyen_280526,,20260528,,Manual,Enabled,5.0,,,,,,,,,Dynamic bids - down only,,,
Sponsored Products,Bidding Adjustment,Create,250TH_DOORSIGN_DAIBANG_SP00_freedom eagle 1776 2026_Phrase_Nguyen_280526,,,,,,,,,,,Enabled,,,,,,,,,,,Placement Top,0,
Sponsored Products,Bidding Adjustment,Create,250TH_DOORSIGN_DAIBANG_SP00_freedom eagle 1776 2026_Phrase_Nguyen_280526,,,,,,,,,,,Enabled,,,,,,,,,,,Placement Product Page,0,
Sponsored Products,Bidding Adjustment,Create,250TH_DOORSIGN_DAIBANG_SP00_freedom eagle 1776 2026_Phrase_Nguyen_280526,,,,,,,,,,,Enabled,,,,,,,,,,,Placement Rest Of Search,0,
Sponsored Products,Ad Group,Create,250TH_DOORSIGN_DAIBANG_SP00_freedom eagle 1776 2026_Phrase_Nguyen_280526,250TH_DOORSIGN_DAIBANG_SP00_freedom eagle 1776 2026_Phrase_Nguyen_280526,,,,,,freedom eagle 1776 2026,,,,Enabled,,,,,,0.4,,,,,,,
Sponsored Products,Product Ad,Create,250TH_DOORSIGN_DAIBANG_SP00_freedom eagle 1776 2026_Phrase_Nguyen_280526,250TH_DOORSIGN_DAIBANG_SP00_freedom eagle 1776 2026_Phrase_Nguyen_280526,,,,,,,,,,Enabled,,250TH_DOORSIGN_DAIBANG,,,,,,,,,,,
Sponsored Products,Keyword,Create,250TH_DOORSIGN_DAIBANG_SP00_freedom eagle 1776 2026_Phrase_Nguyen_280526,250TH_DOORSIGN_DAIBANG_SP00_freedom eagle 1776 2026_Phrase_Nguyen_280526,,,,,,,,,,Enabled,,,,,,,0.4,freedom eagle 1776 2026,phrase,,,,
Sponsored Products,Campaign,Create,250TH_DOORSIGN_DAIBANG_SP00_patriotic eagle anniversary sign_Phrase_Nguyen_280526,,209757982448080,,,,250TH_DOORSIGN_DAIBANG_SP00_patriotic eagle anniversary sign_Phrase_Nguyen_280526,,20260528,,Manual,Enabled,5.0,,,,,,,,,Dynamic bids - down only,,,
Sponsored Products,Bidding Adjustment,Create,250TH_DOORSIGN_DAIBANG_SP00_patriotic eagle anniversary sign_Phrase_Nguyen_280526,,,,,,,,,,,Enabled,,,,,,,,,,,Placement Top,0,
Sponsored Products,Bidding Adjustment,Create,250TH_DOORSIGN_DAIBANG_SP00_patriotic eagle anniversary sign_Phrase_Nguyen_280526,,,,,,,,,,,Enabled,,,,,,,,,,,Placement Product Page,0,
Sponsored Products,Bidding Adjustment,Create,250TH_DOORSIGN_DAIBANG_SP00_patriotic eagle anniversary sign_Phrase_Nguyen_280526,,,,,,,,,,,Enabled,,,,,,,,,,,Placement Rest Of Search,0,
Sponsored Products,Ad Group,Create,250TH_DOORSIGN_DAIBANG_SP00_patriotic eagle anniversary sign_Phrase_Nguyen_280526,250TH_DOORSIGN_DAIBANG_SP00_patriotic eagle anniversary sign_Phrase_Nguyen_280526,,,,,,patriotic eagle anniversary sign,,,,Enabled,,,,,,0.4,,,,,,,
Sponsored Products,Product Ad,Create,250TH_DOORSIGN_DAIBANG_SP00_patriotic eagle anniversary sign_Phrase_Nguyen_280526,250TH_DOORSIGN_DAIBANG_SP00_patriotic eagle anniversary sign_Phrase_Nguyen_280526,,,,,,,,,,Enabled,,250TH_DOORSIGN_DAIBANG,,,,,,,,,,,
Sponsored Products,Keyword,Create,250TH_DOORSIGN_DAIBANG_SP00_patriotic eagle anniversary sign_Phrase_Nguyen_280526,250TH_DOORSIGN_DAIBANG_SP00_patriotic eagle anniversary sign_Phrase_Nguyen_280526,,,,,,,,,,Enabled,,,,,,,0.4,patriotic eagle anniversary sign,phrase,,,,
Sponsored Products,Campaign,Create,250TH_DOORSIGN_DAIBANG_SP00_250th anniversary eagle wreath_Phrase_Nguyen_280526,,209757982448080,,,,250TH_DOORSIGN_DAIBANG_SP00_250th anniversary eagle wreath_Phrase_Nguyen_280526,,20260528,,Manual,Enabled,5.0,,,,,,,,,Dynamic bids - down only,,,
Sponsored Products,Bidding Adjustment,Create,250TH_DOORSIGN_DAIBANG_SP00_250th anniversary eagle wreath_Phrase_Nguyen_280526,,,,,,,,,,,Enabled,,,,,,,,,,,Placement Top,0,
Sponsored Products,Bidding Adjustment,Create,250TH_DOORSIGN_DAIBANG_SP00_250th anniversary eagle wreath_Phrase_Nguyen_280526,,,,,,,,,,,Enabled,,,,,,,,,,,Placement Product Page,0,
Sponsored Products,Bidding Adjustment,Create,250TH_DOORSIGN_DAIBANG_SP00_250th anniversary eagle wreath_Phrase_Nguyen_280526,,,,,,,,,,,Enabled,,,,,,,,,,,Placement Rest Of Search,0,
Sponsored Products,Ad Group,Create,250TH_DOORSIGN_DAIBANG_SP00_250th anniversary eagle wreath_Phrase_Nguyen_280526,250TH_DOORSIGN_DAIBANG_SP00_250th anniversary eagle wreath_Phrase_Nguyen_280526,,,,,,250th anniversary eagle wreath,,,,Enabled,,,,,,0.4,,,,,,,
Sponsored Products,Product Ad,Create,250TH_DOORSIGN_DAIBANG_SP00_250th anniversary eagle wreath_Phrase_Nguyen_280526,250TH_DOORSIGN_DAIBANG_SP00_250th anniversary eagle wreath_Phrase_Nguyen_280526,,,,,,,,,,Enabled,,250TH_DOORSIGN_DAIBANG,,,,,,,,,,,
Sponsored Products,Keyword,Create,250TH_DOORSIGN_DAIBANG_SP00_250th anniversary eagle wreath_Phrase_Nguyen_280526,250TH_DOORSIGN_DAIBANG_SP00_250th anniversary eagle wreath_Phrase_Nguyen_280526,,,,,,,,,,Enabled,,,,,,,0.4,250th anniversary eagle wreath,phrase,,,,
Sponsored Products,Campaign,Create,250TH_DOORSIGN_DAIBANG_SP00_american eagle decor_Phrase_Nguyen_280526,,209757982448080,,,,250TH_DOORSIGN_DAIBANG_SP00_american eagle decor_Phrase_Nguyen_280526,,20260528,,Manual,Enabled,5.0,,,,,,,,,Dynamic bids - down only,,,
Sponsored Products,Bidding Adjustment,Create,250TH_DOORSIGN_DAIBANG_SP00_american eagle decor_Phrase_Nguyen_280526,,,,,,,,,,,Enabled,,,,,,,,,,,Placement Top,0,
Sponsored Products,Bidding Adjustment,Create,250TH_DOORSIGN_DAIBANG_SP00_american eagle decor_Phrase_Nguyen_280526,,,,,,,,,,,Enabled,,,,,,,,,,,Placement Product Page,0,
Sponsored Products,Bidding Adjustment,Create,250TH_DOORSIGN_DAIBANG_SP00_american eagle decor_Phrase_Nguyen_280526,,,,,,,,,,,Enabled,,,,,,,,,,,Placement Rest Of Search,0,
Sponsored Products,Ad Group,Create,250TH_DOORSIGN_DAIBANG_SP00_american eagle decor_Phrase_Nguyen_280526,250TH_DOORSIGN_DAIBANG_SP00_american eagle decor_Phrase_Nguyen_280526,,,,,,american eagle decor,,,,Enabled,,,,,,0.4,,,,,,,
Sponsored Products,Product Ad,Create,250TH_DOORSIGN_DAIBANG_SP00_american eagle decor_Phrase_Nguyen_280526,250TH_DOORSIGN_DAIBANG_SP00_american eagle decor_Phrase_Nguyen_280526,,,,,,,,,,Enabled,,250TH_DOORSIGN_DAIBANG,,,,,,,,,,,
Sponsored Products,Keyword,Create,250TH_DOORSIGN_DAIBANG_SP00_american eagle decor_Phrase_Nguyen_280526,250TH_DOORSIGN_DAIBANG_SP00_american eagle decor_Phrase_Nguyen_280526,,,,,,,,,,Enabled,,,,,,,0.4,american eagle decor,phrase,,,,
Sponsored Products,Campaign,Create,250TH_DOORSIGN_DAIBANG_SP00_patriotic eagle decor_Phrase_Nguyen_280526,,209757982448080,,,,250TH_DOORSIGN_DAIBANG_SP00_patriotic eagle decor_Phrase_Nguyen_280526,,20260528,,Manual,Enabled,5.0,,,,,,,,,Dynamic bids - down only,,,
Sponsored Products,Bidding Adjustment,Create,250TH_DOORSIGN_DAIBANG_SP00_patriotic eagle decor_Phrase_Nguyen_280526,,,,,,,,,,,Enabled,,,,,,,,,,,Placement Top,0,
Sponsored Products,Bidding Adjustment,Create,250TH_DOORSIGN_DAIBANG_SP00_patriotic eagle decor_Phrase_Nguyen_280526,,,,,,,,,,,Enabled,,,,,,,,,,,Placement Product Page,0,
Sponsored Products,Bidding Adjustment,Create,250TH_DOORSIGN_DAIBANG_SP00_patriotic eagle decor_Phrase_Nguyen_280526,,,,,,,,,,,Enabled,,,,,,,,,,,Placement Rest Of Search,0,
Sponsored Products,Ad Group,Create,250TH_DOORSIGN_DAIBANG_SP00_patriotic eagle decor_Phrase_Nguyen_280526,250TH_DOORSIGN_DAIBANG_SP00_patriotic eagle decor_Phrase_Nguyen_280526,,,,,,patriotic eagle decor,,,,Enabled,,,,,,0.4,,,,,,,
Sponsored Products,Product Ad,Create,250TH_DOORSIGN_DAIBANG_SP00_patriotic eagle decor_Phrase_Nguyen_280526,250TH_DOORSIGN_DAIBANG_SP00_patriotic eagle decor_Phrase_Nguyen_280526,,,,,,,,,,Enabled,,250TH_DOORSIGN_DAIBANG,,,,,,,,,,,
Sponsored Products,Keyword,Create,250TH_DOORSIGN_DAIBANG_SP00_patriotic eagle decor_Phrase_Nguyen_280526,250TH_DOORSIGN_DAIBANG_SP00_patriotic eagle decor_Phrase_Nguyen_280526,,,,,,,,,,Enabled,,,,,,,0.4,patriotic eagle decor,phrase,,,,
Sponsored Products,Campaign,Create,250TH_DOORSIGN_DAIBANG_SP00_eagle wall decor_Phrase_Nguyen_280526,,209757982448080,,,,250TH_DOORSIGN_DAIBANG_SP00_eagle wall decor_Phrase_Nguyen_280526,,20260528,,Manual,Enabled,5.0,,,,,,,,,Dynamic bids - down only,,,
Sponsored Products,Bidding Adjustment,Create,250TH_DOORSIGN_DAIBANG_SP00_eagle wall decor_Phrase_Nguyen_280526,,,,,,,,,,,Enabled,,,,,,,,,,,Placement Top,0,
Sponsored Products,Bidding Adjustment,Create,250TH_DOORSIGN_DAIBANG_SP00_eagle wall decor_Phrase_Nguyen_280526,,,,,,,,,,,Enabled,,,,,,,,,,,Placement Product Page,0,
Sponsored Products,Bidding Adjustment,Create,250TH_DOORSIGN_DAIBANG_SP00_eagle wall decor_Phrase_Nguyen_280526,,,,,,,,,,,Enabled,,,,,,,,,,,Placement Rest Of Search,0,
Sponsored Products,Ad Group,Create,250TH_DOORSIGN_DAIBANG_SP00_eagle wall decor_Phrase_Nguyen_280526,250TH_DOORSIGN_DAIBANG_SP00_eagle wall decor_Phrase_Nguyen_280526,,,,,,eagle wall decor,,,,Enabled,,,,,,0.4,,,,,,,
Sponsored Products,Product Ad,Create,250TH_DOORSIGN_DAIBANG_SP00_eagle wall decor_Phrase_Nguyen_280526,250TH_DOORSIGN_DAIBANG_SP00_eagle wall decor_Phrase_Nguyen_280526,,,,,,,,,,Enabled,,250TH_DOORSIGN_DAIBANG,,,,,,,,,,,
Sponsored Products,Keyword,Create,250TH_DOORSIGN_DAIBANG_SP00_eagle wall decor_Phrase_Nguyen_280526,250TH_DOORSIGN_DAIBANG_SP00_eagle wall decor_Phrase_Nguyen_280526,,,,,,,,,,Enabled,,,,,,,0.4,eagle wall decor,phrase,,,,
Sponsored Products,Campaign,Create,250TH_DOORSIGN_DAIBANG_SP00_eagle wreath_Phrase_Nguyen_280526,,209757982448080,,,,250TH_DOORSIGN_DAIBANG_SP00_eagle wreath_Phrase_Nguyen_280526,,20260528,,Manual,Enabled,5.0,,,,,,,,,Dynamic bids - down only,,,
Sponsored Products,Bidding Adjustment,Create,250TH_DOORSIGN_DAIBANG_SP00_eagle wreath_Phrase_Nguyen_280526,,,,,,,,,,,Enabled,,,,,,,,,,,Placement Top,0,
Sponsored Products,Bidding Adjustment,Create,250TH_DOORSIGN_DAIBANG_SP00_eagle wreath_Phrase_Nguyen_280526,,,,,,,,,,,Enabled,,,,,,,,,,,Placement Product Page,0,
Sponsored Products,Bidding Adjustment,Create,250TH_DOORSIGN_DAIBANG_SP00_eagle wreath_Phrase_Nguyen_280526,,,,,,,,,,,Enabled,,,,,,,,,,,Placement Rest Of Search,0,
Sponsored Products,Ad Group,Create,250TH_DOORSIGN_DAIBANG_SP00_eagle wreath_Phrase_Nguyen_280526,250TH_DOORSIGN_DAIBANG_SP00_eagle wreath_Phrase_Nguyen_280526,,,,,,eagle wreath,,,,Enabled,,,,,,0.4,,,,,,,
Sponsored Products,Product Ad,Create,250TH_DOORSIGN_DAIBANG_SP00_eagle wreath_Phrase_Nguyen_280526,250TH_DOORSIGN_DAIBANG_SP00_eagle wreath_Phrase_Nguyen_280526,,,,,,,,,,Enabled,,250TH_DOORSIGN_DAIBANG,,,,,,,,,,,
Sponsored Products,Keyword,Create,250TH_DOORSIGN_DAIBANG_SP00_eagle wreath_Phrase_Nguyen_280526,250TH_DOORSIGN_DAIBANG_SP00_eagle wreath_Phrase_Nguyen_280526,,,,,,,,,,Enabled,,,,,,,0.4,eagle wreath,phrase,,,,
Sponsored Products,Campaign,Create,250TH_DOORSIGN_DAIBANG_SP00_eagle door sign_Phrase_Nguyen_280526,,209757982448080,,,,250TH_DOORSIGN_DAIBANG_SP00_eagle door sign_Phrase_Nguyen_280526,,20260528,,Manual,Enabled,5.0,,,,,,,,,Dynamic bids - down only,,,
Sponsored Products,Bidding Adjustment,Create,250TH_DOORSIGN_DAIBANG_SP00_eagle door sign_Phrase_Nguyen_280526,,,,,,,,,,,Enabled,,,,,,,,,,,Placement Top,0,
Sponsored Products,Bidding Adjustment,Create,250TH_DOORSIGN_DAIBANG_SP00_eagle door sign_Phrase_Nguyen_280526,,,,,,,,,,,Enabled,,,,,,,,,,,Placement Product Page,0,
Sponsored Products,Bidding Adjustment,Create,250TH_DOORSIGN_DAIBANG_SP00_eagle door sign_Phrase_Nguyen_280526,,,,,,,,,,,Enabled,,,,,,,,,,,Placement Rest Of Search,0,
Sponsored Products,Ad Group,Create,250TH_DOORSIGN_DAIBANG_SP00_eagle door sign_Phrase_Nguyen_280526,250TH_DOORSIGN_DAIBANG_SP00_eagle door sign_Phrase_Nguyen_280526,,,,,,eagle door sign,,,,Enabled,,,,,,0.4,,,,,,,
Sponsored Products,Product Ad,Create,250TH_DOORSIGN_DAIBANG_SP00_eagle door sign_Phrase_Nguyen_280526,250TH_DOORSIGN_DAIBANG_SP00_eagle door sign_Phrase_Nguyen_280526,,,,,,,,,,Enabled,,250TH_DOORSIGN_DAIBANG,,,,,,,,,,,
Sponsored Products,Keyword,Create,250TH_DOORSIGN_DAIBANG_SP00_eagle door sign_Phrase_Nguyen_280526,250TH_DOORSIGN_DAIBANG_SP00_eagle door sign_Phrase_Nguyen_280526,,,,,,,,,,Enabled,,,,,,,0.4,eagle door sign,phrase,,,,
Sponsored Products,Campaign,Create,250TH_DOORSIGN_DAIBANG_SP00_eagle wall plaque_Phrase_Nguyen_280526,,209757982448080,,,,250TH_DOORSIGN_DAIBANG_SP00_eagle wall plaque_Phrase_Nguyen_280526,,20260528,,Manual,Enabled,5.0,,,,,,,,,Dynamic bids - down only,,,
Sponsored Products,Bidding Adjustment,Create,250TH_DOORSIGN_DAIBANG_SP00_eagle wall plaque_Phrase_Nguyen_280526,,,,,,,,,,,Enabled,,,,,,,,,,,Placement Top,0,
Sponsored Products,Bidding Adjustment,Create,250TH_DOORSIGN_DAIBANG_SP00_eagle wall plaque_Phrase_Nguyen_280526,,,,,,,,,,,Enabled,,,,,,,,,,,Placement Product Page,0,
Sponsored Products,Bidding Adjustment,Create,250TH_DOORSIGN_DAIBANG_SP00_eagle wall plaque_Phrase_Nguyen_280526,,,,,,,,,,,Enabled,,,,,,,,,,,Placement Rest Of Search,0,
Sponsored Products,Ad Group,Create,250TH_DOORSIGN_DAIBANG_SP00_eagle wall plaque_Phrase_Nguyen_280526,250TH_DOORSIGN_DAIBANG_SP00_eagle wall plaque_Phrase_Nguyen_280526,,,,,,eagle wall plaque,,,,Enabled,,,,,,0.4,,,,,,,
Sponsored Products,Product Ad,Create,250TH_DOORSIGN_DAIBANG_SP00_eagle wall plaque_Phrase_Nguyen_280526,250TH_DOORSIGN_DAIBANG_SP00_eagle wall plaque_Phrase_Nguyen_280526,,,,,,,,,,Enabled,,250TH_DOORSIGN_DAIBANG,,,,,,,,,,,
Sponsored Products,Keyword,Create,250TH_DOORSIGN_DAIBANG_SP00_eagle wall plaque_Phrase_Nguyen_280526,250TH_DOORSIGN_DAIBANG_SP00_eagle wall plaque_Phrase_Nguyen_280526,,,,,,,,,,Enabled,,,,,,,0.4,eagle wall plaque,phrase,,,,
Sponsored Products,Campaign,Create,250TH_DOORSIGN_DAIBANG_SP00_eagle hanging decor_Phrase_Nguyen_280526,,209757982448080,,,,250TH_DOORSIGN_DAIBANG_SP00_eagle hanging decor_Phrase_Nguyen_280526,,20260528,,Manual,Enabled,5.0,,,,,,,,,Dynamic bids - down only,,,
Sponsored Products,Bidding Adjustment,Create,250TH_DOORSIGN_DAIBANG_SP00_eagle hanging decor_Phrase_Nguyen_280526,,,,,,,,,,,Enabled,,,,,,,,,,,Placement Top,0,
Sponsored Products,Bidding Adjustment,Create,250TH_DOORSIGN_DAIBANG_SP00_eagle hanging decor_Phrase_Nguyen_280526,,,,,,,,,,,Enabled,,,,,,,,,,,Placement Product Page,0,
Sponsored Products,Bidding Adjustment,Create,250TH_DOORSIGN_DAIBANG_SP00_eagle hanging decor_Phrase_Nguyen_280526,,,,,,,,,,,Enabled,,,,,,,,,,,Placement Rest Of Search,0,
Sponsored Products,Ad Group,Create,250TH_DOORSIGN_DAIBANG_SP00_eagle hanging decor_Phrase_Nguyen_280526,250TH_DOORSIGN_DAIBANG_SP00_eagle hanging decor_Phrase_Nguyen_280526,,,,,,eagle hanging decor,,,,Enabled,,,,,,0.4,,,,,,,
Sponsored Products,Product Ad,Create,250TH_DOORSIGN_DAIBANG_SP00_eagle hanging decor_Phrase_Nguyen_280526,250TH_DOORSIGN_DAIBANG_SP00_eagle hanging decor_Phrase_Nguyen_280526,,,,,,,,,,Enabled,,250TH_DOORSIGN_DAIBANG,,,,,,,,,,,
Sponsored Products,Keyword,Create,250TH_DOORSIGN_DAIBANG_SP00_eagle hanging decor_Phrase_Nguyen_280526,250TH_DOORSIGN_DAIBANG_SP00_eagle hanging decor_Phrase_Nguyen_280526,,,,,,,,,,Enabled,,,,,,,0.4,eagle hanging decor,phrase,,,,
Sponsored Products,Campaign,Create,250TH_DOORSIGN_DAIBANG_SP00_eagle patriotic sign_Phrase_Nguyen_280526,,209757982448080,,,,250TH_DOORSIGN_DAIBANG_SP00_eagle patriotic sign_Phrase_Nguyen_280526,,20260528,,Manual,Enabled,5.0,,,,,,,,,Dynamic bids - down only,,,
Sponsored Products,Bidding Adjustment,Create,250TH_DOORSIGN_DAIBANG_SP00_eagle patriotic sign_Phrase_Nguyen_280526,,,,,,,,,,,Enabled,,,,,,,,,,,Placement Top,0,
Sponsored Products,Bidding Adjustment,Create,250TH_DOORSIGN_DAIBANG_SP00_eagle patriotic sign_Phrase_Nguyen_280526,,,,,,,,,,,Enabled,,,,,,,,,,,Placement Product Page,0,
Sponsored Products,Bidding Adjustment,Create,250TH_DOORSIGN_DAIBANG_SP00_eagle patriotic sign_Phrase_Nguyen_280526,,,,,,,,,,,Enabled,,,,,,,,,,,Placement Rest Of Search,0,
Sponsored Products,Ad Group,Create,250TH_DOORSIGN_DAIBANG_SP00_eagle patriotic sign_Phrase_Nguyen_280526,250TH_DOORSIGN_DAIBANG_SP00_eagle patriotic sign_Phrase_Nguyen_280526,,,,,,eagle patriotic sign,,,,Enabled,,,,,,0.4,,,,,,,
Sponsored Products,Product Ad,Create,250TH_DOORSIGN_DAIBANG_SP00_eagle patriotic sign_Phrase_Nguyen_280526,250TH_DOORSIGN_DAIBANG_SP00_eagle patriotic sign_Phrase_Nguyen_280526,,,,,,,,,,Enabled,,250TH_DOORSIGN_DAIBANG,,,,,,,,,,,
Sponsored Products,Keyword,Create,250TH_DOORSIGN_DAIBANG_SP00_eagle patriotic sign_Phrase_Nguyen_280526,250TH_DOORSIGN_DAIBANG_SP00_eagle patriotic sign_Phrase_Nguyen_280526,,,,,,,,,,Enabled,,,,,,,0.4,eagle patriotic sign,phrase,,,,
Sponsored Products,Campaign,Create,250TH_DOORSIGN_DAIBANG_SP00_usa eagle decor_Phrase_Nguyen_280526,,209757982448080,,,,250TH_DOORSIGN_DAIBANG_SP00_usa eagle decor_Phrase_Nguyen_280526,,20260528,,Manual,Enabled,5.0,,,,,,,,,Dynamic bids - down only,,,
Sponsored Products,Bidding Adjustment,Create,250TH_DOORSIGN_DAIBANG_SP00_usa eagle decor_Phrase_Nguyen_280526,,,,,,,,,,,Enabled,,,,,,,,,,,Placement Top,0,
Sponsored Products,Bidding Adjustment,Create,250TH_DOORSIGN_DAIBANG_SP00_usa eagle decor_Phrase_Nguyen_280526,,,,,,,,,,,Enabled,,,,,,,,,,,Placement Product Page,0,
Sponsored Products,Bidding Adjustment,Create,250TH_DOORSIGN_DAIBANG_SP00_usa eagle decor_Phrase_Nguyen_280526,,,,,,,,,,,Enabled,,,,,,,,,,,Placement Rest Of Search,0,
Sponsored Products,Ad Group,Create,250TH_DOORSIGN_DAIBANG_SP00_usa eagle decor_Phrase_Nguyen_280526,250TH_DOORSIGN_DAIBANG_SP00_usa eagle decor_Phrase_Nguyen_280526,,,,,,usa eagle decor,,,,Enabled,,,,,,0.4,,,,,,,
Sponsored Products,Product Ad,Create,250TH_DOORSIGN_DAIBANG_SP00_usa eagle decor_Phrase_Nguyen_280526,250TH_DOORSIGN_DAIBANG_SP00_usa eagle decor_Phrase_Nguyen_280526,,,,,,,,,,Enabled,,250TH_DOORSIGN_DAIBANG,,,,,,,,,,,
Sponsored Products,Keyword,Create,250TH_DOORSIGN_DAIBANG_SP00_usa eagle decor_Phrase_Nguyen_280526,250TH_DOORSIGN_DAIBANG_SP00_usa eagle decor_Phrase_Nguyen_280526,,,,,,,,,,Enabled,,,,,,,0.4,usa eagle decor,phrase,,,,
Sponsored Products,Campaign,Create,250TH_DOORSIGN_DAIBANG_SP00_america 250 eagle decor_Broad_Nguyen_280526,,209757982448080,,,,250TH_DOORSIGN_DAIBANG_SP00_america 250 eagle decor_Broad_Nguyen_280526,,20260528,,Manual,Enabled,5.0,,,,,,,,,Dynamic bids - down only,,,
Sponsored Products,Bidding Adjustment,Create,250TH_DOORSIGN_DAIBANG_SP00_america 250 eagle decor_Broad_Nguyen_280526,,,,,,,,,,,Enabled,,,,,,,,,,,Placement Top,0,
Sponsored Products,Bidding Adjustment,Create,250TH_DOORSIGN_DAIBANG_SP00_america 250 eagle decor_Broad_Nguyen_280526,,,,,,,,,,,Enabled,,,,,,,,,,,Placement Product Page,0,
Sponsored Products,Bidding Adjustment,Create,250TH_DOORSIGN_DAIBANG_SP00_america 250 eagle decor_Broad_Nguyen_280526,,,,,,,,,,,Enabled,,,,,,,,,,,Placement Rest Of Search,0,
Sponsored Products,Ad Group,Create,250TH_DOORSIGN_DAIBANG_SP00_america 250 eagle decor_Broad_Nguyen_280526,250TH_DOORSIGN_DAIBANG_SP00_america 250 eagle decor_Broad_Nguyen_280526,,,,,,america 250 eagle decor,,,,Enabled,,,,,,0.3,,,,,,,
Sponsored Products,Product Ad,Create,250TH_DOORSIGN_DAIBANG_SP00_america 250 eagle decor_Broad_Nguyen_280526,250TH_DOORSIGN_DAIBANG_SP00_america 250 eagle decor_Broad_Nguyen_280526,,,,,,,,,,Enabled,,250TH_DOORSIGN_DAIBANG,,,,,,,,,,,
Sponsored Products,Keyword,Create,250TH_DOORSIGN_DAIBANG_SP00_america 250 eagle decor_Broad_Nguyen_280526,250TH_DOORSIGN_DAIBANG_SP00_america 250 eagle decor_Broad_Nguyen_280526,,,,,,,,,,Enabled,,,,,,,0.3,america 250 eagle decor,broad,,,,
Sponsored Products,Campaign,Create,250TH_DOORSIGN_DAIBANG_SP00_america 250 eagle wreath_Broad_Nguyen_280526,,209757982448080,,,,250TH_DOORSIGN_DAIBANG_SP00_america 250 eagle wreath_Broad_Nguyen_280526,,20260528,,Manual,Enabled,5.0,,,,,,,,,Dynamic bids - down only,,,
Sponsored Products,Bidding Adjustment,Create,250TH_DOORSIGN_DAIBANG_SP00_america 250 eagle wreath_Broad_Nguyen_280526,,,,,,,,,,,Enabled,,,,,,,,,,,Placement Top,0,
Sponsored Products,Bidding Adjustment,Create,250TH_DOORSIGN_DAIBANG_SP00_america 250 eagle wreath_Broad_Nguyen_280526,,,,,,,,,,,Enabled,,,,,,,,,,,Placement Product Page,0,
Sponsored Products,Bidding Adjustment,Create,250TH_DOORSIGN_DAIBANG_SP00_america 250 eagle wreath_Broad_Nguyen_280526,,,,,,,,,,,Enabled,,,,,,,,,,,Placement Rest Of Search,0,
Sponsored Products,Ad Group,Create,250TH_DOORSIGN_DAIBANG_SP00_america 250 eagle wreath_Broad_Nguyen_280526,250TH_DOORSIGN_DAIBANG_SP00_america 250 eagle wreath_Broad_Nguyen_280526,,,,,,america 250 eagle wreath,,,,Enabled,,,,,,0.3,,,,,,,
Sponsored Products,Product Ad,Create,250TH_DOORSIGN_DAIBANG_SP00_america 250 eagle wreath_Broad_Nguyen_280526,250TH_DOORSIGN_DAIBANG_SP00_america 250 eagle wreath_Broad_Nguyen_280526,,,,,,,,,,Enabled,,250TH_DOORSIGN_DAIBANG,,,,,,,,,,,
Sponsored Products,Keyword,Create,250TH_DOORSIGN_DAIBANG_SP00_america 250 eagle wreath_Broad_Nguyen_280526,250TH_DOORSIGN_DAIBANG_SP00_america 250 eagle wreath_Broad_Nguyen_280526,,,,,,,,,,Enabled,,,,,,,0.3,america 250 eagle wreath,broad,,,,
Sponsored Products,Campaign,Create,250TH_DOORSIGN_DAIBANG_SP00_250 anniversary eagle sign_Broad_Nguyen_280526,,209757982448080,,,,250TH_DOORSIGN_DAIBANG_SP00_250 anniversary eagle sign_Broad_Nguyen_280526,,20260528,,Manual,Enabled,5.0,,,,,,,,,Dynamic bids - down only,,,
Sponsored Products,Bidding Adjustment,Create,250TH_DOORSIGN_DAIBANG_SP00_250 anniversary eagle sign_Broad_Nguyen_280526,,,,,,,,,,,Enabled,,,,,,,,,,,Placement Top,0,
Sponsored Products,Bidding Adjustment,Create,250TH_DOORSIGN_DAIBANG_SP00_250 anniversary eagle sign_Broad_Nguyen_280526,,,,,,,,,,,Enabled,,,,,,,,,,,Placement Product Page,0,
Sponsored Products,Bidding Adjustment,Create,250TH_DOORSIGN_DAIBANG_SP00_250 anniversary eagle sign_Broad_Nguyen_280526,,,,,,,,,,,Enabled,,,,,,,,,,,Placement Rest Of Search,0,
Sponsored Products,Ad Group,Create,250TH_DOORSIGN_DAIBANG_SP00_250 anniversary eagle sign_Broad_Nguyen_280526,250TH_DOORSIGN_DAIBANG_SP00_250 anniversary eagle sign_Broad_Nguyen_280526,,,,,,250 anniversary eagle sign,,,,Enabled,,,,,,0.3,,,,,,,
Sponsored Products,Product Ad,Create,250TH_DOORSIGN_DAIBANG_SP00_250 anniversary eagle sign_Broad_Nguyen_280526,250TH_DOORSIGN_DAIBANG_SP00_250 anniversary eagle sign_Broad_Nguyen_280526,,,,,,,,,,Enabled,,250TH_DOORSIGN_DAIBANG,,,,,,,,,,,
Sponsored Products,Keyword,Create,250TH_DOORSIGN_DAIBANG_SP00_250 anniversary eagle sign_Broad_Nguyen_280526,250TH_DOORSIGN_DAIBANG_SP00_250 anniversary eagle sign_Broad_Nguyen_280526,,,,,,,,,,Enabled,,,,,,,0.3,250 anniversary eagle sign,broad,,,,
Sponsored Products,Campaign,Create,250TH_DOORSIGN_DAIBANG_SP00_america eagle anniversary decor_Broad_Nguyen_280526,,209757982448080,,,,250TH_DOORSIGN_DAIBANG_SP00_america eagle anniversary decor_Broad_Nguyen_280526,,20260528,,Manual,Enabled,5.0,,,,,,,,,Dynamic bids - down only,,,
Sponsored Products,Bidding Adjustment,Create,250TH_DOORSIGN_DAIBANG_SP00_america eagle anniversary decor_Broad_Nguyen_280526,,,,,,,,,,,Enabled,,,,,,,,,,,Placement Top,0,
Sponsored Products,Bidding Adjustment,Create,250TH_DOORSIGN_DAIBANG_SP00_america eagle anniversary decor_Broad_Nguyen_280526,,,,,,,,,,,Enabled,,,,,,,,,,,Placement Product Page,0,
Sponsored Products,Bidding Adjustment,Create,250TH_DOORSIGN_DAIBANG_SP00_america eagle anniversary decor_Broad_Nguyen_280526,,,,,,,,,,,Enabled,,,,,,,,,,,Placement Rest Of Search,0,
Sponsored Products,Ad Group,Create,250TH_DOORSIGN_DAIBANG_SP00_america eagle anniversary decor_Broad_Nguyen_280526,250TH_DOORSIGN_DAIBANG_SP00_america eagle anniversary decor_Broad_Nguyen_280526,,,,,,america eagle anniversary decor,,,,Enabled,,,,,,0.3,,,,,,,
Sponsored Products,Product Ad,Create,250TH_DOORSIGN_DAIBANG_SP00_america eagle anniversary decor_Broad_Nguyen_280526,250TH_DOORSIGN_DAIBANG_SP00_america eagle anniversary decor_Broad_Nguyen_280526,,,,,,,,,,Enabled,,250TH_DOORSIGN_DAIBANG,,,,,,,,,,,
Sponsored Products,Keyword,Create,250TH_DOORSIGN_DAIBANG_SP00_america eagle anniversary decor_Broad_Nguyen_280526,250TH_DOORSIGN_DAIBANG_SP00_america eagle anniversary decor_Broad_Nguyen_280526,,,,,,,,,,Enabled,,,,,,,0.3,america eagle anniversary decor,broad,,,,
Sponsored Products,Campaign,Create,250TH_DOORSIGN_DAIBANG_SP00_1776 2026 eagle decor_Broad_Nguyen_280526,,209757982448080,,,,250TH_DOORSIGN_DAIBANG_SP00_1776 2026 eagle decor_Broad_Nguyen_280526,,20260528,,Manual,Enabled,5.0,,,,,,,,,Dynamic bids - down only,,,
Sponsored Products,Bidding Adjustment,Create,250TH_DOORSIGN_DAIBANG_SP00_1776 2026 eagle decor_Broad_Nguyen_280526,,,,,,,,,,,Enabled,,,,,,,,,,,Placement Top,0,
Sponsored Products,Bidding Adjustment,Create,250TH_DOORSIGN_DAIBANG_SP00_1776 2026 eagle decor_Broad_Nguyen_280526,,,,,,,,,,,Enabled,,,,,,,,,,,Placement Product Page,0,
Sponsored Products,Bidding Adjustment,Create,250TH_DOORSIGN_DAIBANG_SP00_1776 2026 eagle decor_Broad_Nguyen_280526,,,,,,,,,,,Enabled,,,,,,,,,,,Placement Rest Of Search,0,
Sponsored Products,Ad Group,Create,250TH_DOORSIGN_DAIBANG_SP00_1776 2026 eagle decor_Broad_Nguyen_280526,250TH_DOORSIGN_DAIBANG_SP00_1776 2026 eagle decor_Broad_Nguyen_280526,,,,,,1776 2026 eagle decor,,,,Enabled,,,,,,0.3,,,,,,,
Sponsored Products,Product Ad,Create,250TH_DOORSIGN_DAIBANG_SP00_1776 2026 eagle decor_Broad_Nguyen_280526,250TH_DOORSIGN_DAIBANG_SP00_1776 2026 eagle decor_Broad_Nguyen_280526,,,,,,,,,,Enabled,,250TH_DOORSIGN_DAIBANG,,,,,,,,,,,
Sponsored Products,Keyword,Create,250TH_DOORSIGN_DAIBANG_SP00_1776 2026 eagle decor_Broad_Nguyen_280526,250TH_DOORSIGN_DAIBANG_SP00_1776 2026 eagle decor_Broad_Nguyen_280526,,,,,,,,,,Enabled,,,,,,,0.3,1776 2026 eagle decor,broad,,,,
Sponsored Products,Campaign,Create,250TH_DOORSIGN_DAIBANG_SP00_patriotic eagle 250 anniversary_Broad_Nguyen_280526,,209757982448080,,,,250TH_DOORSIGN_DAIBANG_SP00_patriotic eagle 250 anniversary_Broad_Nguyen_280526,,20260528,,Manual,Enabled,5.0,,,,,,,,,Dynamic bids - down only,,,
Sponsored Products,Bidding Adjustment,Create,250TH_DOORSIGN_DAIBANG_SP00_patriotic eagle 250 anniversary_Broad_Nguyen_280526,,,,,,,,,,,Enabled,,,,,,,,,,,Placement Top,0,
Sponsored Products,Bidding Adjustment,Create,250TH_DOORSIGN_DAIBANG_SP00_patriotic eagle 250 anniversary_Broad_Nguyen_280526,,,,,,,,,,,Enabled,,,,,,,,,,,Placement Product Page,0,
Sponsored Products,Bidding Adjustment,Create,250TH_DOORSIGN_DAIBANG_SP00_patriotic eagle 250 anniversary_Broad_Nguyen_280526,,,,,,,,,,,Enabled,,,,,,,,,,,Placement Rest Of Search,0,
Sponsored Products,Ad Group,Create,250TH_DOORSIGN_DAIBANG_SP00_patriotic eagle 250 anniversary_Broad_Nguyen_280526,250TH_DOORSIGN_DAIBANG_SP00_patriotic eagle 250 anniversary_Broad_Nguyen_280526,,,,,,patriotic eagle 250 anniversary,,,,Enabled,,,,,,0.3,,,,,,,
Sponsored Products,Product Ad,Create,250TH_DOORSIGN_DAIBANG_SP00_patriotic eagle 250 anniversary_Broad_Nguyen_280526,250TH_DOORSIGN_DAIBANG_SP00_patriotic eagle 250 anniversary_Broad_Nguyen_280526,,,,,,,,,,Enabled,,250TH_DOORSIGN_DAIBANG,,,,,,,,,,,
Sponsored Products,Keyword,Create,250TH_DOORSIGN_DAIBANG_SP00_patriotic eagle 250 anniversary_Broad_Nguyen_280526,250TH_DOORSIGN_DAIBANG_SP00_patriotic eagle 250 anniversary_Broad_Nguyen_280526,,,,,,,,,,Enabled,,,,,,,0.3,patriotic eagle 250 anniversary,broad,,,,
Sponsored Products,Campaign,Create,250TH_DOORSIGN_DAIBANG_SP00_usa 250 eagle plaque_Broad_Nguyen_280526,,209757982448080,,,,250TH_DOORSIGN_DAIBANG_SP00_usa 250 eagle plaque_Broad_Nguyen_280526,,20260528,,Manual,Enabled,5.0,,,,,,,,,Dynamic bids - down only,,,
Sponsored Products,Bidding Adjustment,Create,250TH_DOORSIGN_DAIBANG_SP00_usa 250 eagle plaque_Broad_Nguyen_280526,,,,,,,,,,,Enabled,,,,,,,,,,,Placement Top,0,
Sponsored Products,Bidding Adjustment,Create,250TH_DOORSIGN_DAIBANG_SP00_usa 250 eagle plaque_Broad_Nguyen_280526,,,,,,,,,,,Enabled,,,,,,,,,,,Placement Product Page,0,
Sponsored Products,Bidding Adjustment,Create,250TH_DOORSIGN_DAIBANG_SP00_usa 250 eagle plaque_Broad_Nguyen_280526,,,,,,,,,,,Enabled,,,,,,,,,,,Placement Rest Of Search,0,
Sponsored Products,Ad Group,Create,250TH_DOORSIGN_DAIBANG_SP00_usa 250 eagle plaque_Broad_Nguyen_280526,250TH_DOORSIGN_DAIBANG_SP00_usa 250 eagle plaque_Broad_Nguyen_280526,,,,,,usa 250 eagle plaque,,,,Enabled,,,,,,0.3,,,,,,,
Sponsored Products,Product Ad,Create,250TH_DOORSIGN_DAIBANG_SP00_usa 250 eagle plaque_Broad_Nguyen_280526,250TH_DOORSIGN_DAIBANG_SP00_usa 250 eagle plaque_Broad_Nguyen_280526,,,,,,,,,,Enabled,,250TH_DOORSIGN_DAIBANG,,,,,,,,,,,
Sponsored Products,Keyword,Create,250TH_DOORSIGN_DAIBANG_SP00_usa 250 eagle plaque_Broad_Nguyen_280526,250TH_DOORSIGN_DAIBANG_SP00_usa 250 eagle plaque_Broad_Nguyen_280526,,,,,,,,,,Enabled,,,,,,,0.3,usa 250 eagle plaque,broad,,,,
Sponsored Products,Campaign,Create,250TH_DOORSIGN_DAIBANG_SP00_america 250 patriotic eagle_Broad_Nguyen_280526,,209757982448080,,,,250TH_DOORSIGN_DAIBANG_SP00_america 250 patriotic eagle_Broad_Nguyen_280526,,20260528,,Manual,Enabled,5.0,,,,,,,,,Dynamic bids - down only,,,
Sponsored Products,Bidding Adjustment,Create,250TH_DOORSIGN_DAIBANG_SP00_america 250 patriotic eagle_Broad_Nguyen_280526,,,,,,,,,,,Enabled,,,,,,,,,,,Placement Top,0,
Sponsored Products,Bidding Adjustment,Create,250TH_DOORSIGN_DAIBANG_SP00_america 250 patriotic eagle_Broad_Nguyen_280526,,,,,,,,,,,Enabled,,,,,,,,,,,Placement Product Page,0,
Sponsored Products,Bidding Adjustment,Create,250TH_DOORSIGN_DAIBANG_SP00_america 250 patriotic eagle_Broad_Nguyen_280526,,,,,,,,,,,Enabled,,,,,,,,,,,Placement Rest Of Search,0,
Sponsored Products,Ad Group,Create,250TH_DOORSIGN_DAIBANG_SP00_america 250 patriotic eagle_Broad_Nguyen_280526,250TH_DOORSIGN_DAIBANG_SP00_america 250 patriotic eagle_Broad_Nguyen_280526,,,,,,america 250 patriotic eagle,,,,Enabled,,,,,,0.3,,,,,,,
Sponsored Products,Product Ad,Create,250TH_DOORSIGN_DAIBANG_SP00_america 250 patriotic eagle_Broad_Nguyen_280526,250TH_DOORSIGN_DAIBANG_SP00_america 250 patriotic eagle_Broad_Nguyen_280526,,,,,,,,,,Enabled,,250TH_DOORSIGN_DAIBANG,,,,,,,,,,,
Sponsored Products,Keyword,Create,250TH_DOORSIGN_DAIBANG_SP00_america 250 patriotic eagle_Broad_Nguyen_280526,250TH_DOORSIGN_DAIBANG_SP00_america 250 patriotic eagle_Broad_Nguyen_280526,,,,,,,,,,Enabled,,,,,,,0.3,america 250 patriotic eagle,broad,,,,
Sponsored Products,Campaign,Create,250TH_DOORSIGN_DAIBANG_SP00_freedom eagle 1776 2026_Broad_Nguyen_280526,,209757982448080,,,,250TH_DOORSIGN_DAIBANG_SP00_freedom eagle 1776 2026_Broad_Nguyen_280526,,20260528,,Manual,Enabled,5.0,,,,,,,,,Dynamic bids - down only,,,
Sponsored Products,Bidding Adjustment,Create,250TH_DOORSIGN_DAIBANG_SP00_freedom eagle 1776 2026_Broad_Nguyen_280526,,,,,,,,,,,Enabled,,,,,,,,,,,Placement Top,0,
Sponsored Products,Bidding Adjustment,Create,250TH_DOORSIGN_DAIBANG_SP00_freedom eagle 1776 2026_Broad_Nguyen_280526,,,,,,,,,,,Enabled,,,,,,,,,,,Placement Product Page,0,
Sponsored Products,Bidding Adjustment,Create,250TH_DOORSIGN_DAIBANG_SP00_freedom eagle 1776 2026_Broad_Nguyen_280526,,,,,,,,,,,Enabled,,,,,,,,,,,Placement Rest Of Search,0,
Sponsored Products,Ad Group,Create,250TH_DOORSIGN_DAIBANG_SP00_freedom eagle 1776 2026_Broad_Nguyen_280526,250TH_DOORSIGN_DAIBANG_SP00_freedom eagle 1776 2026_Broad_Nguyen_280526,,,,,,freedom eagle 1776 2026,,,,Enabled,,,,,,0.3,,,,,,,
Sponsored Products,Product Ad,Create,250TH_DOORSIGN_DAIBANG_SP00_freedom eagle 1776 2026_Broad_Nguyen_280526,250TH_DOORSIGN_DAIBANG_SP00_freedom eagle 1776 2026_Broad_Nguyen_280526,,,,,,,,,,Enabled,,250TH_DOORSIGN_DAIBANG,,,,,,,,,,,
Sponsored Products,Keyword,Create,250TH_DOORSIGN_DAIBANG_SP00_freedom eagle 1776 2026_Broad_Nguyen_280526,250TH_DOORSIGN_DAIBANG_SP00_freedom eagle 1776 2026_Broad_Nguyen_280526,,,,,,,,,,Enabled,,,,,,,0.3,freedom eagle 1776 2026,broad,,,,
Sponsored Products,Campaign,Create,250TH_DOORSIGN_DAIBANG_SP00_patriotic eagle anniversary sign_Broad_Nguyen_280526,,209757982448080,,,,250TH_DOORSIGN_DAIBANG_SP00_patriotic eagle anniversary sign_Broad_Nguyen_280526,,20260528,,Manual,Enabled,5.0,,,,,,,,,Dynamic bids - down only,,,
Sponsored Products,Bidding Adjustment,Create,250TH_DOORSIGN_DAIBANG_SP00_patriotic eagle anniversary sign_Broad_Nguyen_280526,,,,,,,,,,,Enabled,,,,,,,,,,,Placement Top,0,
Sponsored Products,Bidding Adjustment,Create,250TH_DOORSIGN_DAIBANG_SP00_patriotic eagle anniversary sign_Broad_Nguyen_280526,,,,,,,,,,,Enabled,,,,,,,,,,,Placement Product Page,0,
Sponsored Products,Bidding Adjustment,Create,250TH_DOORSIGN_DAIBANG_SP00_patriotic eagle anniversary sign_Broad_Nguyen_280526,,,,,,,,,,,Enabled,,,,,,,,,,,Placement Rest Of Search,0,
Sponsored Products,Ad Group,Create,250TH_DOORSIGN_DAIBANG_SP00_patriotic eagle anniversary sign_Broad_Nguyen_280526,250TH_DOORSIGN_DAIBANG_SP00_patriotic eagle anniversary sign_Broad_Nguyen_280526,,,,,,patriotic eagle anniversary sign,,,,Enabled,,,,,,0.3,,,,,,,
Sponsored Products,Product Ad,Create,250TH_DOORSIGN_DAIBANG_SP00_patriotic eagle anniversary sign_Broad_Nguyen_280526,250TH_DOORSIGN_DAIBANG_SP00_patriotic eagle anniversary sign_Broad_Nguyen_280526,,,,,,,,,,Enabled,,250TH_DOORSIGN_DAIBANG,,,,,,,,,,,
Sponsored Products,Keyword,Create,250TH_DOORSIGN_DAIBANG_SP00_patriotic eagle anniversary sign_Broad_Nguyen_280526,250TH_DOORSIGN_DAIBANG_SP00_patriotic eagle anniversary sign_Broad_Nguyen_280526,,,,,,,,,,Enabled,,,,,,,0.3,patriotic eagle anniversary sign,broad,,,,
Sponsored Products,Campaign,Create,250TH_DOORSIGN_DAIBANG_SP00_250th anniversary eagle wreath_Broad_Nguyen_280526,,209757982448080,,,,250TH_DOORSIGN_DAIBANG_SP00_250th anniversary eagle wreath_Broad_Nguyen_280526,,20260528,,Manual,Enabled,5.0,,,,,,,,,Dynamic bids - down only,,,
Sponsored Products,Bidding Adjustment,Create,250TH_DOORSIGN_DAIBANG_SP00_250th anniversary eagle wreath_Broad_Nguyen_280526,,,,,,,,,,,Enabled,,,,,,,,,,,Placement Top,0,
Sponsored Products,Bidding Adjustment,Create,250TH_DOORSIGN_DAIBANG_SP00_250th anniversary eagle wreath_Broad_Nguyen_280526,,,,,,,,,,,Enabled,,,,,,,,,,,Placement Product Page,0,
Sponsored Products,Bidding Adjustment,Create,250TH_DOORSIGN_DAIBANG_SP00_250th anniversary eagle wreath_Broad_Nguyen_280526,,,,,,,,,,,Enabled,,,,,,,,,,,Placement Rest Of Search,0,
Sponsored Products,Ad Group,Create,250TH_DOORSIGN_DAIBANG_SP00_250th anniversary eagle wreath_Broad_Nguyen_280526,250TH_DOORSIGN_DAIBANG_SP00_250th anniversary eagle wreath_Broad_Nguyen_280526,,,,,,250th anniversary eagle wreath,,,,Enabled,,,,,,0.3,,,,,,,
Sponsored Products,Product Ad,Create,250TH_DOORSIGN_DAIBANG_SP00_250th anniversary eagle wreath_Broad_Nguyen_280526,250TH_DOORSIGN_DAIBANG_SP00_250th anniversary eagle wreath_Broad_Nguyen_280526,,,,,,,,,,Enabled,,250TH_DOORSIGN_DAIBANG,,,,,,,,,,,
Sponsored Products,Keyword,Create,250TH_DOORSIGN_DAIBANG_SP00_250th anniversary eagle wreath_Broad_Nguyen_280526,250TH_DOORSIGN_DAIBANG_SP00_250th anniversary eagle wreath_Broad_Nguyen_280526,,,,,,,,,,Enabled,,,,,,,0.3,250th anniversary eagle wreath,broad,,,,
Sponsored Products,Campaign,Create,250TH_DOORSIGN_DAIBANG_SP00_american eagle decor_Broad_Nguyen_280526,,209757982448080,,,,250TH_DOORSIGN_DAIBANG_SP00_american eagle decor_Broad_Nguyen_280526,,20260528,,Manual,Enabled,5.0,,,,,,,,,Dynamic bids - down only,,,
Sponsored Products,Bidding Adjustment,Create,250TH_DOORSIGN_DAIBANG_SP00_american eagle decor_Broad_Nguyen_280526,,,,,,,,,,,Enabled,,,,,,,,,,,Placement Top,0,
Sponsored Products,Bidding Adjustment,Create,250TH_DOORSIGN_DAIBANG_SP00_american eagle decor_Broad_Nguyen_280526,,,,,,,,,,,Enabled,,,,,,,,,,,Placement Product Page,0,
Sponsored Products,Bidding Adjustment,Create,250TH_DOORSIGN_DAIBANG_SP00_american eagle decor_Broad_Nguyen_280526,,,,,,,,,,,Enabled,,,,,,,,,,,Placement Rest Of Search,0,
Sponsored Products,Ad Group,Create,250TH_DOORSIGN_DAIBANG_SP00_american eagle decor_Broad_Nguyen_280526,250TH_DOORSIGN_DAIBANG_SP00_american eagle decor_Broad_Nguyen_280526,,,,,,american eagle decor,,,,Enabled,,,,,,0.3,,,,,,,
Sponsored Products,Product Ad,Create,250TH_DOORSIGN_DAIBANG_SP00_american eagle decor_Broad_Nguyen_280526,250TH_DOORSIGN_DAIBANG_SP00_american eagle decor_Broad_Nguyen_280526,,,,,,,,,,Enabled,,250TH_DOORSIGN_DAIBANG,,,,,,,,,,,
Sponsored Products,Keyword,Create,250TH_DOORSIGN_DAIBANG_SP00_american eagle decor_Broad_Nguyen_280526,250TH_DOORSIGN_DAIBANG_SP00_american eagle decor_Broad_Nguyen_280526,,,,,,,,,,Enabled,,,,,,,0.3,american eagle decor,broad,,,,
Sponsored Products,Campaign,Create,250TH_DOORSIGN_DAIBANG_SP00_patriotic eagle decor_Broad_Nguyen_280526,,209757982448080,,,,250TH_DOORSIGN_DAIBANG_SP00_patriotic eagle decor_Broad_Nguyen_280526,,20260528,,Manual,Enabled,5.0,,,,,,,,,Dynamic bids - down only,,,
Sponsored Products,Bidding Adjustment,Create,250TH_DOORSIGN_DAIBANG_SP00_patriotic eagle decor_Broad_Nguyen_280526,,,,,,,,,,,Enabled,,,,,,,,,,,Placement Top,0,
Sponsored Products,Bidding Adjustment,Create,250TH_DOORSIGN_DAIBANG_SP00_patriotic eagle decor_Broad_Nguyen_280526,,,,,,,,,,,Enabled,,,,,,,,,,,Placement Product Page,0,
Sponsored Products,Bidding Adjustment,Create,250TH_DOORSIGN_DAIBANG_SP00_patriotic eagle decor_Broad_Nguyen_280526,,,,,,,,,,,Enabled,,,,,,,,,,,Placement Rest Of Search,0,
Sponsored Products,Ad Group,Create,250TH_DOORSIGN_DAIBANG_SP00_patriotic eagle decor_Broad_Nguyen_280526,250TH_DOORSIGN_DAIBANG_SP00_patriotic eagle decor_Broad_Nguyen_280526,,,,,,patriotic eagle decor,,,,Enabled,,,,,,0.3,,,,,,,
Sponsored Products,Product Ad,Create,250TH_DOORSIGN_DAIBANG_SP00_patriotic eagle decor_Broad_Nguyen_280526,250TH_DOORSIGN_DAIBANG_SP00_patriotic eagle decor_Broad_Nguyen_280526,,,,,,,,,,Enabled,,250TH_DOORSIGN_DAIBANG,,,,,,,,,,,
Sponsored Products,Keyword,Create,250TH_DOORSIGN_DAIBANG_SP00_patriotic eagle decor_Broad_Nguyen_280526,250TH_DOORSIGN_DAIBANG_SP00_patriotic eagle decor_Broad_Nguyen_280526,,,,,,,,,,Enabled,,,,,,,0.3,patriotic eagle decor,broad,,,,
Sponsored Products,Campaign,Create,250TH_DOORSIGN_DAIBANG_SP00_eagle wall decor_Broad_Nguyen_280526,,209757982448080,,,,250TH_DOORSIGN_DAIBANG_SP00_eagle wall decor_Broad_Nguyen_280526,,20260528,,Manual,Enabled,5.0,,,,,,,,,Dynamic bids - down only,,,
Sponsored Products,Bidding Adjustment,Create,250TH_DOORSIGN_DAIBANG_SP00_eagle wall decor_Broad_Nguyen_280526,,,,,,,,,,,Enabled,,,,,,,,,,,Placement Top,0,
Sponsored Products,Bidding Adjustment,Create,250TH_DOORSIGN_DAIBANG_SP00_eagle wall decor_Broad_Nguyen_280526,,,,,,,,,,,Enabled,,,,,,,,,,,Placement Product Page,0,
Sponsored Products,Bidding Adjustment,Create,250TH_DOORSIGN_DAIBANG_SP00_eagle wall decor_Broad_Nguyen_280526,,,,,,,,,,,Enabled,,,,,,,,,,,Placement Rest Of Search,0,
Sponsored Products,Ad Group,Create,250TH_DOORSIGN_DAIBANG_SP00_eagle wall decor_Broad_Nguyen_280526,250TH_DOORSIGN_DAIBANG_SP00_eagle wall decor_Broad_Nguyen_280526,,,,,,eagle wall decor,,,,Enabled,,,,,,0.3,,,,,,,
Sponsored Products,Product Ad,Create,250TH_DOORSIGN_DAIBANG_SP00_eagle wall decor_Broad_Nguyen_280526,250TH_DOORSIGN_DAIBANG_SP00_eagle wall decor_Broad_Nguyen_280526,,,,,,,,,,Enabled,,250TH_DOORSIGN_DAIBANG,,,,,,,,,,,
Sponsored Products,Keyword,Create,250TH_DOORSIGN_DAIBANG_SP00_eagle wall decor_Broad_Nguyen_280526,250TH_DOORSIGN_DAIBANG_SP00_eagle wall decor_Broad_Nguyen_280526,,,,,,,,,,Enabled,,,,,,,0.3,eagle wall decor,broad,,,,
Sponsored Products,Campaign,Create,250TH_DOORSIGN_DAIBANG_SP00_eagle wreath_Broad_Nguyen_280526,,209757982448080,,,,250TH_DOORSIGN_DAIBANG_SP00_eagle wreath_Broad_Nguyen_280526,,20260528,,Manual,Enabled,5.0,,,,,,,,,Dynamic bids - down only,,,
Sponsored Products,Bidding Adjustment,Create,250TH_DOORSIGN_DAIBANG_SP00_eagle wreath_Broad_Nguyen_280526,,,,,,,,,,,Enabled,,,,,,,,,,,Placement Top,0,
Sponsored Products,Bidding Adjustment,Create,250TH_DOORSIGN_DAIBANG_SP00_eagle wreath_Broad_Nguyen_280526,,,,,,,,,,,Enabled,,,,,,,,,,,Placement Product Page,0,
Sponsored Products,Bidding Adjustment,Create,250TH_DOORSIGN_DAIBANG_SP00_eagle wreath_Broad_Nguyen_280526,,,,,,,,,,,Enabled,,,,,,,,,,,Placement Rest Of Search,0,
Sponsored Products,Ad Group,Create,250TH_DOORSIGN_DAIBANG_SP00_eagle wreath_Broad_Nguyen_280526,250TH_DOORSIGN_DAIBANG_SP00_eagle wreath_Broad_Nguyen_280526,,,,,,eagle wreath,,,,Enabled,,,,,,0.3,,,,,,,
Sponsored Products,Product Ad,Create,250TH_DOORSIGN_DAIBANG_SP00_eagle wreath_Broad_Nguyen_280526,250TH_DOORSIGN_DAIBANG_SP00_eagle wreath_Broad_Nguyen_280526,,,,,,,,,,Enabled,,250TH_DOORSIGN_DAIBANG,,,,,,,,,,,
Sponsored Products,Keyword,Create,250TH_DOORSIGN_DAIBANG_SP00_eagle wreath_Broad_Nguyen_280526,250TH_DOORSIGN_DAIBANG_SP00_eagle wreath_Broad_Nguyen_280526,,,,,,,,,,Enabled,,,,,,,0.3,eagle wreath,broad,,,,
Sponsored Products,Campaign,Create,250TH_DOORSIGN_DAIBANG_SP00_eagle door sign_Broad_Nguyen_280526,,209757982448080,,,,250TH_DOORSIGN_DAIBANG_SP00_eagle door sign_Broad_Nguyen_280526,,20260528,,Manual,Enabled,5.0,,,,,,,,,Dynamic bids - down only,,,
Sponsored Products,Bidding Adjustment,Create,250TH_DOORSIGN_DAIBANG_SP00_eagle door sign_Broad_Nguyen_280526,,,,,,,,,,,Enabled,,,,,,,,,,,Placement Top,0,
Sponsored Products,Bidding Adjustment,Create,250TH_DOORSIGN_DAIBANG_SP00_eagle door sign_Broad_Nguyen_280526,,,,,,,,,,,Enabled,,,,,,,,,,,Placement Product Page,0,
Sponsored Products,Bidding Adjustment,Create,250TH_DOORSIGN_DAIBANG_SP00_eagle door sign_Broad_Nguyen_280526,,,,,,,,,,,Enabled,,,,,,,,,,,Placement Rest Of Search,0,
Sponsored Products,Ad Group,Create,250TH_DOORSIGN_DAIBANG_SP00_eagle door sign_Broad_Nguyen_280526,250TH_DOORSIGN_DAIBANG_SP00_eagle door sign_Broad_Nguyen_280526,,,,,,eagle door sign,,,,Enabled,,,,,,0.3,,,,,,,
Sponsored Products,Product Ad,Create,250TH_DOORSIGN_DAIBANG_SP00_eagle door sign_Broad_Nguyen_280526,250TH_DOORSIGN_DAIBANG_SP00_eagle door sign_Broad_Nguyen_280526,,,,,,,,,,Enabled,,250TH_DOORSIGN_DAIBANG,,,,,,,,,,,
Sponsored Products,Keyword,Create,250TH_DOORSIGN_DAIBANG_SP00_eagle door sign_Broad_Nguyen_280526,250TH_DOORSIGN_DAIBANG_SP00_eagle door sign_Broad_Nguyen_280526,,,,,,,,,,Enabled,,,,,,,0.3,eagle door sign,broad,,,,
Sponsored Products,Campaign,Create,250TH_DOORSIGN_DAIBANG_SP00_eagle wall plaque_Broad_Nguyen_280526,,209757982448080,,,,250TH_DOORSIGN_DAIBANG_SP00_eagle wall plaque_Broad_Nguyen_280526,,20260528,,Manual,Enabled,5.0,,,,,,,,,Dynamic bids - down only,,,
Sponsored Products,Bidding Adjustment,Create,250TH_DOORSIGN_DAIBANG_SP00_eagle wall plaque_Broad_Nguyen_280526,,,,,,,,,,,Enabled,,,,,,,,,,,Placement Top,0,
Sponsored Products,Bidding Adjustment,Create,250TH_DOORSIGN_DAIBANG_SP00_eagle wall plaque_Broad_Nguyen_280526,,,,,,,,,,,Enabled,,,,,,,,,,,Placement Product Page,0,
Sponsored Products,Bidding Adjustment,Create,250TH_DOORSIGN_DAIBANG_SP00_eagle wall plaque_Broad_Nguyen_280526,,,,,,,,,,,Enabled,,,,,,,,,,,Placement Rest Of Search,0,
Sponsored Products,Ad Group,Create,250TH_DOORSIGN_DAIBANG_SP00_eagle wall plaque_Broad_Nguyen_280526,250TH_DOORSIGN_DAIBANG_SP00_eagle wall plaque_Broad_Nguyen_280526,,,,,,eagle wall plaque,,,,Enabled,,,,,,0.3,,,,,,,
Sponsored Products,Product Ad,Create,250TH_DOORSIGN_DAIBANG_SP00_eagle wall plaque_Broad_Nguyen_280526,250TH_DOORSIGN_DAIBANG_SP00_eagle wall plaque_Broad_Nguyen_280526,,,,,,,,,,Enabled,,250TH_DOORSIGN_DAIBANG,,,,,,,,,,,
Sponsored Products,Keyword,Create,250TH_DOORSIGN_DAIBANG_SP00_eagle wall plaque_Broad_Nguyen_280526,250TH_DOORSIGN_DAIBANG_SP00_eagle wall plaque_Broad_Nguyen_280526,,,,,,,,,,Enabled,,,,,,,0.3,eagle wall plaque,broad,,,,
Sponsored Products,Campaign,Create,250TH_DOORSIGN_DAIBANG_SP00_eagle hanging decor_Broad_Nguyen_280526,,209757982448080,,,,250TH_DOORSIGN_DAIBANG_SP00_eagle hanging decor_Broad_Nguyen_280526,,20260528,,Manual,Enabled,5.0,,,,,,,,,Dynamic bids - down only,,,
Sponsored Products,Bidding Adjustment,Create,250TH_DOORSIGN_DAIBANG_SP00_eagle hanging decor_Broad_Nguyen_280526,,,,,,,,,,,Enabled,,,,,,,,,,,Placement Top,0,
Sponsored Products,Bidding Adjustment,Create,250TH_DOORSIGN_DAIBANG_SP00_eagle hanging decor_Broad_Nguyen_280526,,,,,,,,,,,Enabled,,,,,,,,,,,Placement Product Page,0,
Sponsored Products,Bidding Adjustment,Create,250TH_DOORSIGN_DAIBANG_SP00_eagle hanging decor_Broad_Nguyen_280526,,,,,,,,,,,Enabled,,,,,,,,,,,Placement Rest Of Search,0,
Sponsored Products,Ad Group,Create,250TH_DOORSIGN_DAIBANG_SP00_eagle hanging decor_Broad_Nguyen_280526,250TH_DOORSIGN_DAIBANG_SP00_eagle hanging decor_Broad_Nguyen_280526,,,,,,eagle hanging decor,,,,Enabled,,,,,,0.3,,,,,,,
Sponsored Products,Product Ad,Create,250TH_DOORSIGN_DAIBANG_SP00_eagle hanging decor_Broad_Nguyen_280526,250TH_DOORSIGN_DAIBANG_SP00_eagle hanging decor_Broad_Nguyen_280526,,,,,,,,,,Enabled,,250TH_DOORSIGN_DAIBANG,,,,,,,,,,,
Sponsored Products,Keyword,Create,250TH_DOORSIGN_DAIBANG_SP00_eagle hanging decor_Broad_Nguyen_280526,250TH_DOORSIGN_DAIBANG_SP00_eagle hanging decor_Broad_Nguyen_280526,,,,,,,,,,Enabled,,,,,,,0.3,eagle hanging decor,broad,,,,
Sponsored Products,Campaign,Create,250TH_DOORSIGN_DAIBANG_SP00_eagle patriotic sign_Broad_Nguyen_280526,,209757982448080,,,,250TH_DOORSIGN_DAIBANG_SP00_eagle patriotic sign_Broad_Nguyen_280526,,20260528,,Manual,Enabled,5.0,,,,,,,,,Dynamic bids - down only,,,
Sponsored Products,Bidding Adjustment,Create,250TH_DOORSIGN_DAIBANG_SP00_eagle patriotic sign_Broad_Nguyen_280526,,,,,,,,,,,Enabled,,,,,,,,,,,Placement Top,0,
Sponsored Products,Bidding Adjustment,Create,250TH_DOORSIGN_DAIBANG_SP00_eagle patriotic sign_Broad_Nguyen_280526,,,,,,,,,,,Enabled,,,,,,,,,,,Placement Product Page,0,
Sponsored Products,Bidding Adjustment,Create,250TH_DOORSIGN_DAIBANG_SP00_eagle patriotic sign_Broad_Nguyen_280526,,,,,,,,,,,Enabled,,,,,,,,,,,Placement Rest Of Search,0,
Sponsored Products,Ad Group,Create,250TH_DOORSIGN_DAIBANG_SP00_eagle patriotic sign_Broad_Nguyen_280526,250TH_DOORSIGN_DAIBANG_SP00_eagle patriotic sign_Broad_Nguyen_280526,,,,,,eagle patriotic sign,,,,Enabled,,,,,,0.3,,,,,,,
Sponsored Products,Product Ad,Create,250TH_DOORSIGN_DAIBANG_SP00_eagle patriotic sign_Broad_Nguyen_280526,250TH_DOORSIGN_DAIBANG_SP00_eagle patriotic sign_Broad_Nguyen_280526,,,,,,,,,,Enabled,,250TH_DOORSIGN_DAIBANG,,,,,,,,,,,
Sponsored Products,Keyword,Create,250TH_DOORSIGN_DAIBANG_SP00_eagle patriotic sign_Broad_Nguyen_280526,250TH_DOORSIGN_DAIBANG_SP00_eagle patriotic sign_Broad_Nguyen_280526,,,,,,,,,,Enabled,,,,,,,0.3,eagle patriotic sign,broad,,,,
Sponsored Products,Campaign,Create,250TH_DOORSIGN_DAIBANG_SP00_usa eagle decor_Broad_Nguyen_280526,,209757982448080,,,,250TH_DOORSIGN_DAIBANG_SP00_usa eagle decor_Broad_Nguyen_280526,,20260528,,Manual,Enabled,5.0,,,,,,,,,Dynamic bids - down only,,,
Sponsored Products,Bidding Adjustment,Create,250TH_DOORSIGN_DAIBANG_SP00_usa eagle decor_Broad_Nguyen_280526,,,,,,,,,,,Enabled,,,,,,,,,,,Placement Top,0,
Sponsored Products,Bidding Adjustment,Create,250TH_DOORSIGN_DAIBANG_SP00_usa eagle decor_Broad_Nguyen_280526,,,,,,,,,,,Enabled,,,,,,,,,,,Placement Product Page,0,
Sponsored Products,Bidding Adjustment,Create,250TH_DOORSIGN_DAIBANG_SP00_usa eagle decor_Broad_Nguyen_280526,,,,,,,,,,,Enabled,,,,,,,,,,,Placement Rest Of Search,0,
Sponsored Products,Ad Group,Create,250TH_DOORSIGN_DAIBANG_SP00_usa eagle decor_Broad_Nguyen_280526,250TH_DOORSIGN_DAIBANG_SP00_usa eagle decor_Broad_Nguyen_280526,,,,,,usa eagle decor,,,,Enabled,,,,,,0.3,,,,,,,
Sponsored Products,Product Ad,Create,250TH_DOORSIGN_DAIBANG_SP00_usa eagle decor_Broad_Nguyen_280526,250TH_DOORSIGN_DAIBANG_SP00_usa eagle decor_Broad_Nguyen_280526,,,,,,,,,,Enabled,,250TH_DOORSIGN_DAIBANG,,,,,,,,,,,
Sponsored Products,Keyword,Create,250TH_DOORSIGN_DAIBANG_SP00_usa eagle decor_Broad_Nguyen_280526,250TH_DOORSIGN_DAIBANG_SP00_usa eagle decor_Broad_Nguyen_280526,,,,,,,,,,Enabled,,,,,,,0.3,usa eagle decor,broad,,,,
Sponsored Products,Campaign,Create,250TH_DOORSIGN_250THANNIVERSARY_SP00_SPR00_america 250th anniversary door hanger_Exact_Nguyen_280526,,209757982448080,,,,250TH_DOORSIGN_250THANNIVERSARY_SP00_SPR00_america 250th anniversary door hanger_Exact_Nguyen_280526,,20260528,,Manual,Enabled,5.0,,,,,,,,,Dynamic bids - down only,,,
Sponsored Products,Bidding Adjustment,Create,250TH_DOORSIGN_250THANNIVERSARY_SP00_SPR00_america 250th anniversary door hanger_Exact_Nguyen_280526,,,,,,,,,,,Enabled,,,,,,,,,,,Placement Top,0,
Sponsored Products,Bidding Adjustment,Create,250TH_DOORSIGN_250THANNIVERSARY_SP00_SPR00_america 250th anniversary door hanger_Exact_Nguyen_280526,,,,,,,,,,,Enabled,,,,,,,,,,,Placement Product Page,0,
Sponsored Products,Bidding Adjustment,Create,250TH_DOORSIGN_250THANNIVERSARY_SP00_SPR00_america 250th anniversary door hanger_Exact_Nguyen_280526,,,,,,,,,,,Enabled,,,,,,,,,,,Placement Rest Of Search,0,
Sponsored Products,Ad Group,Create,250TH_DOORSIGN_250THANNIVERSARY_SP00_SPR00_america 250th anniversary door hanger_Exact_Nguyen_280526,AG_01_Exact_america 250th anniversary door hanger,,,,,,AG_01_Exact_america 250th anniversary door hanger,,,,Enabled,,,,,,0.6,,,,,,,
Sponsored Products,Product Ad,Create,250TH_DOORSIGN_250THANNIVERSARY_SP00_SPR00_america 250th anniversary door hanger_Exact_Nguyen_280526,AG_01_Exact_america 250th anniversary door hanger,,,,,,,,,,Enabled,,250TH_DOORSIGN_250THANNIVERSARY,,,,,,,,,,,
Sponsored Products,Keyword,Create,250TH_DOORSIGN_250THANNIVERSARY_SP00_SPR00_america 250th anniversary door hanger_Exact_Nguyen_280526,AG_01_Exact_america 250th anniversary door hanger,,,,,,,,,,Enabled,,,,,,,0.6,america 250th anniversary door hanger,exact,,,,
Sponsored Products,Ad Group,Create,250TH_DOORSIGN_250THANNIVERSARY_SP00_SPR00_america 250th anniversary door hanger_Exact_Nguyen_280526,AG_02_Exact_america 250th anniversary door hanger,,,,,,AG_02_Exact_america 250th anniversary door hanger,,,,Enabled,,,,,,0.6,,,,,,,
Sponsored Products,Product Ad,Create,250TH_DOORSIGN_250THANNIVERSARY_SP00_SPR00_america 250th anniversary door hanger_Exact_Nguyen_280526,AG_02_Exact_america 250th anniversary door hanger,,,,,,,,,,Enabled,,250TH_DOORSIGN_250THANNIVERSARY,,,,,,,,,,,
Sponsored Products,Keyword,Create,250TH_DOORSIGN_250THANNIVERSARY_SP00_SPR00_america 250th anniversary door hanger_Exact_Nguyen_280526,AG_02_Exact_america 250th anniversary door hanger,,,,,,,,,,Enabled,,,,,,,0.6,america 250th anniversary door hanger,exact,,,,
Sponsored Products,Ad Group,Create,250TH_DOORSIGN_250THANNIVERSARY_SP00_SPR00_america 250th anniversary door hanger_Exact_Nguyen_280526,AG_03_Exact_america 250th anniversary door hanger,,,,,,AG_03_Exact_america 250th anniversary door hanger,,,,Enabled,,,,,,0.6,,,,,,,
Sponsored Products,Product Ad,Create,250TH_DOORSIGN_250THANNIVERSARY_SP00_SPR00_america 250th anniversary door hanger_Exact_Nguyen_280526,AG_03_Exact_america 250th anniversary door hanger,,,,,,,,,,Enabled,,250TH_DOORSIGN_250THANNIVERSARY,,,,,,,,,,,
Sponsored Products,Keyword,Create,250TH_DOORSIGN_250THANNIVERSARY_SP00_SPR00_america 250th anniversary door hanger_Exact_Nguyen_280526,AG_03_Exact_america 250th anniversary door hanger,,,,,,,,,,Enabled,,,,,,,0.6,america 250th anniversary door hanger,exact,,,,
Sponsored Products,Campaign,Create,250TH_DOORSIGN_250THANNIVERSARY_SP00_SPR00_america 250 door decor_Exact_Nguyen_280526,,209757982448080,,,,250TH_DOORSIGN_250THANNIVERSARY_SP00_SPR00_america 250 door decor_Exact_Nguyen_280526,,20260528,,Manual,Enabled,5.0,,,,,,,,,Dynamic bids - down only,,,
Sponsored Products,Bidding Adjustment,Create,250TH_DOORSIGN_250THANNIVERSARY_SP00_SPR00_america 250 door decor_Exact_Nguyen_280526,,,,,,,,,,,Enabled,,,,,,,,,,,Placement Top,0,
Sponsored Products,Bidding Adjustment,Create,250TH_DOORSIGN_250THANNIVERSARY_SP00_SPR00_america 250 door decor_Exact_Nguyen_280526,,,,,,,,,,,Enabled,,,,,,,,,,,Placement Product Page,0,
Sponsored Products,Bidding Adjustment,Create,250TH_DOORSIGN_250THANNIVERSARY_SP00_SPR00_america 250 door decor_Exact_Nguyen_280526,,,,,,,,,,,Enabled,,,,,,,,,,,Placement Rest Of Search,0,
Sponsored Products,Ad Group,Create,250TH_DOORSIGN_250THANNIVERSARY_SP00_SPR00_america 250 door decor_Exact_Nguyen_280526,AG_01_Exact_america 250 door decor,,,,,,AG_01_Exact_america 250 door decor,,,,Enabled,,,,,,0.6,,,,,,,
Sponsored Products,Product Ad,Create,250TH_DOORSIGN_250THANNIVERSARY_SP00_SPR00_america 250 door decor_Exact_Nguyen_280526,AG_01_Exact_america 250 door decor,,,,,,,,,,Enabled,,250TH_DOORSIGN_250THANNIVERSARY,,,,,,,,,,,
Sponsored Products,Keyword,Create,250TH_DOORSIGN_250THANNIVERSARY_SP00_SPR00_america 250 door decor_Exact_Nguyen_280526,AG_01_Exact_america 250 door decor,,,,,,,,,,Enabled,,,,,,,0.6,america 250 door decor,exact,,,,
Sponsored Products,Ad Group,Create,250TH_DOORSIGN_250THANNIVERSARY_SP00_SPR00_america 250 door decor_Exact_Nguyen_280526,AG_02_Exact_america 250 door decor,,,,,,AG_02_Exact_america 250 door decor,,,,Enabled,,,,,,0.6,,,,,,,
Sponsored Products,Product Ad,Create,250TH_DOORSIGN_250THANNIVERSARY_SP00_SPR00_america 250 door decor_Exact_Nguyen_280526,AG_02_Exact_america 250 door decor,,,,,,,,,,Enabled,,250TH_DOORSIGN_250THANNIVERSARY,,,,,,,,,,,
Sponsored Products,Keyword,Create,250TH_DOORSIGN_250THANNIVERSARY_SP00_SPR00_america 250 door decor_Exact_Nguyen_280526,AG_02_Exact_america 250 door decor,,,,,,,,,,Enabled,,,,,,,0.6,america 250 door decor,exact,,,,
Sponsored Products,Ad Group,Create,250TH_DOORSIGN_250THANNIVERSARY_SP00_SPR00_america 250 door decor_Exact_Nguyen_280526,AG_03_Exact_america 250 door decor,,,,,,AG_03_Exact_america 250 door decor,,,,Enabled,,,,,,0.6,,,,,,,
Sponsored Products,Product Ad,Create,250TH_DOORSIGN_250THANNIVERSARY_SP00_SPR00_america 250 door decor_Exact_Nguyen_280526,AG_03_Exact_america 250 door decor,,,,,,,,,,Enabled,,250TH_DOORSIGN_250THANNIVERSARY,,,,,,,,,,,
Sponsored Products,Keyword,Create,250TH_DOORSIGN_250THANNIVERSARY_SP00_SPR00_america 250 door decor_Exact_Nguyen_280526,AG_03_Exact_america 250 door decor,,,,,,,,,,Enabled,,,,,,,0.6,america 250 door decor,exact,,,,
Sponsored Products,Campaign,Create,250TH_DOORSIGN_250THANNIVERSARY_SP00_SPR00_250th anniversary decorations_Exact_Nguyen_280526,,209757982448080,,,,250TH_DOORSIGN_250THANNIVERSARY_SP00_SPR00_250th anniversary decorations_Exact_Nguyen_280526,,20260528,,Manual,Enabled,5.0,,,,,,,,,Dynamic bids - down only,,,
Sponsored Products,Bidding Adjustment,Create,250TH_DOORSIGN_250THANNIVERSARY_SP00_SPR00_250th anniversary decorations_Exact_Nguyen_280526,,,,,,,,,,,Enabled,,,,,,,,,,,Placement Top,0,
Sponsored Products,Bidding Adjustment,Create,250TH_DOORSIGN_250THANNIVERSARY_SP00_SPR00_250th anniversary decorations_Exact_Nguyen_280526,,,,,,,,,,,Enabled,,,,,,,,,,,Placement Product Page,0,
Sponsored Products,Bidding Adjustment,Create,250TH_DOORSIGN_250THANNIVERSARY_SP00_SPR00_250th anniversary decorations_Exact_Nguyen_280526,,,,,,,,,,,Enabled,,,,,,,,,,,Placement Rest Of Search,0,
Sponsored Products,Ad Group,Create,250TH_DOORSIGN_250THANNIVERSARY_SP00_SPR00_250th anniversary decorations_Exact_Nguyen_280526,AG_01_Exact_250th anniversary decorations,,,,,,AG_01_Exact_250th anniversary decorations,,,,Enabled,,,,,,0.6,,,,,,,
Sponsored Products,Product Ad,Create,250TH_DOORSIGN_250THANNIVERSARY_SP00_SPR00_250th anniversary decorations_Exact_Nguyen_280526,AG_01_Exact_250th anniversary decorations,,,,,,,,,,Enabled,,250TH_DOORSIGN_250THANNIVERSARY,,,,,,,,,,,
Sponsored Products,Keyword,Create,250TH_DOORSIGN_250THANNIVERSARY_SP00_SPR00_250th anniversary decorations_Exact_Nguyen_280526,AG_01_Exact_250th anniversary decorations,,,,,,,,,,Enabled,,,,,,,0.6,250th anniversary decorations,exact,,,,
Sponsored Products,Ad Group,Create,250TH_DOORSIGN_250THANNIVERSARY_SP00_SPR00_250th anniversary decorations_Exact_Nguyen_280526,AG_02_Exact_250th anniversary decorations,,,,,,AG_02_Exact_250th anniversary decorations,,,,Enabled,,,,,,0.6,,,,,,,
Sponsored Products,Product Ad,Create,250TH_DOORSIGN_250THANNIVERSARY_SP00_SPR00_250th anniversary decorations_Exact_Nguyen_280526,AG_02_Exact_250th anniversary decorations,,,,,,,,,,Enabled,,250TH_DOORSIGN_250THANNIVERSARY,,,,,,,,,,,
Sponsored Products,Keyword,Create,250TH_DOORSIGN_250THANNIVERSARY_SP00_SPR00_250th anniversary decorations_Exact_Nguyen_280526,AG_02_Exact_250th anniversary decorations,,,,,,,,,,Enabled,,,,,,,0.6,250th anniversary decorations,exact,,,,
Sponsored Products,Ad Group,Create,250TH_DOORSIGN_250THANNIVERSARY_SP00_SPR00_250th anniversary decorations_Exact_Nguyen_280526,AG_03_Exact_250th anniversary decorations,,,,,,AG_03_Exact_250th anniversary decorations,,,,Enabled,,,,,,0.6,,,,,,,
Sponsored Products,Product Ad,Create,250TH_DOORSIGN_250THANNIVERSARY_SP00_SPR00_250th anniversary decorations_Exact_Nguyen_280526,AG_03_Exact_250th anniversary decorations,,,,,,,,,,Enabled,,250TH_DOORSIGN_250THANNIVERSARY,,,,,,,,,,,
Sponsored Products,Keyword,Create,250TH_DOORSIGN_250THANNIVERSARY_SP00_SPR00_250th anniversary decorations_Exact_Nguyen_280526,AG_03_Exact_250th anniversary decorations,,,,,,,,,,Enabled,,,,,,,0.6,250th anniversary decorations,exact,,,,
Sponsored Products,Campaign,Create,250TH_DOORSIGN_250THANNIVERSARY_SP00_SPR00_american eagle decor_Exact_Nguyen_280526,,209757982448080,,,,250TH_DOORSIGN_250THANNIVERSARY_SP00_SPR00_american eagle decor_Exact_Nguyen_280526,,20260528,,Manual,Enabled,5.0,,,,,,,,,Dynamic bids - down only,,,
Sponsored Products,Bidding Adjustment,Create,250TH_DOORSIGN_250THANNIVERSARY_SP00_SPR00_american eagle decor_Exact_Nguyen_280526,,,,,,,,,,,Enabled,,,,,,,,,,,Placement Top,0,
Sponsored Products,Bidding Adjustment,Create,250TH_DOORSIGN_250THANNIVERSARY_SP00_SPR00_american eagle decor_Exact_Nguyen_280526,,,,,,,,,,,Enabled,,,,,,,,,,,Placement Product Page,0,
Sponsored Products,Bidding Adjustment,Create,250TH_DOORSIGN_250THANNIVERSARY_SP00_SPR00_american eagle decor_Exact_Nguyen_280526,,,,,,,,,,,Enabled,,,,,,,,,,,Placement Rest Of Search,0,
Sponsored Products,Ad Group,Create,250TH_DOORSIGN_250THANNIVERSARY_SP00_SPR00_american eagle decor_Exact_Nguyen_280526,AG_01_Exact_american eagle decor,,,,,,AG_01_Exact_american eagle decor,,,,Enabled,,,,,,0.6,,,,,,,
Sponsored Products,Product Ad,Create,250TH_DOORSIGN_250THANNIVERSARY_SP00_SPR00_american eagle decor_Exact_Nguyen_280526,AG_01_Exact_american eagle decor,,,,,,,,,,Enabled,,250TH_DOORSIGN_250THANNIVERSARY,,,,,,,,,,,
Sponsored Products,Keyword,Create,250TH_DOORSIGN_250THANNIVERSARY_SP00_SPR00_american eagle decor_Exact_Nguyen_280526,AG_01_Exact_american eagle decor,,,,,,,,,,Enabled,,,,,,,0.6,american eagle decor,exact,,,,
Sponsored Products,Ad Group,Create,250TH_DOORSIGN_250THANNIVERSARY_SP00_SPR00_american eagle decor_Exact_Nguyen_280526,AG_02_Exact_american eagle decor,,,,,,AG_02_Exact_american eagle decor,,,,Enabled,,,,,,0.6,,,,,,,
Sponsored Products,Product Ad,Create,250TH_DOORSIGN_250THANNIVERSARY_SP00_SPR00_american eagle decor_Exact_Nguyen_280526,AG_02_Exact_american eagle decor,,,,,,,,,,Enabled,,250TH_DOORSIGN_250THANNIVERSARY,,,,,,,,,,,
Sponsored Products,Keyword,Create,250TH_DOORSIGN_250THANNIVERSARY_SP00_SPR00_american eagle decor_Exact_Nguyen_280526,AG_02_Exact_american eagle decor,,,,,,,,,,Enabled,,,,,,,0.6,american eagle decor,exact,,,,
Sponsored Products,Ad Group,Create,250TH_DOORSIGN_250THANNIVERSARY_SP00_SPR00_american eagle decor_Exact_Nguyen_280526,AG_03_Exact_american eagle decor,,,,,,AG_03_Exact_american eagle decor,,,,Enabled,,,,,,0.6,,,,,,,
Sponsored Products,Product Ad,Create,250TH_DOORSIGN_250THANNIVERSARY_SP00_SPR00_american eagle decor_Exact_Nguyen_280526,AG_03_Exact_american eagle decor,,,,,,,,,,Enabled,,250TH_DOORSIGN_250THANNIVERSARY,,,,,,,,,,,
Sponsored Products,Keyword,Create,250TH_DOORSIGN_250THANNIVERSARY_SP00_SPR00_american eagle decor_Exact_Nguyen_280526,AG_03_Exact_american eagle decor,,,,,,,,,,Enabled,,,,,,,0.6,american eagle decor,exact,,,,
Sponsored Products,Campaign,Create,250TH_DOORSIGN_250THANNIVERSARY_SP00_SPR00_bald eagle decor_Exact_Nguyen_280526,,209757982448080,,,,250TH_DOORSIGN_250THANNIVERSARY_SP00_SPR00_bald eagle decor_Exact_Nguyen_280526,,20260528,,Manual,Enabled,5.0,,,,,,,,,Dynamic bids - down only,,,
Sponsored Products,Bidding Adjustment,Create,250TH_DOORSIGN_250THANNIVERSARY_SP00_SPR00_bald eagle decor_Exact_Nguyen_280526,,,,,,,,,,,Enabled,,,,,,,,,,,Placement Top,0,
Sponsored Products,Bidding Adjustment,Create,250TH_DOORSIGN_250THANNIVERSARY_SP00_SPR00_bald eagle decor_Exact_Nguyen_280526,,,,,,,,,,,Enabled,,,,,,,,,,,Placement Product Page,0,
Sponsored Products,Bidding Adjustment,Create,250TH_DOORSIGN_250THANNIVERSARY_SP00_SPR00_bald eagle decor_Exact_Nguyen_280526,,,,,,,,,,,Enabled,,,,,,,,,,,Placement Rest Of Search,0,
Sponsored Products,Ad Group,Create,250TH_DOORSIGN_250THANNIVERSARY_SP00_SPR00_bald eagle decor_Exact_Nguyen_280526,AG_01_Exact_bald eagle decor,,,,,,AG_01_Exact_bald eagle decor,,,,Enabled,,,,,,0.6,,,,,,,
Sponsored Products,Product Ad,Create,250TH_DOORSIGN_250THANNIVERSARY_SP00_SPR00_bald eagle decor_Exact_Nguyen_280526,AG_01_Exact_bald eagle decor,,,,,,,,,,Enabled,,250TH_DOORSIGN_250THANNIVERSARY,,,,,,,,,,,
Sponsored Products,Keyword,Create,250TH_DOORSIGN_250THANNIVERSARY_SP00_SPR00_bald eagle decor_Exact_Nguyen_280526,AG_01_Exact_bald eagle decor,,,,,,,,,,Enabled,,,,,,,0.6,bald eagle decor,exact,,,,
Sponsored Products,Ad Group,Create,250TH_DOORSIGN_250THANNIVERSARY_SP00_SPR00_bald eagle decor_Exact_Nguyen_280526,AG_02_Exact_bald eagle decor,,,,,,AG_02_Exact_bald eagle decor,,,,Enabled,,,,,,0.6,,,,,,,
Sponsored Products,Product Ad,Create,250TH_DOORSIGN_250THANNIVERSARY_SP00_SPR00_bald eagle decor_Exact_Nguyen_280526,AG_02_Exact_bald eagle decor,,,,,,,,,,Enabled,,250TH_DOORSIGN_250THANNIVERSARY,,,,,,,,,,,
Sponsored Products,Keyword,Create,250TH_DOORSIGN_250THANNIVERSARY_SP00_SPR00_bald eagle decor_Exact_Nguyen_280526,AG_02_Exact_bald eagle decor,,,,,,,,,,Enabled,,,,,,,0.6,bald eagle decor,exact,,,,
Sponsored Products,Ad Group,Create,250TH_DOORSIGN_250THANNIVERSARY_SP00_SPR00_bald eagle decor_Exact_Nguyen_280526,AG_03_Exact_bald eagle decor,,,,,,AG_03_Exact_bald eagle decor,,,,Enabled,,,,,,0.6,,,,,,,
Sponsored Products,Product Ad,Create,250TH_DOORSIGN_250THANNIVERSARY_SP00_SPR00_bald eagle decor_Exact_Nguyen_280526,AG_03_Exact_bald eagle decor,,,,,,,,,,Enabled,,250TH_DOORSIGN_250THANNIVERSARY,,,,,,,,,,,
Sponsored Products,Keyword,Create,250TH_DOORSIGN_250THANNIVERSARY_SP00_SPR00_bald eagle decor_Exact_Nguyen_280526,AG_03_Exact_bald eagle decor,,,,,,,,,,Enabled,,,,,,,0.6,bald eagle decor,exact,,,,
Sponsored Products,Campaign,Create,250TH_DOORSIGN_250THANNIVERSARY_SP00_SPR00_eagle decor_Exact_Nguyen_280526,,209757982448080,,,,250TH_DOORSIGN_250THANNIVERSARY_SP00_SPR00_eagle decor_Exact_Nguyen_280526,,20260528,,Manual,Enabled,5.0,,,,,,,,,Dynamic bids - down only,,,
Sponsored Products,Bidding Adjustment,Create,250TH_DOORSIGN_250THANNIVERSARY_SP00_SPR00_eagle decor_Exact_Nguyen_280526,,,,,,,,,,,Enabled,,,,,,,,,,,Placement Top,0,
Sponsored Products,Bidding Adjustment,Create,250TH_DOORSIGN_250THANNIVERSARY_SP00_SPR00_eagle decor_Exact_Nguyen_280526,,,,,,,,,,,Enabled,,,,,,,,,,,Placement Product Page,0,
Sponsored Products,Bidding Adjustment,Create,250TH_DOORSIGN_250THANNIVERSARY_SP00_SPR00_eagle decor_Exact_Nguyen_280526,,,,,,,,,,,Enabled,,,,,,,,,,,Placement Rest Of Search,0,
Sponsored Products,Ad Group,Create,250TH_DOORSIGN_250THANNIVERSARY_SP00_SPR00_eagle decor_Exact_Nguyen_280526,AG_01_Exact_eagle decor,,,,,,AG_01_Exact_eagle decor,,,,Enabled,,,,,,0.6,,,,,,,
Sponsored Products,Product Ad,Create,250TH_DOORSIGN_250THANNIVERSARY_SP00_SPR00_eagle decor_Exact_Nguyen_280526,AG_01_Exact_eagle decor,,,,,,,,,,Enabled,,250TH_DOORSIGN_250THANNIVERSARY,,,,,,,,,,,
Sponsored Products,Keyword,Create,250TH_DOORSIGN_250THANNIVERSARY_SP00_SPR00_eagle decor_Exact_Nguyen_280526,AG_01_Exact_eagle decor,,,,,,,,,,Enabled,,,,,,,0.6,eagle decor,exact,,,,
Sponsored Products,Ad Group,Create,250TH_DOORSIGN_250THANNIVERSARY_SP00_SPR00_eagle decor_Exact_Nguyen_280526,AG_02_Exact_eagle decor,,,,,,AG_02_Exact_eagle decor,,,,Enabled,,,,,,0.6,,,,,,,
Sponsored Products,Product Ad,Create,250TH_DOORSIGN_250THANNIVERSARY_SP00_SPR00_eagle decor_Exact_Nguyen_280526,AG_02_Exact_eagle decor,,,,,,,,,,Enabled,,250TH_DOORSIGN_250THANNIVERSARY,,,,,,,,,,,
Sponsored Products,Keyword,Create,250TH_DOORSIGN_250THANNIVERSARY_SP00_SPR00_eagle decor_Exact_Nguyen_280526,AG_02_Exact_eagle decor,,,,,,,,,,Enabled,,,,,,,0.6,eagle decor,exact,,,,
Sponsored Products,Ad Group,Create,250TH_DOORSIGN_250THANNIVERSARY_SP00_SPR00_eagle decor_Exact_Nguyen_280526,AG_03_Exact_eagle decor,,,,,,AG_03_Exact_eagle decor,,,,Enabled,,,,,,0.6,,,,,,,
Sponsored Products,Product Ad,Create,250TH_DOORSIGN_250THANNIVERSARY_SP00_SPR00_eagle decor_Exact_Nguyen_280526,AG_03_Exact_eagle decor,,,,,,,,,,Enabled,,250TH_DOORSIGN_250THANNIVERSARY,,,,,,,,,,,
Sponsored Products,Keyword,Create,250TH_DOORSIGN_250THANNIVERSARY_SP00_SPR00_eagle decor_Exact_Nguyen_280526,AG_03_Exact_eagle decor,,,,,,,,,,Enabled,,,,,,,0.6,eagle decor,exact,,,,
Sponsored Products,Campaign,Create,250TH_DOORSIGN_250THANNIVERSARY_SP00_SPR00_patriotic desk decor_Exact_Nguyen_280526,,209757982448080,,,,250TH_DOORSIGN_250THANNIVERSARY_SP00_SPR00_patriotic desk decor_Exact_Nguyen_280526,,20260528,,Manual,Enabled,5.0,,,,,,,,,Dynamic bids - down only,,,
Sponsored Products,Bidding Adjustment,Create,250TH_DOORSIGN_250THANNIVERSARY_SP00_SPR00_patriotic desk decor_Exact_Nguyen_280526,,,,,,,,,,,Enabled,,,,,,,,,,,Placement Top,0,
Sponsored Products,Bidding Adjustment,Create,250TH_DOORSIGN_250THANNIVERSARY_SP00_SPR00_patriotic desk decor_Exact_Nguyen_280526,,,,,,,,,,,Enabled,,,,,,,,,,,Placement Product Page,0,
Sponsored Products,Bidding Adjustment,Create,250TH_DOORSIGN_250THANNIVERSARY_SP00_SPR00_patriotic desk decor_Exact_Nguyen_280526,,,,,,,,,,,Enabled,,,,,,,,,,,Placement Rest Of Search,0,
Sponsored Products,Ad Group,Create,250TH_DOORSIGN_250THANNIVERSARY_SP00_SPR00_patriotic desk decor_Exact_Nguyen_280526,AG_01_Exact_patriotic desk decor,,,,,,AG_01_Exact_patriotic desk decor,,,,Enabled,,,,,,0.6,,,,,,,
Sponsored Products,Product Ad,Create,250TH_DOORSIGN_250THANNIVERSARY_SP00_SPR00_patriotic desk decor_Exact_Nguyen_280526,AG_01_Exact_patriotic desk decor,,,,,,,,,,Enabled,,250TH_DOORSIGN_250THANNIVERSARY,,,,,,,,,,,
Sponsored Products,Keyword,Create,250TH_DOORSIGN_250THANNIVERSARY_SP00_SPR00_patriotic desk decor_Exact_Nguyen_280526,AG_01_Exact_patriotic desk decor,,,,,,,,,,Enabled,,,,,,,0.6,patriotic desk decor,exact,,,,
Sponsored Products,Ad Group,Create,250TH_DOORSIGN_250THANNIVERSARY_SP00_SPR00_patriotic desk decor_Exact_Nguyen_280526,AG_02_Exact_patriotic desk decor,,,,,,AG_02_Exact_patriotic desk decor,,,,Enabled,,,,,,0.6,,,,,,,
Sponsored Products,Product Ad,Create,250TH_DOORSIGN_250THANNIVERSARY_SP00_SPR00_patriotic desk decor_Exact_Nguyen_280526,AG_02_Exact_patriotic desk decor,,,,,,,,,,Enabled,,250TH_DOORSIGN_250THANNIVERSARY,,,,,,,,,,,
Sponsored Products,Keyword,Create,250TH_DOORSIGN_250THANNIVERSARY_SP00_SPR00_patriotic desk decor_Exact_Nguyen_280526,AG_02_Exact_patriotic desk decor,,,,,,,,,,Enabled,,,,,,,0.6,patriotic desk decor,exact,,,,
Sponsored Products,Ad Group,Create,250TH_DOORSIGN_250THANNIVERSARY_SP00_SPR00_patriotic desk decor_Exact_Nguyen_280526,AG_03_Exact_patriotic desk decor,,,,,,AG_03_Exact_patriotic desk decor,,,,Enabled,,,,,,0.6,,,,,,,
Sponsored Products,Product Ad,Create,250TH_DOORSIGN_250THANNIVERSARY_SP00_SPR00_patriotic desk decor_Exact_Nguyen_280526,AG_03_Exact_patriotic desk decor,,,,,,,,,,Enabled,,250TH_DOORSIGN_250THANNIVERSARY,,,,,,,,,,,
Sponsored Products,Keyword,Create,250TH_DOORSIGN_250THANNIVERSARY_SP00_SPR00_patriotic desk decor_Exact_Nguyen_280526,AG_03_Exact_patriotic desk decor,,,,,,,,,,Enabled,,,,,,,0.6,patriotic desk decor,exact,,,,
Sponsored Products,Campaign,Create,250TH_DOORSIGN_250THANNIVERSARY_SP00_SPR00_patriotic office decor_Exact_Nguyen_280526,,209757982448080,,,,250TH_DOORSIGN_250THANNIVERSARY_SP00_SPR00_patriotic office decor_Exact_Nguyen_280526,,20260528,,Manual,Enabled,5.0,,,,,,,,,Dynamic bids - down only,,,
Sponsored Products,Bidding Adjustment,Create,250TH_DOORSIGN_250THANNIVERSARY_SP00_SPR00_patriotic office decor_Exact_Nguyen_280526,,,,,,,,,,,Enabled,,,,,,,,,,,Placement Top,0,
Sponsored Products,Bidding Adjustment,Create,250TH_DOORSIGN_250THANNIVERSARY_SP00_SPR00_patriotic office decor_Exact_Nguyen_280526,,,,,,,,,,,Enabled,,,,,,,,,,,Placement Product Page,0,
Sponsored Products,Bidding Adjustment,Create,250TH_DOORSIGN_250THANNIVERSARY_SP00_SPR00_patriotic office decor_Exact_Nguyen_280526,,,,,,,,,,,Enabled,,,,,,,,,,,Placement Rest Of Search,0,
Sponsored Products,Ad Group,Create,250TH_DOORSIGN_250THANNIVERSARY_SP00_SPR00_patriotic office decor_Exact_Nguyen_280526,AG_01_Exact_patriotic office decor,,,,,,AG_01_Exact_patriotic office decor,,,,Enabled,,,,,,0.6,,,,,,,
Sponsored Products,Product Ad,Create,250TH_DOORSIGN_250THANNIVERSARY_SP00_SPR00_patriotic office decor_Exact_Nguyen_280526,AG_01_Exact_patriotic office decor,,,,,,,,,,Enabled,,250TH_DOORSIGN_250THANNIVERSARY,,,,,,,,,,,
Sponsored Products,Keyword,Create,250TH_DOORSIGN_250THANNIVERSARY_SP00_SPR00_patriotic office decor_Exact_Nguyen_280526,AG_01_Exact_patriotic office decor,,,,,,,,,,Enabled,,,,,,,0.6,patriotic office decor,exact,,,,
Sponsored Products,Ad Group,Create,250TH_DOORSIGN_250THANNIVERSARY_SP00_SPR00_patriotic office decor_Exact_Nguyen_280526,AG_02_Exact_patriotic office decor,,,,,,AG_02_Exact_patriotic office decor,,,,Enabled,,,,,,0.6,,,,,,,
Sponsored Products,Product Ad,Create,250TH_DOORSIGN_250THANNIVERSARY_SP00_SPR00_patriotic office decor_Exact_Nguyen_280526,AG_02_Exact_patriotic office decor,,,,,,,,,,Enabled,,250TH_DOORSIGN_250THANNIVERSARY,,,,,,,,,,,
Sponsored Products,Keyword,Create,250TH_DOORSIGN_250THANNIVERSARY_SP00_SPR00_patriotic office decor_Exact_Nguyen_280526,AG_02_Exact_patriotic office decor,,,,,,,,,,Enabled,,,,,,,0.6,patriotic office decor,exact,,,,
Sponsored Products,Ad Group,Create,250TH_DOORSIGN_250THANNIVERSARY_SP00_SPR00_patriotic office decor_Exact_Nguyen_280526,AG_03_Exact_patriotic office decor,,,,,,AG_03_Exact_patriotic office decor,,,,Enabled,,,,,,0.6,,,,,,,
Sponsored Products,Product Ad,Create,250TH_DOORSIGN_250THANNIVERSARY_SP00_SPR00_patriotic office decor_Exact_Nguyen_280526,AG_03_Exact_patriotic office decor,,,,,,,,,,Enabled,,250TH_DOORSIGN_250THANNIVERSARY,,,,,,,,,,,
Sponsored Products,Keyword,Create,250TH_DOORSIGN_250THANNIVERSARY_SP00_SPR00_patriotic office decor_Exact_Nguyen_280526,AG_03_Exact_patriotic office decor,,,,,,,,,,Enabled,,,,,,,0.6,patriotic office decor,exact,,,,
Sponsored Products,Campaign,Create,250TH_DOORSIGN_250THANNIVERSARY_SP00_SPR00_american flag plaque_Exact_Nguyen_280526,,209757982448080,,,,250TH_DOORSIGN_250THANNIVERSARY_SP00_SPR00_american flag plaque_Exact_Nguyen_280526,,20260528,,Manual,Enabled,5.0,,,,,,,,,Dynamic bids - down only,,,
Sponsored Products,Bidding Adjustment,Create,250TH_DOORSIGN_250THANNIVERSARY_SP00_SPR00_american flag plaque_Exact_Nguyen_280526,,,,,,,,,,,Enabled,,,,,,,,,,,Placement Top,0,
Sponsored Products,Bidding Adjustment,Create,250TH_DOORSIGN_250THANNIVERSARY_SP00_SPR00_american flag plaque_Exact_Nguyen_280526,,,,,,,,,,,Enabled,,,,,,,,,,,Placement Product Page,0,
Sponsored Products,Bidding Adjustment,Create,250TH_DOORSIGN_250THANNIVERSARY_SP00_SPR00_american flag plaque_Exact_Nguyen_280526,,,,,,,,,,,Enabled,,,,,,,,,,,Placement Rest Of Search,0,
Sponsored Products,Ad Group,Create,250TH_DOORSIGN_250THANNIVERSARY_SP00_SPR00_american flag plaque_Exact_Nguyen_280526,AG_01_Exact_american flag plaque,,,,,,AG_01_Exact_american flag plaque,,,,Enabled,,,,,,0.6,,,,,,,
Sponsored Products,Product Ad,Create,250TH_DOORSIGN_250THANNIVERSARY_SP00_SPR00_american flag plaque_Exact_Nguyen_280526,AG_01_Exact_american flag plaque,,,,,,,,,,Enabled,,250TH_DOORSIGN_250THANNIVERSARY,,,,,,,,,,,
Sponsored Products,Keyword,Create,250TH_DOORSIGN_250THANNIVERSARY_SP00_SPR00_american flag plaque_Exact_Nguyen_280526,AG_01_Exact_american flag plaque,,,,,,,,,,Enabled,,,,,,,0.6,american flag plaque,exact,,,,
Sponsored Products,Ad Group,Create,250TH_DOORSIGN_250THANNIVERSARY_SP00_SPR00_american flag plaque_Exact_Nguyen_280526,AG_02_Exact_american flag plaque,,,,,,AG_02_Exact_american flag plaque,,,,Enabled,,,,,,0.6,,,,,,,
Sponsored Products,Product Ad,Create,250TH_DOORSIGN_250THANNIVERSARY_SP00_SPR00_american flag plaque_Exact_Nguyen_280526,AG_02_Exact_american flag plaque,,,,,,,,,,Enabled,,250TH_DOORSIGN_250THANNIVERSARY,,,,,,,,,,,
Sponsored Products,Keyword,Create,250TH_DOORSIGN_250THANNIVERSARY_SP00_SPR00_american flag plaque_Exact_Nguyen_280526,AG_02_Exact_american flag plaque,,,,,,,,,,Enabled,,,,,,,0.6,american flag plaque,exact,,,,
Sponsored Products,Ad Group,Create,250TH_DOORSIGN_250THANNIVERSARY_SP00_SPR00_american flag plaque_Exact_Nguyen_280526,AG_03_Exact_american flag plaque,,,,,,AG_03_Exact_american flag plaque,,,,Enabled,,,,,,0.6,,,,,,,
Sponsored Products,Product Ad,Create,250TH_DOORSIGN_250THANNIVERSARY_SP00_SPR00_american flag plaque_Exact_Nguyen_280526,AG_03_Exact_american flag plaque,,,,,,,,,,Enabled,,250TH_DOORSIGN_250THANNIVERSARY,,,,,,,,,,,
Sponsored Products,Keyword,Create,250TH_DOORSIGN_250THANNIVERSARY_SP00_SPR00_american flag plaque_Exact_Nguyen_280526,AG_03_Exact_american flag plaque,,,,,,,,,,Enabled,,,,,,,0.6,american flag plaque,exact,,,,
Sponsored Products,Campaign,Create,250TH_DOORSIGN_250THANNIVERSARY_SP00_SPR00_american flag desk decor_Exact_Nguyen_280526,,209757982448080,,,,250TH_DOORSIGN_250THANNIVERSARY_SP00_SPR00_american flag desk decor_Exact_Nguyen_280526,,20260528,,Manual,Enabled,5.0,,,,,,,,,Dynamic bids - down only,,,
Sponsored Products,Bidding Adjustment,Create,250TH_DOORSIGN_250THANNIVERSARY_SP00_SPR00_american flag desk decor_Exact_Nguyen_280526,,,,,,,,,,,Enabled,,,,,,,,,,,Placement Top,0,
Sponsored Products,Bidding Adjustment,Create,250TH_DOORSIGN_250THANNIVERSARY_SP00_SPR00_american flag desk decor_Exact_Nguyen_280526,,,,,,,,,,,Enabled,,,,,,,,,,,Placement Product Page,0,
Sponsored Products,Bidding Adjustment,Create,250TH_DOORSIGN_250THANNIVERSARY_SP00_SPR00_american flag desk decor_Exact_Nguyen_280526,,,,,,,,,,,Enabled,,,,,,,,,,,Placement Rest Of Search,0,
Sponsored Products,Ad Group,Create,250TH_DOORSIGN_250THANNIVERSARY_SP00_SPR00_american flag desk decor_Exact_Nguyen_280526,AG_01_Exact_american flag desk decor,,,,,,AG_01_Exact_american flag desk decor,,,,Enabled,,,,,,0.6,,,,,,,
Sponsored Products,Product Ad,Create,250TH_DOORSIGN_250THANNIVERSARY_SP00_SPR00_american flag desk decor_Exact_Nguyen_280526,AG_01_Exact_american flag desk decor,,,,,,,,,,Enabled,,250TH_DOORSIGN_250THANNIVERSARY,,,,,,,,,,,
Sponsored Products,Keyword,Create,250TH_DOORSIGN_250THANNIVERSARY_SP00_SPR00_american flag desk decor_Exact_Nguyen_280526,AG_01_Exact_american flag desk decor,,,,,,,,,,Enabled,,,,,,,0.6,american flag desk decor,exact,,,,
Sponsored Products,Ad Group,Create,250TH_DOORSIGN_250THANNIVERSARY_SP00_SPR00_american flag desk decor_Exact_Nguyen_280526,AG_02_Exact_american flag desk decor,,,,,,AG_02_Exact_american flag desk decor,,,,Enabled,,,,,,0.6,,,,,,,
Sponsored Products,Product Ad,Create,250TH_DOORSIGN_250THANNIVERSARY_SP00_SPR00_american flag desk decor_Exact_Nguyen_280526,AG_02_Exact_american flag desk decor,,,,,,,,,,Enabled,,250TH_DOORSIGN_250THANNIVERSARY,,,,,,,,,,,
Sponsored Products,Keyword,Create,250TH_DOORSIGN_250THANNIVERSARY_SP00_SPR00_american flag desk decor_Exact_Nguyen_280526,AG_02_Exact_american flag desk decor,,,,,,,,,,Enabled,,,,,,,0.6,american flag desk decor,exact,,,,
Sponsored Products,Ad Group,Create,250TH_DOORSIGN_250THANNIVERSARY_SP00_SPR00_american flag desk decor_Exact_Nguyen_280526,AG_03_Exact_american flag desk decor,,,,,,AG_03_Exact_american flag desk decor,,,,Enabled,,,,,,0.6,,,,,,,
Sponsored Products,Product Ad,Create,250TH_DOORSIGN_250THANNIVERSARY_SP00_SPR00_american flag desk decor_Exact_Nguyen_280526,AG_03_Exact_american flag desk decor,,,,,,,,,,Enabled,,250TH_DOORSIGN_250THANNIVERSARY,,,,,,,,,,,
Sponsored Products,Keyword,Create,250TH_DOORSIGN_250THANNIVERSARY_SP00_SPR00_american flag desk decor_Exact_Nguyen_280526,AG_03_Exact_american flag desk decor,,,,,,,,,,Enabled,,,,,,,0.6,american flag desk decor,exact,,,,
Sponsored Products,Campaign,Create,250TH_DOORSIGN_250THANNIVERSARY_SP00_america 250th anniversary door hanger_Phrase_Nguyen_280526,,209757982448080,,,,250TH_DOORSIGN_250THANNIVERSARY_SP00_america 250th anniversary door hanger_Phrase_Nguyen_280526,,20260528,,Manual,Enabled,5.0,,,,,,,,,Dynamic bids - down only,,,
Sponsored Products,Bidding Adjustment,Create,250TH_DOORSIGN_250THANNIVERSARY_SP00_america 250th anniversary door hanger_Phrase_Nguyen_280526,,,,,,,,,,,Enabled,,,,,,,,,,,Placement Top,0,
Sponsored Products,Bidding Adjustment,Create,250TH_DOORSIGN_250THANNIVERSARY_SP00_america 250th anniversary door hanger_Phrase_Nguyen_280526,,,,,,,,,,,Enabled,,,,,,,,,,,Placement Product Page,0,
Sponsored Products,Bidding Adjustment,Create,250TH_DOORSIGN_250THANNIVERSARY_SP00_america 250th anniversary door hanger_Phrase_Nguyen_280526,,,,,,,,,,,Enabled,,,,,,,,,,,Placement Rest Of Search,0,
Sponsored Products,Ad Group,Create,250TH_DOORSIGN_250THANNIVERSARY_SP00_america 250th anniversary door hanger_Phrase_Nguyen_280526,250TH_DOORSIGN_250THANNIVERSARY_SP00_america 250th anniversary door hanger_Phrase_Nguyen_280526,,,,,,america 250th anniversary door hanger,,,,Enabled,,,,,,0.4,,,,,,,
Sponsored Products,Product Ad,Create,250TH_DOORSIGN_250THANNIVERSARY_SP00_america 250th anniversary door hanger_Phrase_Nguyen_280526,250TH_DOORSIGN_250THANNIVERSARY_SP00_america 250th anniversary door hanger_Phrase_Nguyen_280526,,,,,,,,,,Enabled,,250TH_DOORSIGN_250THANNIVERSARY,,,,,,,,,,,
Sponsored Products,Keyword,Create,250TH_DOORSIGN_250THANNIVERSARY_SP00_america 250th anniversary door hanger_Phrase_Nguyen_280526,250TH_DOORSIGN_250THANNIVERSARY_SP00_america 250th anniversary door hanger_Phrase_Nguyen_280526,,,,,,,,,,Enabled,,,,,,,0.4,america 250th anniversary door hanger,phrase,,,,
Sponsored Products,Campaign,Create,250TH_DOORSIGN_250THANNIVERSARY_SP00_america 250 door decor_Phrase_Nguyen_280526,,209757982448080,,,,250TH_DOORSIGN_250THANNIVERSARY_SP00_america 250 door decor_Phrase_Nguyen_280526,,20260528,,Manual,Enabled,5.0,,,,,,,,,Dynamic bids - down only,,,
Sponsored Products,Bidding Adjustment,Create,250TH_DOORSIGN_250THANNIVERSARY_SP00_america 250 door decor_Phrase_Nguyen_280526,,,,,,,,,,,Enabled,,,,,,,,,,,Placement Top,0,
Sponsored Products,Bidding Adjustment,Create,250TH_DOORSIGN_250THANNIVERSARY_SP00_america 250 door decor_Phrase_Nguyen_280526,,,,,,,,,,,Enabled,,,,,,,,,,,Placement Product Page,0,
Sponsored Products,Bidding Adjustment,Create,250TH_DOORSIGN_250THANNIVERSARY_SP00_america 250 door decor_Phrase_Nguyen_280526,,,,,,,,,,,Enabled,,,,,,,,,,,Placement Rest Of Search,0,
Sponsored Products,Ad Group,Create,250TH_DOORSIGN_250THANNIVERSARY_SP00_america 250 door decor_Phrase_Nguyen_280526,250TH_DOORSIGN_250THANNIVERSARY_SP00_america 250 door decor_Phrase_Nguyen_280526,,,,,,america 250 door decor,,,,Enabled,,,,,,0.4,,,,,,,
Sponsored Products,Product Ad,Create,250TH_DOORSIGN_250THANNIVERSARY_SP00_america 250 door decor_Phrase_Nguyen_280526,250TH_DOORSIGN_250THANNIVERSARY_SP00_america 250 door decor_Phrase_Nguyen_280526,,,,,,,,,,Enabled,,250TH_DOORSIGN_250THANNIVERSARY,,,,,,,,,,,
Sponsored Products,Keyword,Create,250TH_DOORSIGN_250THANNIVERSARY_SP00_america 250 door decor_Phrase_Nguyen_280526,250TH_DOORSIGN_250THANNIVERSARY_SP00_america 250 door decor_Phrase_Nguyen_280526,,,,,,,,,,Enabled,,,,,,,0.4,america 250 door decor,phrase,,,,
Sponsored Products,Campaign,Create,250TH_DOORSIGN_250THANNIVERSARY_SP00_250th anniversary decorations_Phrase_Nguyen_280526,,209757982448080,,,,250TH_DOORSIGN_250THANNIVERSARY_SP00_250th anniversary decorations_Phrase_Nguyen_280526,,20260528,,Manual,Enabled,5.0,,,,,,,,,Dynamic bids - down only,,,
Sponsored Products,Bidding Adjustment,Create,250TH_DOORSIGN_250THANNIVERSARY_SP00_250th anniversary decorations_Phrase_Nguyen_280526,,,,,,,,,,,Enabled,,,,,,,,,,,Placement Top,0,
Sponsored Products,Bidding Adjustment,Create,250TH_DOORSIGN_250THANNIVERSARY_SP00_250th anniversary decorations_Phrase_Nguyen_280526,,,,,,,,,,,Enabled,,,,,,,,,,,Placement Product Page,0,
Sponsored Products,Bidding Adjustment,Create,250TH_DOORSIGN_250THANNIVERSARY_SP00_250th anniversary decorations_Phrase_Nguyen_280526,,,,,,,,,,,Enabled,,,,,,,,,,,Placement Rest Of Search,0,
Sponsored Products,Ad Group,Create,250TH_DOORSIGN_250THANNIVERSARY_SP00_250th anniversary decorations_Phrase_Nguyen_280526,250TH_DOORSIGN_250THANNIVERSARY_SP00_250th anniversary decorations_Phrase_Nguyen_280526,,,,,,250th anniversary decorations,,,,Enabled,,,,,,0.4,,,,,,,
Sponsored Products,Product Ad,Create,250TH_DOORSIGN_250THANNIVERSARY_SP00_250th anniversary decorations_Phrase_Nguyen_280526,250TH_DOORSIGN_250THANNIVERSARY_SP00_250th anniversary decorations_Phrase_Nguyen_280526,,,,,,,,,,Enabled,,250TH_DOORSIGN_250THANNIVERSARY,,,,,,,,,,,
Sponsored Products,Keyword,Create,250TH_DOORSIGN_250THANNIVERSARY_SP00_250th anniversary decorations_Phrase_Nguyen_280526,250TH_DOORSIGN_250THANNIVERSARY_SP00_250th anniversary decorations_Phrase_Nguyen_280526,,,,,,,,,,Enabled,,,,,,,0.4,250th anniversary decorations,phrase,,,,
Sponsored Products,Campaign,Create,250TH_DOORSIGN_250THANNIVERSARY_SP00_american eagle decor_Phrase_Nguyen_280526,,209757982448080,,,,250TH_DOORSIGN_250THANNIVERSARY_SP00_american eagle decor_Phrase_Nguyen_280526,,20260528,,Manual,Enabled,5.0,,,,,,,,,Dynamic bids - down only,,,
Sponsored Products,Bidding Adjustment,Create,250TH_DOORSIGN_250THANNIVERSARY_SP00_american eagle decor_Phrase_Nguyen_280526,,,,,,,,,,,Enabled,,,,,,,,,,,Placement Top,0,
Sponsored Products,Bidding Adjustment,Create,250TH_DOORSIGN_250THANNIVERSARY_SP00_american eagle decor_Phrase_Nguyen_280526,,,,,,,,,,,Enabled,,,,,,,,,,,Placement Product Page,0,
Sponsored Products,Bidding Adjustment,Create,250TH_DOORSIGN_250THANNIVERSARY_SP00_american eagle decor_Phrase_Nguyen_280526,,,,,,,,,,,Enabled,,,,,,,,,,,Placement Rest Of Search,0,
Sponsored Products,Ad Group,Create,250TH_DOORSIGN_250THANNIVERSARY_SP00_american eagle decor_Phrase_Nguyen_280526,250TH_DOORSIGN_250THANNIVERSARY_SP00_american eagle decor_Phrase_Nguyen_280526,,,,,,american eagle decor,,,,Enabled,,,,,,0.4,,,,,,,
Sponsored Products,Product Ad,Create,250TH_DOORSIGN_250THANNIVERSARY_SP00_american eagle decor_Phrase_Nguyen_280526,250TH_DOORSIGN_250THANNIVERSARY_SP00_american eagle decor_Phrase_Nguyen_280526,,,,,,,,,,Enabled,,250TH_DOORSIGN_250THANNIVERSARY,,,,,,,,,,,
Sponsored Products,Keyword,Create,250TH_DOORSIGN_250THANNIVERSARY_SP00_american eagle decor_Phrase_Nguyen_280526,250TH_DOORSIGN_250THANNIVERSARY_SP00_american eagle decor_Phrase_Nguyen_280526,,,,,,,,,,Enabled,,,,,,,0.4,american eagle decor,phrase,,,,
Sponsored Products,Campaign,Create,250TH_DOORSIGN_250THANNIVERSARY_SP00_bald eagle decor_Phrase_Nguyen_280526,,209757982448080,,,,250TH_DOORSIGN_250THANNIVERSARY_SP00_bald eagle decor_Phrase_Nguyen_280526,,20260528,,Manual,Enabled,5.0,,,,,,,,,Dynamic bids - down only,,,
Sponsored Products,Bidding Adjustment,Create,250TH_DOORSIGN_250THANNIVERSARY_SP00_bald eagle decor_Phrase_Nguyen_280526,,,,,,,,,,,Enabled,,,,,,,,,,,Placement Top,0,
Sponsored Products,Bidding Adjustment,Create,250TH_DOORSIGN_250THANNIVERSARY_SP00_bald eagle decor_Phrase_Nguyen_280526,,,,,,,,,,,Enabled,,,,,,,,,,,Placement Product Page,0,
Sponsored Products,Bidding Adjustment,Create,250TH_DOORSIGN_250THANNIVERSARY_SP00_bald eagle decor_Phrase_Nguyen_280526,,,,,,,,,,,Enabled,,,,,,,,,,,Placement Rest Of Search,0,
Sponsored Products,Ad Group,Create,250TH_DOORSIGN_250THANNIVERSARY_SP00_bald eagle decor_Phrase_Nguyen_280526,250TH_DOORSIGN_250THANNIVERSARY_SP00_bald eagle decor_Phrase_Nguyen_280526,,,,,,bald eagle decor,,,,Enabled,,,,,,0.4,,,,,,,
Sponsored Products,Product Ad,Create,250TH_DOORSIGN_250THANNIVERSARY_SP00_bald eagle decor_Phrase_Nguyen_280526,250TH_DOORSIGN_250THANNIVERSARY_SP00_bald eagle decor_Phrase_Nguyen_280526,,,,,,,,,,Enabled,,250TH_DOORSIGN_250THANNIVERSARY,,,,,,,,,,,
Sponsored Products,Keyword,Create,250TH_DOORSIGN_250THANNIVERSARY_SP00_bald eagle decor_Phrase_Nguyen_280526,250TH_DOORSIGN_250THANNIVERSARY_SP00_bald eagle decor_Phrase_Nguyen_280526,,,,,,,,,,Enabled,,,,,,,0.4,bald eagle decor,phrase,,,,
Sponsored Products,Campaign,Create,250TH_DOORSIGN_250THANNIVERSARY_SP00_eagle decor_Phrase_Nguyen_280526,,209757982448080,,,,250TH_DOORSIGN_250THANNIVERSARY_SP00_eagle decor_Phrase_Nguyen_280526,,20260528,,Manual,Enabled,5.0,,,,,,,,,Dynamic bids - down only,,,
Sponsored Products,Bidding Adjustment,Create,250TH_DOORSIGN_250THANNIVERSARY_SP00_eagle decor_Phrase_Nguyen_280526,,,,,,,,,,,Enabled,,,,,,,,,,,Placement Top,0,
Sponsored Products,Bidding Adjustment,Create,250TH_DOORSIGN_250THANNIVERSARY_SP00_eagle decor_Phrase_Nguyen_280526,,,,,,,,,,,Enabled,,,,,,,,,,,Placement Product Page,0,
Sponsored Products,Bidding Adjustment,Create,250TH_DOORSIGN_250THANNIVERSARY_SP00_eagle decor_Phrase_Nguyen_280526,,,,,,,,,,,Enabled,,,,,,,,,,,Placement Rest Of Search,0,
Sponsored Products,Ad Group,Create,250TH_DOORSIGN_250THANNIVERSARY_SP00_eagle decor_Phrase_Nguyen_280526,250TH_DOORSIGN_250THANNIVERSARY_SP00_eagle decor_Phrase_Nguyen_280526,,,,,,eagle decor,,,,Enabled,,,,,,0.4,,,,,,,
Sponsored Products,Product Ad,Create,250TH_DOORSIGN_250THANNIVERSARY_SP00_eagle decor_Phrase_Nguyen_280526,250TH_DOORSIGN_250THANNIVERSARY_SP00_eagle decor_Phrase_Nguyen_280526,,,,,,,,,,Enabled,,250TH_DOORSIGN_250THANNIVERSARY,,,,,,,,,,,
Sponsored Products,Keyword,Create,250TH_DOORSIGN_250THANNIVERSARY_SP00_eagle decor_Phrase_Nguyen_280526,250TH_DOORSIGN_250THANNIVERSARY_SP00_eagle decor_Phrase_Nguyen_280526,,,,,,,,,,Enabled,,,,,,,0.4,eagle decor,phrase,,,,
Sponsored Products,Campaign,Create,250TH_DOORSIGN_250THANNIVERSARY_SP00_patriotic desk decor_Phrase_Nguyen_280526,,209757982448080,,,,250TH_DOORSIGN_250THANNIVERSARY_SP00_patriotic desk decor_Phrase_Nguyen_280526,,20260528,,Manual,Enabled,5.0,,,,,,,,,Dynamic bids - down only,,,
Sponsored Products,Bidding Adjustment,Create,250TH_DOORSIGN_250THANNIVERSARY_SP00_patriotic desk decor_Phrase_Nguyen_280526,,,,,,,,,,,Enabled,,,,,,,,,,,Placement Top,0,
Sponsored Products,Bidding Adjustment,Create,250TH_DOORSIGN_250THANNIVERSARY_SP00_patriotic desk decor_Phrase_Nguyen_280526,,,,,,,,,,,Enabled,,,,,,,,,,,Placement Product Page,0,
Sponsored Products,Bidding Adjustment,Create,250TH_DOORSIGN_250THANNIVERSARY_SP00_patriotic desk decor_Phrase_Nguyen_280526,,,,,,,,,,,Enabled,,,,,,,,,,,Placement Rest Of Search,0,
Sponsored Products,Ad Group,Create,250TH_DOORSIGN_250THANNIVERSARY_SP00_patriotic desk decor_Phrase_Nguyen_280526,250TH_DOORSIGN_250THANNIVERSARY_SP00_patriotic desk decor_Phrase_Nguyen_280526,,,,,,patriotic desk decor,,,,Enabled,,,,,,0.4,,,,,,,
Sponsored Products,Product Ad,Create,250TH_DOORSIGN_250THANNIVERSARY_SP00_patriotic desk decor_Phrase_Nguyen_280526,250TH_DOORSIGN_250THANNIVERSARY_SP00_patriotic desk decor_Phrase_Nguyen_280526,,,,,,,,,,Enabled,,250TH_DOORSIGN_250THANNIVERSARY,,,,,,,,,,,
Sponsored Products,Keyword,Create,250TH_DOORSIGN_250THANNIVERSARY_SP00_patriotic desk decor_Phrase_Nguyen_280526,250TH_DOORSIGN_250THANNIVERSARY_SP00_patriotic desk decor_Phrase_Nguyen_280526,,,,,,,,,,Enabled,,,,,,,0.4,patriotic desk decor,phrase,,,,
Sponsored Products,Campaign,Create,250TH_DOORSIGN_250THANNIVERSARY_SP00_patriotic office decor_Phrase_Nguyen_280526,,209757982448080,,,,250TH_DOORSIGN_250THANNIVERSARY_SP00_patriotic office decor_Phrase_Nguyen_280526,,20260528,,Manual,Enabled,5.0,,,,,,,,,Dynamic bids - down only,,,
Sponsored Products,Bidding Adjustment,Create,250TH_DOORSIGN_250THANNIVERSARY_SP00_patriotic office decor_Phrase_Nguyen_280526,,,,,,,,,,,Enabled,,,,,,,,,,,Placement Top,0,
Sponsored Products,Bidding Adjustment,Create,250TH_DOORSIGN_250THANNIVERSARY_SP00_patriotic office decor_Phrase_Nguyen_280526,,,,,,,,,,,Enabled,,,,,,,,,,,Placement Product Page,0,
Sponsored Products,Bidding Adjustment,Create,250TH_DOORSIGN_250THANNIVERSARY_SP00_patriotic office decor_Phrase_Nguyen_280526,,,,,,,,,,,Enabled,,,,,,,,,,,Placement Rest Of Search,0,
Sponsored Products,Ad Group,Create,250TH_DOORSIGN_250THANNIVERSARY_SP00_patriotic office decor_Phrase_Nguyen_280526,250TH_DOORSIGN_250THANNIVERSARY_SP00_patriotic office decor_Phrase_Nguyen_280526,,,,,,patriotic office decor,,,,Enabled,,,,,,0.4,,,,,,,
Sponsored Products,Product Ad,Create,250TH_DOORSIGN_250THANNIVERSARY_SP00_patriotic office decor_Phrase_Nguyen_280526,250TH_DOORSIGN_250THANNIVERSARY_SP00_patriotic office decor_Phrase_Nguyen_280526,,,,,,,,,,Enabled,,250TH_DOORSIGN_250THANNIVERSARY,,,,,,,,,,,
Sponsored Products,Keyword,Create,250TH_DOORSIGN_250THANNIVERSARY_SP00_patriotic office decor_Phrase_Nguyen_280526,250TH_DOORSIGN_250THANNIVERSARY_SP00_patriotic office decor_Phrase_Nguyen_280526,,,,,,,,,,Enabled,,,,,,,0.4,patriotic office decor,phrase,,,,
Sponsored Products,Campaign,Create,250TH_DOORSIGN_250THANNIVERSARY_SP00_american flag plaque_Phrase_Nguyen_280526,,209757982448080,,,,250TH_DOORSIGN_250THANNIVERSARY_SP00_american flag plaque_Phrase_Nguyen_280526,,20260528,,Manual,Enabled,5.0,,,,,,,,,Dynamic bids - down only,,,
Sponsored Products,Bidding Adjustment,Create,250TH_DOORSIGN_250THANNIVERSARY_SP00_american flag plaque_Phrase_Nguyen_280526,,,,,,,,,,,Enabled,,,,,,,,,,,Placement Top,0,
Sponsored Products,Bidding Adjustment,Create,250TH_DOORSIGN_250THANNIVERSARY_SP00_american flag plaque_Phrase_Nguyen_280526,,,,,,,,,,,Enabled,,,,,,,,,,,Placement Product Page,0,
Sponsored Products,Bidding Adjustment,Create,250TH_DOORSIGN_250THANNIVERSARY_SP00_american flag plaque_Phrase_Nguyen_280526,,,,,,,,,,,Enabled,,,,,,,,,,,Placement Rest Of Search,0,
Sponsored Products,Ad Group,Create,250TH_DOORSIGN_250THANNIVERSARY_SP00_american flag plaque_Phrase_Nguyen_280526,250TH_DOORSIGN_250THANNIVERSARY_SP00_american flag plaque_Phrase_Nguyen_280526,,,,,,american flag plaque,,,,Enabled,,,,,,0.4,,,,,,,
Sponsored Products,Product Ad,Create,250TH_DOORSIGN_250THANNIVERSARY_SP00_american flag plaque_Phrase_Nguyen_280526,250TH_DOORSIGN_250THANNIVERSARY_SP00_american flag plaque_Phrase_Nguyen_280526,,,,,,,,,,Enabled,,250TH_DOORSIGN_250THANNIVERSARY,,,,,,,,,,,
Sponsored Products,Keyword,Create,250TH_DOORSIGN_250THANNIVERSARY_SP00_american flag plaque_Phrase_Nguyen_280526,250TH_DOORSIGN_250THANNIVERSARY_SP00_american flag plaque_Phrase_Nguyen_280526,,,,,,,,,,Enabled,,,,,,,0.4,american flag plaque,phrase,,,,
Sponsored Products,Campaign,Create,250TH_DOORSIGN_250THANNIVERSARY_SP00_american flag desk decor_Phrase_Nguyen_280526,,209757982448080,,,,250TH_DOORSIGN_250THANNIVERSARY_SP00_american flag desk decor_Phrase_Nguyen_280526,,20260528,,Manual,Enabled,5.0,,,,,,,,,Dynamic bids - down only,,,
Sponsored Products,Bidding Adjustment,Create,250TH_DOORSIGN_250THANNIVERSARY_SP00_american flag desk decor_Phrase_Nguyen_280526,,,,,,,,,,,Enabled,,,,,,,,,,,Placement Top,0,
Sponsored Products,Bidding Adjustment,Create,250TH_DOORSIGN_250THANNIVERSARY_SP00_american flag desk decor_Phrase_Nguyen_280526,,,,,,,,,,,Enabled,,,,,,,,,,,Placement Product Page,0,
Sponsored Products,Bidding Adjustment,Create,250TH_DOORSIGN_250THANNIVERSARY_SP00_american flag desk decor_Phrase_Nguyen_280526,,,,,,,,,,,Enabled,,,,,,,,,,,Placement Rest Of Search,0,
Sponsored Products,Ad Group,Create,250TH_DOORSIGN_250THANNIVERSARY_SP00_american flag desk decor_Phrase_Nguyen_280526,250TH_DOORSIGN_250THANNIVERSARY_SP00_american flag desk decor_Phrase_Nguyen_280526,,,,,,american flag desk decor,,,,Enabled,,,,,,0.4,,,,,,,
Sponsored Products,Product Ad,Create,250TH_DOORSIGN_250THANNIVERSARY_SP00_american flag desk decor_Phrase_Nguyen_280526,250TH_DOORSIGN_250THANNIVERSARY_SP00_american flag desk decor_Phrase_Nguyen_280526,,,,,,,,,,Enabled,,250TH_DOORSIGN_250THANNIVERSARY,,,,,,,,,,,
Sponsored Products,Keyword,Create,250TH_DOORSIGN_250THANNIVERSARY_SP00_american flag desk decor_Phrase_Nguyen_280526,250TH_DOORSIGN_250THANNIVERSARY_SP00_american flag desk decor_Phrase_Nguyen_280526,,,,,,,,,,Enabled,,,,,,,0.4,american flag desk decor,phrase,,,,
Sponsored Products,Campaign,Create,250TH_DOORSIGN_250THANNIVERSARY_SP00_america 250th anniversary door hanger_Broad_Nguyen_280526,,209757982448080,,,,250TH_DOORSIGN_250THANNIVERSARY_SP00_america 250th anniversary door hanger_Broad_Nguyen_280526,,20260528,,Manual,Enabled,5.0,,,,,,,,,Dynamic bids - down only,,,
Sponsored Products,Bidding Adjustment,Create,250TH_DOORSIGN_250THANNIVERSARY_SP00_america 250th anniversary door hanger_Broad_Nguyen_280526,,,,,,,,,,,Enabled,,,,,,,,,,,Placement Top,0,
Sponsored Products,Bidding Adjustment,Create,250TH_DOORSIGN_250THANNIVERSARY_SP00_america 250th anniversary door hanger_Broad_Nguyen_280526,,,,,,,,,,,Enabled,,,,,,,,,,,Placement Product Page,0,
Sponsored Products,Bidding Adjustment,Create,250TH_DOORSIGN_250THANNIVERSARY_SP00_america 250th anniversary door hanger_Broad_Nguyen_280526,,,,,,,,,,,Enabled,,,,,,,,,,,Placement Rest Of Search,0,
Sponsored Products,Ad Group,Create,250TH_DOORSIGN_250THANNIVERSARY_SP00_america 250th anniversary door hanger_Broad_Nguyen_280526,250TH_DOORSIGN_250THANNIVERSARY_SP00_america 250th anniversary door hanger_Broad_Nguyen_280526,,,,,,america 250th anniversary door hanger,,,,Enabled,,,,,,0.3,,,,,,,
Sponsored Products,Product Ad,Create,250TH_DOORSIGN_250THANNIVERSARY_SP00_america 250th anniversary door hanger_Broad_Nguyen_280526,250TH_DOORSIGN_250THANNIVERSARY_SP00_america 250th anniversary door hanger_Broad_Nguyen_280526,,,,,,,,,,Enabled,,250TH_DOORSIGN_250THANNIVERSARY,,,,,,,,,,,
Sponsored Products,Keyword,Create,250TH_DOORSIGN_250THANNIVERSARY_SP00_america 250th anniversary door hanger_Broad_Nguyen_280526,250TH_DOORSIGN_250THANNIVERSARY_SP00_america 250th anniversary door hanger_Broad_Nguyen_280526,,,,,,,,,,Enabled,,,,,,,0.3,america 250th anniversary door hanger,broad,,,,
Sponsored Products,Campaign,Create,250TH_DOORSIGN_250THANNIVERSARY_SP00_america 250 door decor_Broad_Nguyen_280526,,209757982448080,,,,250TH_DOORSIGN_250THANNIVERSARY_SP00_america 250 door decor_Broad_Nguyen_280526,,20260528,,Manual,Enabled,5.0,,,,,,,,,Dynamic bids - down only,,,
Sponsored Products,Bidding Adjustment,Create,250TH_DOORSIGN_250THANNIVERSARY_SP00_america 250 door decor_Broad_Nguyen_280526,,,,,,,,,,,Enabled,,,,,,,,,,,Placement Top,0,
Sponsored Products,Bidding Adjustment,Create,250TH_DOORSIGN_250THANNIVERSARY_SP00_america 250 door decor_Broad_Nguyen_280526,,,,,,,,,,,Enabled,,,,,,,,,,,Placement Product Page,0,
Sponsored Products,Bidding Adjustment,Create,250TH_DOORSIGN_250THANNIVERSARY_SP00_america 250 door decor_Broad_Nguyen_280526,,,,,,,,,,,Enabled,,,,,,,,,,,Placement Rest Of Search,0,
Sponsored Products,Ad Group,Create,250TH_DOORSIGN_250THANNIVERSARY_SP00_america 250 door decor_Broad_Nguyen_280526,250TH_DOORSIGN_250THANNIVERSARY_SP00_america 250 door decor_Broad_Nguyen_280526,,,,,,america 250 door decor,,,,Enabled,,,,,,0.3,,,,,,,
Sponsored Products,Product Ad,Create,250TH_DOORSIGN_250THANNIVERSARY_SP00_america 250 door decor_Broad_Nguyen_280526,250TH_DOORSIGN_250THANNIVERSARY_SP00_america 250 door decor_Broad_Nguyen_280526,,,,,,,,,,Enabled,,250TH_DOORSIGN_250THANNIVERSARY,,,,,,,,,,,
Sponsored Products,Keyword,Create,250TH_DOORSIGN_250THANNIVERSARY_SP00_america 250 door decor_Broad_Nguyen_280526,250TH_DOORSIGN_250THANNIVERSARY_SP00_america 250 door decor_Broad_Nguyen_280526,,,,,,,,,,Enabled,,,,,,,0.3,america 250 door decor,broad,,,,
Sponsored Products,Campaign,Create,250TH_DOORSIGN_250THANNIVERSARY_SP00_250th anniversary decorations_Broad_Nguyen_280526,,209757982448080,,,,250TH_DOORSIGN_250THANNIVERSARY_SP00_250th anniversary decorations_Broad_Nguyen_280526,,20260528,,Manual,Enabled,5.0,,,,,,,,,Dynamic bids - down only,,,
Sponsored Products,Bidding Adjustment,Create,250TH_DOORSIGN_250THANNIVERSARY_SP00_250th anniversary decorations_Broad_Nguyen_280526,,,,,,,,,,,Enabled,,,,,,,,,,,Placement Top,0,
Sponsored Products,Bidding Adjustment,Create,250TH_DOORSIGN_250THANNIVERSARY_SP00_250th anniversary decorations_Broad_Nguyen_280526,,,,,,,,,,,Enabled,,,,,,,,,,,Placement Product Page,0,
Sponsored Products,Bidding Adjustment,Create,250TH_DOORSIGN_250THANNIVERSARY_SP00_250th anniversary decorations_Broad_Nguyen_280526,,,,,,,,,,,Enabled,,,,,,,,,,,Placement Rest Of Search,0,
Sponsored Products,Ad Group,Create,250TH_DOORSIGN_250THANNIVERSARY_SP00_250th anniversary decorations_Broad_Nguyen_280526,250TH_DOORSIGN_250THANNIVERSARY_SP00_250th anniversary decorations_Broad_Nguyen_280526,,,,,,250th anniversary decorations,,,,Enabled,,,,,,0.3,,,,,,,
Sponsored Products,Product Ad,Create,250TH_DOORSIGN_250THANNIVERSARY_SP00_250th anniversary decorations_Broad_Nguyen_280526,250TH_DOORSIGN_250THANNIVERSARY_SP00_250th anniversary decorations_Broad_Nguyen_280526,,,,,,,,,,Enabled,,250TH_DOORSIGN_250THANNIVERSARY,,,,,,,,,,,
Sponsored Products,Keyword,Create,250TH_DOORSIGN_250THANNIVERSARY_SP00_250th anniversary decorations_Broad_Nguyen_280526,250TH_DOORSIGN_250THANNIVERSARY_SP00_250th anniversary decorations_Broad_Nguyen_280526,,,,,,,,,,Enabled,,,,,,,0.3,250th anniversary decorations,broad,,,,
Sponsored Products,Campaign,Create,250TH_DOORSIGN_250THANNIVERSARY_SP00_american eagle decor_Broad_Nguyen_280526,,209757982448080,,,,250TH_DOORSIGN_250THANNIVERSARY_SP00_american eagle decor_Broad_Nguyen_280526,,20260528,,Manual,Enabled,5.0,,,,,,,,,Dynamic bids - down only,,,
Sponsored Products,Bidding Adjustment,Create,250TH_DOORSIGN_250THANNIVERSARY_SP00_american eagle decor_Broad_Nguyen_280526,,,,,,,,,,,Enabled,,,,,,,,,,,Placement Top,0,
Sponsored Products,Bidding Adjustment,Create,250TH_DOORSIGN_250THANNIVERSARY_SP00_american eagle decor_Broad_Nguyen_280526,,,,,,,,,,,Enabled,,,,,,,,,,,Placement Product Page,0,
Sponsored Products,Bidding Adjustment,Create,250TH_DOORSIGN_250THANNIVERSARY_SP00_american eagle decor_Broad_Nguyen_280526,,,,,,,,,,,Enabled,,,,,,,,,,,Placement Rest Of Search,0,
Sponsored Products,Ad Group,Create,250TH_DOORSIGN_250THANNIVERSARY_SP00_american eagle decor_Broad_Nguyen_280526,250TH_DOORSIGN_250THANNIVERSARY_SP00_american eagle decor_Broad_Nguyen_280526,,,,,,american eagle decor,,,,Enabled,,,,,,0.3,,,,,,,
Sponsored Products,Product Ad,Create,250TH_DOORSIGN_250THANNIVERSARY_SP00_american eagle decor_Broad_Nguyen_280526,250TH_DOORSIGN_250THANNIVERSARY_SP00_american eagle decor_Broad_Nguyen_280526,,,,,,,,,,Enabled,,250TH_DOORSIGN_250THANNIVERSARY,,,,,,,,,,,
Sponsored Products,Keyword,Create,250TH_DOORSIGN_250THANNIVERSARY_SP00_american eagle decor_Broad_Nguyen_280526,250TH_DOORSIGN_250THANNIVERSARY_SP00_american eagle decor_Broad_Nguyen_280526,,,,,,,,,,Enabled,,,,,,,0.3,american eagle decor,broad,,,,
Sponsored Products,Campaign,Create,250TH_DOORSIGN_250THANNIVERSARY_SP00_bald eagle decor_Broad_Nguyen_280526,,209757982448080,,,,250TH_DOORSIGN_250THANNIVERSARY_SP00_bald eagle decor_Broad_Nguyen_280526,,20260528,,Manual,Enabled,5.0,,,,,,,,,Dynamic bids - down only,,,
Sponsored Products,Bidding Adjustment,Create,250TH_DOORSIGN_250THANNIVERSARY_SP00_bald eagle decor_Broad_Nguyen_280526,,,,,,,,,,,Enabled,,,,,,,,,,,Placement Top,0,
Sponsored Products,Bidding Adjustment,Create,250TH_DOORSIGN_250THANNIVERSARY_SP00_bald eagle decor_Broad_Nguyen_280526,,,,,,,,,,,Enabled,,,,,,,,,,,Placement Product Page,0,
Sponsored Products,Bidding Adjustment,Create,250TH_DOORSIGN_250THANNIVERSARY_SP00_bald eagle decor_Broad_Nguyen_280526,,,,,,,,,,,Enabled,,,,,,,,,,,Placement Rest Of Search,0,
Sponsored Products,Ad Group,Create,250TH_DOORSIGN_250THANNIVERSARY_SP00_bald eagle decor_Broad_Nguyen_280526,250TH_DOORSIGN_250THANNIVERSARY_SP00_bald eagle decor_Broad_Nguyen_280526,,,,,,bald eagle decor,,,,Enabled,,,,,,0.3,,,,,,,
Sponsored Products,Product Ad,Create,250TH_DOORSIGN_250THANNIVERSARY_SP00_bald eagle decor_Broad_Nguyen_280526,250TH_DOORSIGN_250THANNIVERSARY_SP00_bald eagle decor_Broad_Nguyen_280526,,,,,,,,,,Enabled,,250TH_DOORSIGN_250THANNIVERSARY,,,,,,,,,,,
Sponsored Products,Keyword,Create,250TH_DOORSIGN_250THANNIVERSARY_SP00_bald eagle decor_Broad_Nguyen_280526,250TH_DOORSIGN_250THANNIVERSARY_SP00_bald eagle decor_Broad_Nguyen_280526,,,,,,,,,,Enabled,,,,,,,0.3,bald eagle decor,broad,,,,
Sponsored Products,Campaign,Create,250TH_DOORSIGN_250THANNIVERSARY_SP00_eagle decor_Broad_Nguyen_280526,,209757982448080,,,,250TH_DOORSIGN_250THANNIVERSARY_SP00_eagle decor_Broad_Nguyen_280526,,20260528,,Manual,Enabled,5.0,,,,,,,,,Dynamic bids - down only,,,
Sponsored Products,Bidding Adjustment,Create,250TH_DOORSIGN_250THANNIVERSARY_SP00_eagle decor_Broad_Nguyen_280526,,,,,,,,,,,Enabled,,,,,,,,,,,Placement Top,0,
Sponsored Products,Bidding Adjustment,Create,250TH_DOORSIGN_250THANNIVERSARY_SP00_eagle decor_Broad_Nguyen_280526,,,,,,,,,,,Enabled,,,,,,,,,,,Placement Product Page,0,
Sponsored Products,Bidding Adjustment,Create,250TH_DOORSIGN_250THANNIVERSARY_SP00_eagle decor_Broad_Nguyen_280526,,,,,,,,,,,Enabled,,,,,,,,,,,Placement Rest Of Search,0,
Sponsored Products,Ad Group,Create,250TH_DOORSIGN_250THANNIVERSARY_SP00_eagle decor_Broad_Nguyen_280526,250TH_DOORSIGN_250THANNIVERSARY_SP00_eagle decor_Broad_Nguyen_280526,,,,,,eagle decor,,,,Enabled,,,,,,0.3,,,,,,,
Sponsored Products,Product Ad,Create,250TH_DOORSIGN_250THANNIVERSARY_SP00_eagle decor_Broad_Nguyen_280526,250TH_DOORSIGN_250THANNIVERSARY_SP00_eagle decor_Broad_Nguyen_280526,,,,,,,,,,Enabled,,250TH_DOORSIGN_250THANNIVERSARY,,,,,,,,,,,
Sponsored Products,Keyword,Create,250TH_DOORSIGN_250THANNIVERSARY_SP00_eagle decor_Broad_Nguyen_280526,250TH_DOORSIGN_250THANNIVERSARY_SP00_eagle decor_Broad_Nguyen_280526,,,,,,,,,,Enabled,,,,,,,0.3,eagle decor,broad,,,,
Sponsored Products,Campaign,Create,250TH_DOORSIGN_250THANNIVERSARY_SP00_patriotic desk decor_Broad_Nguyen_280526,,209757982448080,,,,250TH_DOORSIGN_250THANNIVERSARY_SP00_patriotic desk decor_Broad_Nguyen_280526,,20260528,,Manual,Enabled,5.0,,,,,,,,,Dynamic bids - down only,,,
Sponsored Products,Bidding Adjustment,Create,250TH_DOORSIGN_250THANNIVERSARY_SP00_patriotic desk decor_Broad_Nguyen_280526,,,,,,,,,,,Enabled,,,,,,,,,,,Placement Top,0,
Sponsored Products,Bidding Adjustment,Create,250TH_DOORSIGN_250THANNIVERSARY_SP00_patriotic desk decor_Broad_Nguyen_280526,,,,,,,,,,,Enabled,,,,,,,,,,,Placement Product Page,0,
Sponsored Products,Bidding Adjustment,Create,250TH_DOORSIGN_250THANNIVERSARY_SP00_patriotic desk decor_Broad_Nguyen_280526,,,,,,,,,,,Enabled,,,,,,,,,,,Placement Rest Of Search,0,
Sponsored Products,Ad Group,Create,250TH_DOORSIGN_250THANNIVERSARY_SP00_patriotic desk decor_Broad_Nguyen_280526,250TH_DOORSIGN_250THANNIVERSARY_SP00_patriotic desk decor_Broad_Nguyen_280526,,,,,,patriotic desk decor,,,,Enabled,,,,,,0.3,,,,,,,
Sponsored Products,Product Ad,Create,250TH_DOORSIGN_250THANNIVERSARY_SP00_patriotic desk decor_Broad_Nguyen_280526,250TH_DOORSIGN_250THANNIVERSARY_SP00_patriotic desk decor_Broad_Nguyen_280526,,,,,,,,,,Enabled,,250TH_DOORSIGN_250THANNIVERSARY,,,,,,,,,,,
Sponsored Products,Keyword,Create,250TH_DOORSIGN_250THANNIVERSARY_SP00_patriotic desk decor_Broad_Nguyen_280526,250TH_DOORSIGN_250THANNIVERSARY_SP00_patriotic desk decor_Broad_Nguyen_280526,,,,,,,,,,Enabled,,,,,,,0.3,patriotic desk decor,broad,,,,
Sponsored Products,Campaign,Create,250TH_DOORSIGN_250THANNIVERSARY_SP00_patriotic office decor_Broad_Nguyen_280526,,209757982448080,,,,250TH_DOORSIGN_250THANNIVERSARY_SP00_patriotic office decor_Broad_Nguyen_280526,,20260528,,Manual,Enabled,5.0,,,,,,,,,Dynamic bids - down only,,,
Sponsored Products,Bidding Adjustment,Create,250TH_DOORSIGN_250THANNIVERSARY_SP00_patriotic office decor_Broad_Nguyen_280526,,,,,,,,,,,Enabled,,,,,,,,,,,Placement Top,0,
Sponsored Products,Bidding Adjustment,Create,250TH_DOORSIGN_250THANNIVERSARY_SP00_patriotic office decor_Broad_Nguyen_280526,,,,,,,,,,,Enabled,,,,,,,,,,,Placement Product Page,0,
Sponsored Products,Bidding Adjustment,Create,250TH_DOORSIGN_250THANNIVERSARY_SP00_patriotic office decor_Broad_Nguyen_280526,,,,,,,,,,,Enabled,,,,,,,,,,,Placement Rest Of Search,0,
Sponsored Products,Ad Group,Create,250TH_DOORSIGN_250THANNIVERSARY_SP00_patriotic office decor_Broad_Nguyen_280526,250TH_DOORSIGN_250THANNIVERSARY_SP00_patriotic office decor_Broad_Nguyen_280526,,,,,,patriotic office decor,,,,Enabled,,,,,,0.3,,,,,,,
Sponsored Products,Product Ad,Create,250TH_DOORSIGN_250THANNIVERSARY_SP00_patriotic office decor_Broad_Nguyen_280526,250TH_DOORSIGN_250THANNIVERSARY_SP00_patriotic office decor_Broad_Nguyen_280526,,,,,,,,,,Enabled,,250TH_DOORSIGN_250THANNIVERSARY,,,,,,,,,,,
Sponsored Products,Keyword,Create,250TH_DOORSIGN_250THANNIVERSARY_SP00_patriotic office decor_Broad_Nguyen_280526,250TH_DOORSIGN_250THANNIVERSARY_SP00_patriotic office decor_Broad_Nguyen_280526,,,,,,,,,,Enabled,,,,,,,0.3,patriotic office decor,broad,,,,
Sponsored Products,Campaign,Create,250TH_DOORSIGN_250THANNIVERSARY_SP00_american flag plaque_Broad_Nguyen_280526,,209757982448080,,,,250TH_DOORSIGN_250THANNIVERSARY_SP00_american flag plaque_Broad_Nguyen_280526,,20260528,,Manual,Enabled,5.0,,,,,,,,,Dynamic bids - down only,,,
Sponsored Products,Bidding Adjustment,Create,250TH_DOORSIGN_250THANNIVERSARY_SP00_american flag plaque_Broad_Nguyen_280526,,,,,,,,,,,Enabled,,,,,,,,,,,Placement Top,0,
Sponsored Products,Bidding Adjustment,Create,250TH_DOORSIGN_250THANNIVERSARY_SP00_american flag plaque_Broad_Nguyen_280526,,,,,,,,,,,Enabled,,,,,,,,,,,Placement Product Page,0,
Sponsored Products,Bidding Adjustment,Create,250TH_DOORSIGN_250THANNIVERSARY_SP00_american flag plaque_Broad_Nguyen_280526,,,,,,,,,,,Enabled,,,,,,,,,,,Placement Rest Of Search,0,
Sponsored Products,Ad Group,Create,250TH_DOORSIGN_250THANNIVERSARY_SP00_american flag plaque_Broad_Nguyen_280526,250TH_DOORSIGN_250THANNIVERSARY_SP00_american flag plaque_Broad_Nguyen_280526,,,,,,american flag plaque,,,,Enabled,,,,,,0.3,,,,,,,
Sponsored Products,Product Ad,Create,250TH_DOORSIGN_250THANNIVERSARY_SP00_american flag plaque_Broad_Nguyen_280526,250TH_DOORSIGN_250THANNIVERSARY_SP00_american flag plaque_Broad_Nguyen_280526,,,,,,,,,,Enabled,,250TH_DOORSIGN_250THANNIVERSARY,,,,,,,,,,,
Sponsored Products,Keyword,Create,250TH_DOORSIGN_250THANNIVERSARY_SP00_american flag plaque_Broad_Nguyen_280526,250TH_DOORSIGN_250THANNIVERSARY_SP00_american flag plaque_Broad_Nguyen_280526,,,,,,,,,,Enabled,,,,,,,0.3,american flag plaque,broad,,,,
Sponsored Products,Campaign,Create,250TH_DOORSIGN_250THANNIVERSARY_SP00_american flag desk decor_Broad_Nguyen_280526,,209757982448080,,,,250TH_DOORSIGN_250THANNIVERSARY_SP00_american flag desk decor_Broad_Nguyen_280526,,20260528,,Manual,Enabled,5.0,,,,,,,,,Dynamic bids - down only,,,
Sponsored Products,Bidding Adjustment,Create,250TH_DOORSIGN_250THANNIVERSARY_SP00_american flag desk decor_Broad_Nguyen_280526,,,,,,,,,,,Enabled,,,,,,,,,,,Placement Top,0,
Sponsored Products,Bidding Adjustment,Create,250TH_DOORSIGN_250THANNIVERSARY_SP00_american flag desk decor_Broad_Nguyen_280526,,,,,,,,,,,Enabled,,,,,,,,,,,Placement Product Page,0,
Sponsored Products,Bidding Adjustment,Create,250TH_DOORSIGN_250THANNIVERSARY_SP00_american flag desk decor_Broad_Nguyen_280526,,,,,,,,,,,Enabled,,,,,,,,,,,Placement Rest Of Search,0,
Sponsored Products,Ad Group,Create,250TH_DOORSIGN_250THANNIVERSARY_SP00_american flag desk decor_Broad_Nguyen_280526,250TH_DOORSIGN_250THANNIVERSARY_SP00_american flag desk decor_Broad_Nguyen_280526,,,,,,american flag desk decor,,,,Enabled,,,,,,0.3,,,,,,,
Sponsored Products,Product Ad,Create,250TH_DOORSIGN_250THANNIVERSARY_SP00_american flag desk decor_Broad_Nguyen_280526,250TH_DOORSIGN_250THANNIVERSARY_SP00_american flag desk decor_Broad_Nguyen_280526,,,,,,,,,,Enabled,,250TH_DOORSIGN_250THANNIVERSARY,,,,,,,,,,,
Sponsored Products,Keyword,Create,250TH_DOORSIGN_250THANNIVERSARY_SP00_american flag desk decor_Broad_Nguyen_280526,250TH_DOORSIGN_250THANNIVERSARY_SP00_american flag desk decor_Broad_Nguyen_280526,,,,,,,,,,Enabled,,,,,,,0.3,american flag desk decor,broad,,,,
Sponsored Products,Campaign,Create,250TH_DOORSIGN_250THANNIVERSARY_SP00_4th of july decor_Broad_Nguyen_280526,,209757982448080,,,,250TH_DOORSIGN_250THANNIVERSARY_SP00_4th of july decor_Broad_Nguyen_280526,,20260528,,Manual,Enabled,5.0,,,,,,,,,Dynamic bids - down only,,,
Sponsored Products,Bidding Adjustment,Create,250TH_DOORSIGN_250THANNIVERSARY_SP00_4th of july decor_Broad_Nguyen_280526,,,,,,,,,,,Enabled,,,,,,,,,,,Placement Top,0,
Sponsored Products,Bidding Adjustment,Create,250TH_DOORSIGN_250THANNIVERSARY_SP00_4th of july decor_Broad_Nguyen_280526,,,,,,,,,,,Enabled,,,,,,,,,,,Placement Product Page,0,
Sponsored Products,Bidding Adjustment,Create,250TH_DOORSIGN_250THANNIVERSARY_SP00_4th of july decor_Broad_Nguyen_280526,,,,,,,,,,,Enabled,,,,,,,,,,,Placement Rest Of Search,0,
Sponsored Products,Ad Group,Create,250TH_DOORSIGN_250THANNIVERSARY_SP00_4th of july decor_Broad_Nguyen_280526,250TH_DOORSIGN_250THANNIVERSARY_SP00_4th of july decor_Broad_Nguyen_280526,,,,,,4th of july decor,,,,Enabled,,,,,,0.3,,,,,,,
Sponsored Products,Product Ad,Create,250TH_DOORSIGN_250THANNIVERSARY_SP00_4th of july decor_Broad_Nguyen_280526,250TH_DOORSIGN_250THANNIVERSARY_SP00_4th of july decor_Broad_Nguyen_280526,,,,,,,,,,Enabled,,250TH_DOORSIGN_250THANNIVERSARY,,,,,,,,,,,
Sponsored Products,Keyword,Create,250TH_DOORSIGN_250THANNIVERSARY_SP00_4th of july decor_Broad_Nguyen_280526,250TH_DOORSIGN_250THANNIVERSARY_SP00_4th of july decor_Broad_Nguyen_280526,,,,,,,,,,Enabled,,,,,,,0.3,4th of july decor,broad,,,,
Sponsored Products,Campaign,Create,250TH_DOORSIGN_250THANNIVERSARY_SP00_fourth of july decorations_Broad_Nguyen_280526,,209757982448080,,,,250TH_DOORSIGN_250THANNIVERSARY_SP00_fourth of july decorations_Broad_Nguyen_280526,,20260528,,Manual,Enabled,5.0,,,,,,,,,Dynamic bids - down only,,,
Sponsored Products,Bidding Adjustment,Create,250TH_DOORSIGN_250THANNIVERSARY_SP00_fourth of july decorations_Broad_Nguyen_280526,,,,,,,,,,,Enabled,,,,,,,,,,,Placement Top,0,
Sponsored Products,Bidding Adjustment,Create,250TH_DOORSIGN_250THANNIVERSARY_SP00_fourth of july decorations_Broad_Nguyen_280526,,,,,,,,,,,Enabled,,,,,,,,,,,Placement Product Page,0,
Sponsored Products,Bidding Adjustment,Create,250TH_DOORSIGN_250THANNIVERSARY_SP00_fourth of july decorations_Broad_Nguyen_280526,,,,,,,,,,,Enabled,,,,,,,,,,,Placement Rest Of Search,0,
Sponsored Products,Ad Group,Create,250TH_DOORSIGN_250THANNIVERSARY_SP00_fourth of july decorations_Broad_Nguyen_280526,250TH_DOORSIGN_250THANNIVERSARY_SP00_fourth of july decorations_Broad_Nguyen_280526,,,,,,fourth of july decorations,,,,Enabled,,,,,,0.3,,,,,,,
Sponsored Products,Product Ad,Create,250TH_DOORSIGN_250THANNIVERSARY_SP00_fourth of july decorations_Broad_Nguyen_280526,250TH_DOORSIGN_250THANNIVERSARY_SP00_fourth of july decorations_Broad_Nguyen_280526,,,,,,,,,,Enabled,,250TH_DOORSIGN_250THANNIVERSARY,,,,,,,,,,,
Sponsored Products,Keyword,Create,250TH_DOORSIGN_250THANNIVERSARY_SP00_fourth of july decorations_Broad_Nguyen_280526,250TH_DOORSIGN_250THANNIVERSARY_SP00_fourth of july decorations_Broad_Nguyen_280526,,,,,,,,,,Enabled,,,,,,,0.3,fourth of july decorations,broad,,,,
Sponsored Products,Campaign,Create,250TH_DOORSIGN_250THANNIVERSARY_SP00_veterans day decor_Broad_Nguyen_280526,,209757982448080,,,,250TH_DOORSIGN_250THANNIVERSARY_SP00_veterans day decor_Broad_Nguyen_280526,,20260528,,Manual,Enabled,5.0,,,,,,,,,Dynamic bids - down only,,,
Sponsored Products,Bidding Adjustment,Create,250TH_DOORSIGN_250THANNIVERSARY_SP00_veterans day decor_Broad_Nguyen_280526,,,,,,,,,,,Enabled,,,,,,,,,,,Placement Top,0,
Sponsored Products,Bidding Adjustment,Create,250TH_DOORSIGN_250THANNIVERSARY_SP00_veterans day decor_Broad_Nguyen_280526,,,,,,,,,,,Enabled,,,,,,,,,,,Placement Product Page,0,
Sponsored Products,Bidding Adjustment,Create,250TH_DOORSIGN_250THANNIVERSARY_SP00_veterans day decor_Broad_Nguyen_280526,,,,,,,,,,,Enabled,,,,,,,,,,,Placement Rest Of Search,0,
Sponsored Products,Ad Group,Create,250TH_DOORSIGN_250THANNIVERSARY_SP00_veterans day decor_Broad_Nguyen_280526,250TH_DOORSIGN_250THANNIVERSARY_SP00_veterans day decor_Broad_Nguyen_280526,,,,,,veterans day decor,,,,Enabled,,,,,,0.3,,,,,,,
Sponsored Products,Product Ad,Create,250TH_DOORSIGN_250THANNIVERSARY_SP00_veterans day decor_Broad_Nguyen_280526,250TH_DOORSIGN_250THANNIVERSARY_SP00_veterans day decor_Broad_Nguyen_280526,,,,,,,,,,Enabled,,250TH_DOORSIGN_250THANNIVERSARY,,,,,,,,,,,
Sponsored Products,Keyword,Create,250TH_DOORSIGN_250THANNIVERSARY_SP00_veterans day decor_Broad_Nguyen_280526,250TH_DOORSIGN_250THANNIVERSARY_SP00_veterans day decor_Broad_Nguyen_280526,,,,,,,,,,Enabled,,,,,,,0.3,veterans day decor,broad,,,,
Sponsored Products,Campaign,Create,250TH_DOORSIGN_250THANNIVERSARY_SP00_memorial day decor_Broad_Nguyen_280526,,209757982448080,,,,250TH_DOORSIGN_250THANNIVERSARY_SP00_memorial day decor_Broad_Nguyen_280526,,20260528,,Manual,Enabled,5.0,,,,,,,,,Dynamic bids - down only,,,
Sponsored Products,Bidding Adjustment,Create,250TH_DOORSIGN_250THANNIVERSARY_SP00_memorial day decor_Broad_Nguyen_280526,,,,,,,,,,,Enabled,,,,,,,,,,,Placement Top,0,
Sponsored Products,Bidding Adjustment,Create,250TH_DOORSIGN_250THANNIVERSARY_SP00_memorial day decor_Broad_Nguyen_280526,,,,,,,,,,,Enabled,,,,,,,,,,,Placement Product Page,0,
Sponsored Products,Bidding Adjustment,Create,250TH_DOORSIGN_250THANNIVERSARY_SP00_memorial day decor_Broad_Nguyen_280526,,,,,,,,,,,Enabled,,,,,,,,,,,Placement Rest Of Search,0,
Sponsored Products,Ad Group,Create,250TH_DOORSIGN_250THANNIVERSARY_SP00_memorial day decor_Broad_Nguyen_280526,250TH_DOORSIGN_250THANNIVERSARY_SP00_memorial day decor_Broad_Nguyen_280526,,,,,,memorial day decor,,,,Enabled,,,,,,0.3,,,,,,,
Sponsored Products,Product Ad,Create,250TH_DOORSIGN_250THANNIVERSARY_SP00_memorial day decor_Broad_Nguyen_280526,250TH_DOORSIGN_250THANNIVERSARY_SP00_memorial day decor_Broad_Nguyen_280526,,,,,,,,,,Enabled,,250TH_DOORSIGN_250THANNIVERSARY,,,,,,,,,,,
Sponsored Products,Keyword,Create,250TH_DOORSIGN_250THANNIVERSARY_SP00_memorial day decor_Broad_Nguyen_280526,250TH_DOORSIGN_250THANNIVERSARY_SP00_memorial day decor_Broad_Nguyen_280526,,,,,,,,,,Enabled,,,,,,,0.3,memorial day decor,broad,,,,
Sponsored Products,Campaign,Create,250TH_DOORSIGN_250THANNIVERSARY_SP00_4th of july decorations_Broad_Nguyen_280526,,209757982448080,,,,250TH_DOORSIGN_250THANNIVERSARY_SP00_4th of july decorations_Broad_Nguyen_280526,,20260528,,Manual,Enabled,5.0,,,,,,,,,Dynamic bids - down only,,,
Sponsored Products,Bidding Adjustment,Create,250TH_DOORSIGN_250THANNIVERSARY_SP00_4th of july decorations_Broad_Nguyen_280526,,,,,,,,,,,Enabled,,,,,,,,,,,Placement Top,0,
Sponsored Products,Bidding Adjustment,Create,250TH_DOORSIGN_250THANNIVERSARY_SP00_4th of july decorations_Broad_Nguyen_280526,,,,,,,,,,,Enabled,,,,,,,,,,,Placement Product Page,0,
Sponsored Products,Bidding Adjustment,Create,250TH_DOORSIGN_250THANNIVERSARY_SP00_4th of july decorations_Broad_Nguyen_280526,,,,,,,,,,,Enabled,,,,,,,,,,,Placement Rest Of Search,0,
Sponsored Products,Ad Group,Create,250TH_DOORSIGN_250THANNIVERSARY_SP00_4th of july decorations_Broad_Nguyen_280526,250TH_DOORSIGN_250THANNIVERSARY_SP00_4th of july decorations_Broad_Nguyen_280526,,,,,,4th of july decorations,,,,Enabled,,,,,,0.3,,,,,,,
Sponsored Products,Product Ad,Create,250TH_DOORSIGN_250THANNIVERSARY_SP00_4th of july decorations_Broad_Nguyen_280526,250TH_DOORSIGN_250THANNIVERSARY_SP00_4th of july decorations_Broad_Nguyen_280526,,,,,,,,,,Enabled,,250TH_DOORSIGN_250THANNIVERSARY,,,,,,,,,,,
Sponsored Products,Keyword,Create,250TH_DOORSIGN_250THANNIVERSARY_SP00_4th of july decorations_Broad_Nguyen_280526,250TH_DOORSIGN_250THANNIVERSARY_SP00_4th of july decorations_Broad_Nguyen_280526,,,,,,,,,,Enabled,,,,,,,0.3,4th of july decorations,broad,,,,
Sponsored Products,Campaign,Create,250TH_DOORSIGN_250THANNIVERSARY_SP00_1776 to 2026 sign_Broad_Nguyen_280526,,209757982448080,,,,250TH_DOORSIGN_250THANNIVERSARY_SP00_1776 to 2026 sign_Broad_Nguyen_280526,,20260528,,Manual,Enabled,5.0,,,,,,,,,Dynamic bids - down only,,,
Sponsored Products,Bidding Adjustment,Create,250TH_DOORSIGN_250THANNIVERSARY_SP00_1776 to 2026 sign_Broad_Nguyen_280526,,,,,,,,,,,Enabled,,,,,,,,,,,Placement Top,0,
Sponsored Products,Bidding Adjustment,Create,250TH_DOORSIGN_250THANNIVERSARY_SP00_1776 to 2026 sign_Broad_Nguyen_280526,,,,,,,,,,,Enabled,,,,,,,,,,,Placement Product Page,0,
Sponsored Products,Bidding Adjustment,Create,250TH_DOORSIGN_250THANNIVERSARY_SP00_1776 to 2026 sign_Broad_Nguyen_280526,,,,,,,,,,,Enabled,,,,,,,,,,,Placement Rest Of Search,0,
Sponsored Products,Ad Group,Create,250TH_DOORSIGN_250THANNIVERSARY_SP00_1776 to 2026 sign_Broad_Nguyen_280526,250TH_DOORSIGN_250THANNIVERSARY_SP00_1776 to 2026 sign_Broad_Nguyen_280526,,,,,,1776 to 2026 sign,,,,Enabled,,,,,,0.3,,,,,,,
Sponsored Products,Product Ad,Create,250TH_DOORSIGN_250THANNIVERSARY_SP00_1776 to 2026 sign_Broad_Nguyen_280526,250TH_DOORSIGN_250THANNIVERSARY_SP00_1776 to 2026 sign_Broad_Nguyen_280526,,,,,,,,,,Enabled,,250TH_DOORSIGN_250THANNIVERSARY,,,,,,,,,,,
Sponsored Products,Keyword,Create,250TH_DOORSIGN_250THANNIVERSARY_SP00_1776 to 2026 sign_Broad_Nguyen_280526,250TH_DOORSIGN_250THANNIVERSARY_SP00_1776 to 2026 sign_Broad_Nguyen_280526,,,,,,,,,,Enabled,,,,,,,0.3,1776 to 2026 sign,broad,,,,
Sponsored Products,Campaign,Create,250TH_DOORSIGN_250THANNIVERSARY_SP00_american history decor_Broad_Nguyen_280526,,209757982448080,,,,250TH_DOORSIGN_250THANNIVERSARY_SP00_american history decor_Broad_Nguyen_280526,,20260528,,Manual,Enabled,5.0,,,,,,,,,Dynamic bids - down only,,,
Sponsored Products,Bidding Adjustment,Create,250TH_DOORSIGN_250THANNIVERSARY_SP00_american history decor_Broad_Nguyen_280526,,,,,,,,,,,Enabled,,,,,,,,,,,Placement Top,0,
Sponsored Products,Bidding Adjustment,Create,250TH_DOORSIGN_250THANNIVERSARY_SP00_american history decor_Broad_Nguyen_280526,,,,,,,,,,,Enabled,,,,,,,,,,,Placement Product Page,0,
Sponsored Products,Bidding Adjustment,Create,250TH_DOORSIGN_250THANNIVERSARY_SP00_american history decor_Broad_Nguyen_280526,,,,,,,,,,,Enabled,,,,,,,,,,,Placement Rest Of Search,0,
Sponsored Products,Ad Group,Create,250TH_DOORSIGN_250THANNIVERSARY_SP00_american history decor_Broad_Nguyen_280526,250TH_DOORSIGN_250THANNIVERSARY_SP00_american history decor_Broad_Nguyen_280526,,,,,,american history decor,,,,Enabled,,,,,,0.3,,,,,,,
Sponsored Products,Product Ad,Create,250TH_DOORSIGN_250THANNIVERSARY_SP00_american history decor_Broad_Nguyen_280526,250TH_DOORSIGN_250THANNIVERSARY_SP00_american history decor_Broad_Nguyen_280526,,,,,,,,,,Enabled,,250TH_DOORSIGN_250THANNIVERSARY,,,,,,,,,,,
Sponsored Products,Keyword,Create,250TH_DOORSIGN_250THANNIVERSARY_SP00_american history decor_Broad_Nguyen_280526,250TH_DOORSIGN_250THANNIVERSARY_SP00_american history decor_Broad_Nguyen_280526,,,,,,,,,,Enabled,,,,,,,0.3,american history decor,broad,,,,
Sponsored Products,Campaign,Create,POSITIVEJAR_TURTLE_SP00_SPR00_turtle stuff_Exact_Nguyen_280526,,88958883595750,,,,POSITIVEJAR_TURTLE_SP00_SPR00_turtle stuff_Exact_Nguyen_280526,,20260528,,Manual,Enabled,5.0,,,,,,,,,Dynamic bids - down only,,,
Sponsored Products,Bidding Adjustment,Create,POSITIVEJAR_TURTLE_SP00_SPR00_turtle stuff_Exact_Nguyen_280526,,,,,,,,,,,Enabled,,,,,,,,,,,Placement Top,0,
Sponsored Products,Bidding Adjustment,Create,POSITIVEJAR_TURTLE_SP00_SPR00_turtle stuff_Exact_Nguyen_280526,,,,,,,,,,,Enabled,,,,,,,,,,,Placement Product Page,0,
Sponsored Products,Bidding Adjustment,Create,POSITIVEJAR_TURTLE_SP00_SPR00_turtle stuff_Exact_Nguyen_280526,,,,,,,,,,,Enabled,,,,,,,,,,,Placement Rest Of Search,0,
Sponsored Products,Ad Group,Create,POSITIVEJAR_TURTLE_SP00_SPR00_turtle stuff_Exact_Nguyen_280526,AG_01_Exact_turtle stuff,,,,,,AG_01_Exact_turtle stuff,,,,Enabled,,,,,,0.6,,,,,,,
Sponsored Products,Product Ad,Create,POSITIVEJAR_TURTLE_SP00_SPR00_turtle stuff_Exact_Nguyen_280526,AG_01_Exact_turtle stuff,,,,,,,,,,Enabled,,POSITIVEJAR_TURTLE,,,,,,,,,,,
Sponsored Products,Keyword,Create,POSITIVEJAR_TURTLE_SP00_SPR00_turtle stuff_Exact_Nguyen_280526,AG_01_Exact_turtle stuff,,,,,,,,,,Enabled,,,,,,,0.6,turtle stuff,exact,,,,
Sponsored Products,Ad Group,Create,POSITIVEJAR_TURTLE_SP00_SPR00_turtle stuff_Exact_Nguyen_280526,AG_02_Exact_turtle stuff,,,,,,AG_02_Exact_turtle stuff,,,,Enabled,,,,,,0.6,,,,,,,
Sponsored Products,Product Ad,Create,POSITIVEJAR_TURTLE_SP00_SPR00_turtle stuff_Exact_Nguyen_280526,AG_02_Exact_turtle stuff,,,,,,,,,,Enabled,,POSITIVEJAR_TURTLE,,,,,,,,,,,
Sponsored Products,Keyword,Create,POSITIVEJAR_TURTLE_SP00_SPR00_turtle stuff_Exact_Nguyen_280526,AG_02_Exact_turtle stuff,,,,,,,,,,Enabled,,,,,,,0.6,turtle stuff,exact,,,,
Sponsored Products,Ad Group,Create,POSITIVEJAR_TURTLE_SP00_SPR00_turtle stuff_Exact_Nguyen_280526,AG_03_Exact_turtle stuff,,,,,,AG_03_Exact_turtle stuff,,,,Enabled,,,,,,0.6,,,,,,,
Sponsored Products,Product Ad,Create,POSITIVEJAR_TURTLE_SP00_SPR00_turtle stuff_Exact_Nguyen_280526,AG_03_Exact_turtle stuff,,,,,,,,,,Enabled,,POSITIVEJAR_TURTLE,,,,,,,,,,,
Sponsored Products,Keyword,Create,POSITIVEJAR_TURTLE_SP00_SPR00_turtle stuff_Exact_Nguyen_280526,AG_03_Exact_turtle stuff,,,,,,,,,,Enabled,,,,,,,0.6,turtle stuff,exact,,,,
Sponsored Products,Campaign,Create,POSITIVEJAR_TURTLE_SP00_SPR00_emotional support turtle_Exact_Nguyen_280526,,88958883595750,,,,POSITIVEJAR_TURTLE_SP00_SPR00_emotional support turtle_Exact_Nguyen_280526,,20260528,,Manual,Enabled,5.0,,,,,,,,,Dynamic bids - down only,,,
Sponsored Products,Bidding Adjustment,Create,POSITIVEJAR_TURTLE_SP00_SPR00_emotional support turtle_Exact_Nguyen_280526,,,,,,,,,,,Enabled,,,,,,,,,,,Placement Top,0,
Sponsored Products,Bidding Adjustment,Create,POSITIVEJAR_TURTLE_SP00_SPR00_emotional support turtle_Exact_Nguyen_280526,,,,,,,,,,,Enabled,,,,,,,,,,,Placement Product Page,0,
Sponsored Products,Bidding Adjustment,Create,POSITIVEJAR_TURTLE_SP00_SPR00_emotional support turtle_Exact_Nguyen_280526,,,,,,,,,,,Enabled,,,,,,,,,,,Placement Rest Of Search,0,
Sponsored Products,Ad Group,Create,POSITIVEJAR_TURTLE_SP00_SPR00_emotional support turtle_Exact_Nguyen_280526,AG_01_Exact_emotional support turtle,,,,,,AG_01_Exact_emotional support turtle,,,,Enabled,,,,,,0.6,,,,,,,
Sponsored Products,Product Ad,Create,POSITIVEJAR_TURTLE_SP00_SPR00_emotional support turtle_Exact_Nguyen_280526,AG_01_Exact_emotional support turtle,,,,,,,,,,Enabled,,POSITIVEJAR_TURTLE,,,,,,,,,,,
Sponsored Products,Keyword,Create,POSITIVEJAR_TURTLE_SP00_SPR00_emotional support turtle_Exact_Nguyen_280526,AG_01_Exact_emotional support turtle,,,,,,,,,,Enabled,,,,,,,0.6,emotional support turtle,exact,,,,
Sponsored Products,Ad Group,Create,POSITIVEJAR_TURTLE_SP00_SPR00_emotional support turtle_Exact_Nguyen_280526,AG_02_Exact_emotional support turtle,,,,,,AG_02_Exact_emotional support turtle,,,,Enabled,,,,,,0.6,,,,,,,
Sponsored Products,Product Ad,Create,POSITIVEJAR_TURTLE_SP00_SPR00_emotional support turtle_Exact_Nguyen_280526,AG_02_Exact_emotional support turtle,,,,,,,,,,Enabled,,POSITIVEJAR_TURTLE,,,,,,,,,,,
Sponsored Products,Keyword,Create,POSITIVEJAR_TURTLE_SP00_SPR00_emotional support turtle_Exact_Nguyen_280526,AG_02_Exact_emotional support turtle,,,,,,,,,,Enabled,,,,,,,0.6,emotional support turtle,exact,,,,
Sponsored Products,Ad Group,Create,POSITIVEJAR_TURTLE_SP00_SPR00_emotional support turtle_Exact_Nguyen_280526,AG_03_Exact_emotional support turtle,,,,,,AG_03_Exact_emotional support turtle,,,,Enabled,,,,,,0.6,,,,,,,
Sponsored Products,Product Ad,Create,POSITIVEJAR_TURTLE_SP00_SPR00_emotional support turtle_Exact_Nguyen_280526,AG_03_Exact_emotional support turtle,,,,,,,,,,Enabled,,POSITIVEJAR_TURTLE,,,,,,,,,,,
Sponsored Products,Keyword,Create,POSITIVEJAR_TURTLE_SP00_SPR00_emotional support turtle_Exact_Nguyen_280526,AG_03_Exact_emotional support turtle,,,,,,,,,,Enabled,,,,,,,0.6,emotional support turtle,exact,,,,
Sponsored Products,Campaign,Create,POSITIVEJAR_TURTLE_SP00_SPR00_positive turtle_Exact_Nguyen_280526,,88958883595750,,,,POSITIVEJAR_TURTLE_SP00_SPR00_positive turtle_Exact_Nguyen_280526,,20260528,,Manual,Enabled,5.0,,,,,,,,,Dynamic bids - down only,,,
Sponsored Products,Bidding Adjustment,Create,POSITIVEJAR_TURTLE_SP00_SPR00_positive turtle_Exact_Nguyen_280526,,,,,,,,,,,Enabled,,,,,,,,,,,Placement Top,0,
Sponsored Products,Bidding Adjustment,Create,POSITIVEJAR_TURTLE_SP00_SPR00_positive turtle_Exact_Nguyen_280526,,,,,,,,,,,Enabled,,,,,,,,,,,Placement Product Page,0,
Sponsored Products,Bidding Adjustment,Create,POSITIVEJAR_TURTLE_SP00_SPR00_positive turtle_Exact_Nguyen_280526,,,,,,,,,,,Enabled,,,,,,,,,,,Placement Rest Of Search,0,
Sponsored Products,Ad Group,Create,POSITIVEJAR_TURTLE_SP00_SPR00_positive turtle_Exact_Nguyen_280526,AG_01_Exact_positive turtle,,,,,,AG_01_Exact_positive turtle,,,,Enabled,,,,,,0.6,,,,,,,
Sponsored Products,Product Ad,Create,POSITIVEJAR_TURTLE_SP00_SPR00_positive turtle_Exact_Nguyen_280526,AG_01_Exact_positive turtle,,,,,,,,,,Enabled,,POSITIVEJAR_TURTLE,,,,,,,,,,,
Sponsored Products,Keyword,Create,POSITIVEJAR_TURTLE_SP00_SPR00_positive turtle_Exact_Nguyen_280526,AG_01_Exact_positive turtle,,,,,,,,,,Enabled,,,,,,,0.6,positive turtle,exact,,,,
Sponsored Products,Ad Group,Create,POSITIVEJAR_TURTLE_SP00_SPR00_positive turtle_Exact_Nguyen_280526,AG_02_Exact_positive turtle,,,,,,AG_02_Exact_positive turtle,,,,Enabled,,,,,,0.6,,,,,,,
Sponsored Products,Product Ad,Create,POSITIVEJAR_TURTLE_SP00_SPR00_positive turtle_Exact_Nguyen_280526,AG_02_Exact_positive turtle,,,,,,,,,,Enabled,,POSITIVEJAR_TURTLE,,,,,,,,,,,
Sponsored Products,Keyword,Create,POSITIVEJAR_TURTLE_SP00_SPR00_positive turtle_Exact_Nguyen_280526,AG_02_Exact_positive turtle,,,,,,,,,,Enabled,,,,,,,0.6,positive turtle,exact,,,,
Sponsored Products,Ad Group,Create,POSITIVEJAR_TURTLE_SP00_SPR00_positive turtle_Exact_Nguyen_280526,AG_03_Exact_positive turtle,,,,,,AG_03_Exact_positive turtle,,,,Enabled,,,,,,0.6,,,,,,,
Sponsored Products,Product Ad,Create,POSITIVEJAR_TURTLE_SP00_SPR00_positive turtle_Exact_Nguyen_280526,AG_03_Exact_positive turtle,,,,,,,,,,Enabled,,POSITIVEJAR_TURTLE,,,,,,,,,,,
Sponsored Products,Keyword,Create,POSITIVEJAR_TURTLE_SP00_SPR00_positive turtle_Exact_Nguyen_280526,AG_03_Exact_positive turtle,,,,,,,,,,Enabled,,,,,,,0.6,positive turtle,exact,,,,
Sponsored Products,Campaign,Create,POSITIVEJAR_TURTLE_SP00_SPR00_turtle in a jar_Exact_Nguyen_280526,,88958883595750,,,,POSITIVEJAR_TURTLE_SP00_SPR00_turtle in a jar_Exact_Nguyen_280526,,20260528,,Manual,Enabled,5.0,,,,,,,,,Dynamic bids - down only,,,
Sponsored Products,Bidding Adjustment,Create,POSITIVEJAR_TURTLE_SP00_SPR00_turtle in a jar_Exact_Nguyen_280526,,,,,,,,,,,Enabled,,,,,,,,,,,Placement Top,0,
Sponsored Products,Bidding Adjustment,Create,POSITIVEJAR_TURTLE_SP00_SPR00_turtle in a jar_Exact_Nguyen_280526,,,,,,,,,,,Enabled,,,,,,,,,,,Placement Product Page,0,
Sponsored Products,Bidding Adjustment,Create,POSITIVEJAR_TURTLE_SP00_SPR00_turtle in a jar_Exact_Nguyen_280526,,,,,,,,,,,Enabled,,,,,,,,,,,Placement Rest Of Search,0,
Sponsored Products,Ad Group,Create,POSITIVEJAR_TURTLE_SP00_SPR00_turtle in a jar_Exact_Nguyen_280526,AG_01_Exact_turtle in a jar,,,,,,AG_01_Exact_turtle in a jar,,,,Enabled,,,,,,0.6,,,,,,,
Sponsored Products,Product Ad,Create,POSITIVEJAR_TURTLE_SP00_SPR00_turtle in a jar_Exact_Nguyen_280526,AG_01_Exact_turtle in a jar,,,,,,,,,,Enabled,,POSITIVEJAR_TURTLE,,,,,,,,,,,
Sponsored Products,Keyword,Create,POSITIVEJAR_TURTLE_SP00_SPR00_turtle in a jar_Exact_Nguyen_280526,AG_01_Exact_turtle in a jar,,,,,,,,,,Enabled,,,,,,,0.6,turtle in a jar,exact,,,,
Sponsored Products,Ad Group,Create,POSITIVEJAR_TURTLE_SP00_SPR00_turtle in a jar_Exact_Nguyen_280526,AG_02_Exact_turtle in a jar,,,,,,AG_02_Exact_turtle in a jar,,,,Enabled,,,,,,0.6,,,,,,,
Sponsored Products,Product Ad,Create,POSITIVEJAR_TURTLE_SP00_SPR00_turtle in a jar_Exact_Nguyen_280526,AG_02_Exact_turtle in a jar,,,,,,,,,,Enabled,,POSITIVEJAR_TURTLE,,,,,,,,,,,
Sponsored Products,Keyword,Create,POSITIVEJAR_TURTLE_SP00_SPR00_turtle in a jar_Exact_Nguyen_280526,AG_02_Exact_turtle in a jar,,,,,,,,,,Enabled,,,,,,,0.6,turtle in a jar,exact,,,,
Sponsored Products,Ad Group,Create,POSITIVEJAR_TURTLE_SP00_SPR00_turtle in a jar_Exact_Nguyen_280526,AG_03_Exact_turtle in a jar,,,,,,AG_03_Exact_turtle in a jar,,,,Enabled,,,,,,0.6,,,,,,,
Sponsored Products,Product Ad,Create,POSITIVEJAR_TURTLE_SP00_SPR00_turtle in a jar_Exact_Nguyen_280526,AG_03_Exact_turtle in a jar,,,,,,,,,,Enabled,,POSITIVEJAR_TURTLE,,,,,,,,,,,
Sponsored Products,Keyword,Create,POSITIVEJAR_TURTLE_SP00_SPR00_turtle in a jar_Exact_Nguyen_280526,AG_03_Exact_turtle in a jar,,,,,,,,,,Enabled,,,,,,,0.6,turtle in a jar,exact,,,,
Sponsored Products,Campaign,Create,POSITIVEJAR_TURTLE_SP00_SPR00_turtle souvenir_Exact_Nguyen_280526,,88958883595750,,,,POSITIVEJAR_TURTLE_SP00_SPR00_turtle souvenir_Exact_Nguyen_280526,,20260528,,Manual,Enabled,5.0,,,,,,,,,Dynamic bids - down only,,,
Sponsored Products,Bidding Adjustment,Create,POSITIVEJAR_TURTLE_SP00_SPR00_turtle souvenir_Exact_Nguyen_280526,,,,,,,,,,,Enabled,,,,,,,,,,,Placement Top,0,
Sponsored Products,Bidding Adjustment,Create,POSITIVEJAR_TURTLE_SP00_SPR00_turtle souvenir_Exact_Nguyen_280526,,,,,,,,,,,Enabled,,,,,,,,,,,Placement Product Page,0,
Sponsored Products,Bidding Adjustment,Create,POSITIVEJAR_TURTLE_SP00_SPR00_turtle souvenir_Exact_Nguyen_280526,,,,,,,,,,,Enabled,,,,,,,,,,,Placement Rest Of Search,0,
Sponsored Products,Ad Group,Create,POSITIVEJAR_TURTLE_SP00_SPR00_turtle souvenir_Exact_Nguyen_280526,AG_01_Exact_turtle souvenir,,,,,,AG_01_Exact_turtle souvenir,,,,Enabled,,,,,,0.6,,,,,,,
Sponsored Products,Product Ad,Create,POSITIVEJAR_TURTLE_SP00_SPR00_turtle souvenir_Exact_Nguyen_280526,AG_01_Exact_turtle souvenir,,,,,,,,,,Enabled,,POSITIVEJAR_TURTLE,,,,,,,,,,,
Sponsored Products,Keyword,Create,POSITIVEJAR_TURTLE_SP00_SPR00_turtle souvenir_Exact_Nguyen_280526,AG_01_Exact_turtle souvenir,,,,,,,,,,Enabled,,,,,,,0.6,turtle souvenir,exact,,,,
Sponsored Products,Ad Group,Create,POSITIVEJAR_TURTLE_SP00_SPR00_turtle souvenir_Exact_Nguyen_280526,AG_02_Exact_turtle souvenir,,,,,,AG_02_Exact_turtle souvenir,,,,Enabled,,,,,,0.6,,,,,,,
Sponsored Products,Product Ad,Create,POSITIVEJAR_TURTLE_SP00_SPR00_turtle souvenir_Exact_Nguyen_280526,AG_02_Exact_turtle souvenir,,,,,,,,,,Enabled,,POSITIVEJAR_TURTLE,,,,,,,,,,,
Sponsored Products,Keyword,Create,POSITIVEJAR_TURTLE_SP00_SPR00_turtle souvenir_Exact_Nguyen_280526,AG_02_Exact_turtle souvenir,,,,,,,,,,Enabled,,,,,,,0.6,turtle souvenir,exact,,,,
Sponsored Products,Ad Group,Create,POSITIVEJAR_TURTLE_SP00_SPR00_turtle souvenir_Exact_Nguyen_280526,AG_03_Exact_turtle souvenir,,,,,,AG_03_Exact_turtle souvenir,,,,Enabled,,,,,,0.6,,,,,,,
Sponsored Products,Product Ad,Create,POSITIVEJAR_TURTLE_SP00_SPR00_turtle souvenir_Exact_Nguyen_280526,AG_03_Exact_turtle souvenir,,,,,,,,,,Enabled,,POSITIVEJAR_TURTLE,,,,,,,,,,,
Sponsored Products,Keyword,Create,POSITIVEJAR_TURTLE_SP00_SPR00_turtle souvenir_Exact_Nguyen_280526,AG_03_Exact_turtle souvenir,,,,,,,,,,Enabled,,,,,,,0.6,turtle souvenir,exact,,,,
Sponsored Products,Campaign,Create,POSITIVEJAR_TURTLE_SP00_SPR00_turtle home decor_Exact_Nguyen_280526,,88958883595750,,,,POSITIVEJAR_TURTLE_SP00_SPR00_turtle home decor_Exact_Nguyen_280526,,20260528,,Manual,Enabled,5.0,,,,,,,,,Dynamic bids - down only,,,
Sponsored Products,Bidding Adjustment,Create,POSITIVEJAR_TURTLE_SP00_SPR00_turtle home decor_Exact_Nguyen_280526,,,,,,,,,,,Enabled,,,,,,,,,,,Placement Top,0,
Sponsored Products,Bidding Adjustment,Create,POSITIVEJAR_TURTLE_SP00_SPR00_turtle home decor_Exact_Nguyen_280526,,,,,,,,,,,Enabled,,,,,,,,,,,Placement Product Page,0,
Sponsored Products,Bidding Adjustment,Create,POSITIVEJAR_TURTLE_SP00_SPR00_turtle home decor_Exact_Nguyen_280526,,,,,,,,,,,Enabled,,,,,,,,,,,Placement Rest Of Search,0,
Sponsored Products,Ad Group,Create,POSITIVEJAR_TURTLE_SP00_SPR00_turtle home decor_Exact_Nguyen_280526,AG_01_Exact_turtle home decor,,,,,,AG_01_Exact_turtle home decor,,,,Enabled,,,,,,0.6,,,,,,,
Sponsored Products,Product Ad,Create,POSITIVEJAR_TURTLE_SP00_SPR00_turtle home decor_Exact_Nguyen_280526,AG_01_Exact_turtle home decor,,,,,,,,,,Enabled,,POSITIVEJAR_TURTLE,,,,,,,,,,,
Sponsored Products,Keyword,Create,POSITIVEJAR_TURTLE_SP00_SPR00_turtle home decor_Exact_Nguyen_280526,AG_01_Exact_turtle home decor,,,,,,,,,,Enabled,,,,,,,0.6,turtle home decor,exact,,,,
Sponsored Products,Ad Group,Create,POSITIVEJAR_TURTLE_SP00_SPR00_turtle home decor_Exact_Nguyen_280526,AG_02_Exact_turtle home decor,,,,,,AG_02_Exact_turtle home decor,,,,Enabled,,,,,,0.6,,,,,,,
Sponsored Products,Product Ad,Create,POSITIVEJAR_TURTLE_SP00_SPR00_turtle home decor_Exact_Nguyen_280526,AG_02_Exact_turtle home decor,,,,,,,,,,Enabled,,POSITIVEJAR_TURTLE,,,,,,,,,,,
Sponsored Products,Keyword,Create,POSITIVEJAR_TURTLE_SP00_SPR00_turtle home decor_Exact_Nguyen_280526,AG_02_Exact_turtle home decor,,,,,,,,,,Enabled,,,,,,,0.6,turtle home decor,exact,,,,
Sponsored Products,Ad Group,Create,POSITIVEJAR_TURTLE_SP00_SPR00_turtle home decor_Exact_Nguyen_280526,AG_03_Exact_turtle home decor,,,,,,AG_03_Exact_turtle home decor,,,,Enabled,,,,,,0.6,,,,,,,
Sponsored Products,Product Ad,Create,POSITIVEJAR_TURTLE_SP00_SPR00_turtle home decor_Exact_Nguyen_280526,AG_03_Exact_turtle home decor,,,,,,,,,,Enabled,,POSITIVEJAR_TURTLE,,,,,,,,,,,
Sponsored Products,Keyword,Create,POSITIVEJAR_TURTLE_SP00_SPR00_turtle home decor_Exact_Nguyen_280526,AG_03_Exact_turtle home decor,,,,,,,,,,Enabled,,,,,,,0.6,turtle home decor,exact,,,,
Sponsored Products,Campaign,Create,POSITIVEJAR_TURTLE_SP00_SPR00_sea turtle decor_Exact_Nguyen_280526,,88958883595750,,,,POSITIVEJAR_TURTLE_SP00_SPR00_sea turtle decor_Exact_Nguyen_280526,,20260528,,Manual,Enabled,5.0,,,,,,,,,Dynamic bids - down only,,,
Sponsored Products,Bidding Adjustment,Create,POSITIVEJAR_TURTLE_SP00_SPR00_sea turtle decor_Exact_Nguyen_280526,,,,,,,,,,,Enabled,,,,,,,,,,,Placement Top,0,
Sponsored Products,Bidding Adjustment,Create,POSITIVEJAR_TURTLE_SP00_SPR00_sea turtle decor_Exact_Nguyen_280526,,,,,,,,,,,Enabled,,,,,,,,,,,Placement Product Page,0,
Sponsored Products,Bidding Adjustment,Create,POSITIVEJAR_TURTLE_SP00_SPR00_sea turtle decor_Exact_Nguyen_280526,,,,,,,,,,,Enabled,,,,,,,,,,,Placement Rest Of Search,0,
Sponsored Products,Ad Group,Create,POSITIVEJAR_TURTLE_SP00_SPR00_sea turtle decor_Exact_Nguyen_280526,AG_01_Exact_sea turtle decor,,,,,,AG_01_Exact_sea turtle decor,,,,Enabled,,,,,,0.6,,,,,,,
Sponsored Products,Product Ad,Create,POSITIVEJAR_TURTLE_SP00_SPR00_sea turtle decor_Exact_Nguyen_280526,AG_01_Exact_sea turtle decor,,,,,,,,,,Enabled,,POSITIVEJAR_TURTLE,,,,,,,,,,,
Sponsored Products,Keyword,Create,POSITIVEJAR_TURTLE_SP00_SPR00_sea turtle decor_Exact_Nguyen_280526,AG_01_Exact_sea turtle decor,,,,,,,,,,Enabled,,,,,,,0.6,sea turtle decor,exact,,,,
Sponsored Products,Ad Group,Create,POSITIVEJAR_TURTLE_SP00_SPR00_sea turtle decor_Exact_Nguyen_280526,AG_02_Exact_sea turtle decor,,,,,,AG_02_Exact_sea turtle decor,,,,Enabled,,,,,,0.6,,,,,,,
Sponsored Products,Product Ad,Create,POSITIVEJAR_TURTLE_SP00_SPR00_sea turtle decor_Exact_Nguyen_280526,AG_02_Exact_sea turtle decor,,,,,,,,,,Enabled,,POSITIVEJAR_TURTLE,,,,,,,,,,,
Sponsored Products,Keyword,Create,POSITIVEJAR_TURTLE_SP00_SPR00_sea turtle decor_Exact_Nguyen_280526,AG_02_Exact_sea turtle decor,,,,,,,,,,Enabled,,,,,,,0.6,sea turtle decor,exact,,,,
Sponsored Products,Ad Group,Create,POSITIVEJAR_TURTLE_SP00_SPR00_sea turtle decor_Exact_Nguyen_280526,AG_03_Exact_sea turtle decor,,,,,,AG_03_Exact_sea turtle decor,,,,Enabled,,,,,,0.6,,,,,,,
Sponsored Products,Product Ad,Create,POSITIVEJAR_TURTLE_SP00_SPR00_sea turtle decor_Exact_Nguyen_280526,AG_03_Exact_sea turtle decor,,,,,,,,,,Enabled,,POSITIVEJAR_TURTLE,,,,,,,,,,,
Sponsored Products,Keyword,Create,POSITIVEJAR_TURTLE_SP00_SPR00_sea turtle decor_Exact_Nguyen_280526,AG_03_Exact_sea turtle decor,,,,,,,,,,Enabled,,,,,,,0.6,sea turtle decor,exact,,,,
Sponsored Products,Campaign,Create,POSITIVEJAR_TURTLE_SP00_SPR00_inspirational turtle_Exact_Nguyen_280526,,88958883595750,,,,POSITIVEJAR_TURTLE_SP00_SPR00_inspirational turtle_Exact_Nguyen_280526,,20260528,,Manual,Enabled,5.0,,,,,,,,,Dynamic bids - down only,,,
Sponsored Products,Bidding Adjustment,Create,POSITIVEJAR_TURTLE_SP00_SPR00_inspirational turtle_Exact_Nguyen_280526,,,,,,,,,,,Enabled,,,,,,,,,,,Placement Top,0,
Sponsored Products,Bidding Adjustment,Create,POSITIVEJAR_TURTLE_SP00_SPR00_inspirational turtle_Exact_Nguyen_280526,,,,,,,,,,,Enabled,,,,,,,,,,,Placement Product Page,0,
Sponsored Products,Bidding Adjustment,Create,POSITIVEJAR_TURTLE_SP00_SPR00_inspirational turtle_Exact_Nguyen_280526,,,,,,,,,,,Enabled,,,,,,,,,,,Placement Rest Of Search,0,
Sponsored Products,Ad Group,Create,POSITIVEJAR_TURTLE_SP00_SPR00_inspirational turtle_Exact_Nguyen_280526,AG_01_Exact_inspirational turtle,,,,,,AG_01_Exact_inspirational turtle,,,,Enabled,,,,,,0.6,,,,,,,
Sponsored Products,Product Ad,Create,POSITIVEJAR_TURTLE_SP00_SPR00_inspirational turtle_Exact_Nguyen_280526,AG_01_Exact_inspirational turtle,,,,,,,,,,Enabled,,POSITIVEJAR_TURTLE,,,,,,,,,,,
Sponsored Products,Keyword,Create,POSITIVEJAR_TURTLE_SP00_SPR00_inspirational turtle_Exact_Nguyen_280526,AG_01_Exact_inspirational turtle,,,,,,,,,,Enabled,,,,,,,0.6,inspirational turtle,exact,,,,
Sponsored Products,Ad Group,Create,POSITIVEJAR_TURTLE_SP00_SPR00_inspirational turtle_Exact_Nguyen_280526,AG_02_Exact_inspirational turtle,,,,,,AG_02_Exact_inspirational turtle,,,,Enabled,,,,,,0.6,,,,,,,
Sponsored Products,Product Ad,Create,POSITIVEJAR_TURTLE_SP00_SPR00_inspirational turtle_Exact_Nguyen_280526,AG_02_Exact_inspirational turtle,,,,,,,,,,Enabled,,POSITIVEJAR_TURTLE,,,,,,,,,,,
Sponsored Products,Keyword,Create,POSITIVEJAR_TURTLE_SP00_SPR00_inspirational turtle_Exact_Nguyen_280526,AG_02_Exact_inspirational turtle,,,,,,,,,,Enabled,,,,,,,0.6,inspirational turtle,exact,,,,
Sponsored Products,Ad Group,Create,POSITIVEJAR_TURTLE_SP00_SPR00_inspirational turtle_Exact_Nguyen_280526,AG_03_Exact_inspirational turtle,,,,,,AG_03_Exact_inspirational turtle,,,,Enabled,,,,,,0.6,,,,,,,
Sponsored Products,Product Ad,Create,POSITIVEJAR_TURTLE_SP00_SPR00_inspirational turtle_Exact_Nguyen_280526,AG_03_Exact_inspirational turtle,,,,,,,,,,Enabled,,POSITIVEJAR_TURTLE,,,,,,,,,,,
Sponsored Products,Keyword,Create,POSITIVEJAR_TURTLE_SP00_SPR00_inspirational turtle_Exact_Nguyen_280526,AG_03_Exact_inspirational turtle,,,,,,,,,,Enabled,,,,,,,0.6,inspirational turtle,exact,,,,
Sponsored Products,Campaign,Create,POSITIVEJAR_TURTLE_SP00_SPR00_cute turtle accessories_Exact_Nguyen_280526,,88958883595750,,,,POSITIVEJAR_TURTLE_SP00_SPR00_cute turtle accessories_Exact_Nguyen_280526,,20260528,,Manual,Enabled,5.0,,,,,,,,,Dynamic bids - down only,,,
Sponsored Products,Bidding Adjustment,Create,POSITIVEJAR_TURTLE_SP00_SPR00_cute turtle accessories_Exact_Nguyen_280526,,,,,,,,,,,Enabled,,,,,,,,,,,Placement Top,0,
Sponsored Products,Bidding Adjustment,Create,POSITIVEJAR_TURTLE_SP00_SPR00_cute turtle accessories_Exact_Nguyen_280526,,,,,,,,,,,Enabled,,,,,,,,,,,Placement Product Page,0,
Sponsored Products,Bidding Adjustment,Create,POSITIVEJAR_TURTLE_SP00_SPR00_cute turtle accessories_Exact_Nguyen_280526,,,,,,,,,,,Enabled,,,,,,,,,,,Placement Rest Of Search,0,
Sponsored Products,Ad Group,Create,POSITIVEJAR_TURTLE_SP00_SPR00_cute turtle accessories_Exact_Nguyen_280526,AG_01_Exact_cute turtle accessories,,,,,,AG_01_Exact_cute turtle accessories,,,,Enabled,,,,,,0.6,,,,,,,
Sponsored Products,Product Ad,Create,POSITIVEJAR_TURTLE_SP00_SPR00_cute turtle accessories_Exact_Nguyen_280526,AG_01_Exact_cute turtle accessories,,,,,,,,,,Enabled,,POSITIVEJAR_TURTLE,,,,,,,,,,,
Sponsored Products,Keyword,Create,POSITIVEJAR_TURTLE_SP00_SPR00_cute turtle accessories_Exact_Nguyen_280526,AG_01_Exact_cute turtle accessories,,,,,,,,,,Enabled,,,,,,,0.6,cute turtle accessories,exact,,,,
Sponsored Products,Ad Group,Create,POSITIVEJAR_TURTLE_SP00_SPR00_cute turtle accessories_Exact_Nguyen_280526,AG_02_Exact_cute turtle accessories,,,,,,AG_02_Exact_cute turtle accessories,,,,Enabled,,,,,,0.6,,,,,,,
Sponsored Products,Product Ad,Create,POSITIVEJAR_TURTLE_SP00_SPR00_cute turtle accessories_Exact_Nguyen_280526,AG_02_Exact_cute turtle accessories,,,,,,,,,,Enabled,,POSITIVEJAR_TURTLE,,,,,,,,,,,
Sponsored Products,Keyword,Create,POSITIVEJAR_TURTLE_SP00_SPR00_cute turtle accessories_Exact_Nguyen_280526,AG_02_Exact_cute turtle accessories,,,,,,,,,,Enabled,,,,,,,0.6,cute turtle accessories,exact,,,,
Sponsored Products,Ad Group,Create,POSITIVEJAR_TURTLE_SP00_SPR00_cute turtle accessories_Exact_Nguyen_280526,AG_03_Exact_cute turtle accessories,,,,,,AG_03_Exact_cute turtle accessories,,,,Enabled,,,,,,0.6,,,,,,,
Sponsored Products,Product Ad,Create,POSITIVEJAR_TURTLE_SP00_SPR00_cute turtle accessories_Exact_Nguyen_280526,AG_03_Exact_cute turtle accessories,,,,,,,,,,Enabled,,POSITIVEJAR_TURTLE,,,,,,,,,,,
Sponsored Products,Keyword,Create,POSITIVEJAR_TURTLE_SP00_SPR00_cute turtle accessories_Exact_Nguyen_280526,AG_03_Exact_cute turtle accessories,,,,,,,,,,Enabled,,,,,,,0.6,cute turtle accessories,exact,,,,
Sponsored Products,Campaign,Create,POSITIVEJAR_TURTLE_SP00_SPR00_turtle card_Exact_Nguyen_280526,,88958883595750,,,,POSITIVEJAR_TURTLE_SP00_SPR00_turtle card_Exact_Nguyen_280526,,20260528,,Manual,Enabled,5.0,,,,,,,,,Dynamic bids - down only,,,
Sponsored Products,Bidding Adjustment,Create,POSITIVEJAR_TURTLE_SP00_SPR00_turtle card_Exact_Nguyen_280526,,,,,,,,,,,Enabled,,,,,,,,,,,Placement Top,0,
Sponsored Products,Bidding Adjustment,Create,POSITIVEJAR_TURTLE_SP00_SPR00_turtle card_Exact_Nguyen_280526,,,,,,,,,,,Enabled,,,,,,,,,,,Placement Product Page,0,
Sponsored Products,Bidding Adjustment,Create,POSITIVEJAR_TURTLE_SP00_SPR00_turtle card_Exact_Nguyen_280526,,,,,,,,,,,Enabled,,,,,,,,,,,Placement Rest Of Search,0,
Sponsored Products,Ad Group,Create,POSITIVEJAR_TURTLE_SP00_SPR00_turtle card_Exact_Nguyen_280526,AG_01_Exact_turtle card,,,,,,AG_01_Exact_turtle card,,,,Enabled,,,,,,0.6,,,,,,,
Sponsored Products,Product Ad,Create,POSITIVEJAR_TURTLE_SP00_SPR00_turtle card_Exact_Nguyen_280526,AG_01_Exact_turtle card,,,,,,,,,,Enabled,,POSITIVEJAR_TURTLE,,,,,,,,,,,
Sponsored Products,Keyword,Create,POSITIVEJAR_TURTLE_SP00_SPR00_turtle card_Exact_Nguyen_280526,AG_01_Exact_turtle card,,,,,,,,,,Enabled,,,,,,,0.6,turtle card,exact,,,,
Sponsored Products,Ad Group,Create,POSITIVEJAR_TURTLE_SP00_SPR00_turtle card_Exact_Nguyen_280526,AG_02_Exact_turtle card,,,,,,AG_02_Exact_turtle card,,,,Enabled,,,,,,0.6,,,,,,,
Sponsored Products,Product Ad,Create,POSITIVEJAR_TURTLE_SP00_SPR00_turtle card_Exact_Nguyen_280526,AG_02_Exact_turtle card,,,,,,,,,,Enabled,,POSITIVEJAR_TURTLE,,,,,,,,,,,
Sponsored Products,Keyword,Create,POSITIVEJAR_TURTLE_SP00_SPR00_turtle card_Exact_Nguyen_280526,AG_02_Exact_turtle card,,,,,,,,,,Enabled,,,,,,,0.6,turtle card,exact,,,,
Sponsored Products,Ad Group,Create,POSITIVEJAR_TURTLE_SP00_SPR00_turtle card_Exact_Nguyen_280526,AG_03_Exact_turtle card,,,,,,AG_03_Exact_turtle card,,,,Enabled,,,,,,0.6,,,,,,,
Sponsored Products,Product Ad,Create,POSITIVEJAR_TURTLE_SP00_SPR00_turtle card_Exact_Nguyen_280526,AG_03_Exact_turtle card,,,,,,,,,,Enabled,,POSITIVEJAR_TURTLE,,,,,,,,,,,
Sponsored Products,Keyword,Create,POSITIVEJAR_TURTLE_SP00_SPR00_turtle card_Exact_Nguyen_280526,AG_03_Exact_turtle card,,,,,,,,,,Enabled,,,,,,,0.6,turtle card,exact,,,,
Sponsored Products,Campaign,Create,POSITIVEJAR_TURTLE_SP00_turtle stuff_Phrase_Nguyen_280526,,88958883595750,,,,POSITIVEJAR_TURTLE_SP00_turtle stuff_Phrase_Nguyen_280526,,20260528,,Manual,Enabled,5.0,,,,,,,,,Dynamic bids - down only,,,
Sponsored Products,Bidding Adjustment,Create,POSITIVEJAR_TURTLE_SP00_turtle stuff_Phrase_Nguyen_280526,,,,,,,,,,,Enabled,,,,,,,,,,,Placement Top,0,
Sponsored Products,Bidding Adjustment,Create,POSITIVEJAR_TURTLE_SP00_turtle stuff_Phrase_Nguyen_280526,,,,,,,,,,,Enabled,,,,,,,,,,,Placement Product Page,0,
Sponsored Products,Bidding Adjustment,Create,POSITIVEJAR_TURTLE_SP00_turtle stuff_Phrase_Nguyen_280526,,,,,,,,,,,Enabled,,,,,,,,,,,Placement Rest Of Search,0,
Sponsored Products,Ad Group,Create,POSITIVEJAR_TURTLE_SP00_turtle stuff_Phrase_Nguyen_280526,POSITIVEJAR_TURTLE_SP00_turtle stuff_Phrase_Nguyen_280526,,,,,,turtle stuff,,,,Enabled,,,,,,0.4,,,,,,,
Sponsored Products,Product Ad,Create,POSITIVEJAR_TURTLE_SP00_turtle stuff_Phrase_Nguyen_280526,POSITIVEJAR_TURTLE_SP00_turtle stuff_Phrase_Nguyen_280526,,,,,,,,,,Enabled,,POSITIVEJAR_TURTLE,,,,,,,,,,,
Sponsored Products,Keyword,Create,POSITIVEJAR_TURTLE_SP00_turtle stuff_Phrase_Nguyen_280526,POSITIVEJAR_TURTLE_SP00_turtle stuff_Phrase_Nguyen_280526,,,,,,,,,,Enabled,,,,,,,0.4,turtle stuff,phrase,,,,
Sponsored Products,Campaign,Create,POSITIVEJAR_TURTLE_SP00_emotional support turtle_Phrase_Nguyen_280526,,88958883595750,,,,POSITIVEJAR_TURTLE_SP00_emotional support turtle_Phrase_Nguyen_280526,,20260528,,Manual,Enabled,5.0,,,,,,,,,Dynamic bids - down only,,,
Sponsored Products,Bidding Adjustment,Create,POSITIVEJAR_TURTLE_SP00_emotional support turtle_Phrase_Nguyen_280526,,,,,,,,,,,Enabled,,,,,,,,,,,Placement Top,0,
Sponsored Products,Bidding Adjustment,Create,POSITIVEJAR_TURTLE_SP00_emotional support turtle_Phrase_Nguyen_280526,,,,,,,,,,,Enabled,,,,,,,,,,,Placement Product Page,0,
Sponsored Products,Bidding Adjustment,Create,POSITIVEJAR_TURTLE_SP00_emotional support turtle_Phrase_Nguyen_280526,,,,,,,,,,,Enabled,,,,,,,,,,,Placement Rest Of Search,0,
Sponsored Products,Ad Group,Create,POSITIVEJAR_TURTLE_SP00_emotional support turtle_Phrase_Nguyen_280526,POSITIVEJAR_TURTLE_SP00_emotional support turtle_Phrase_Nguyen_280526,,,,,,emotional support turtle,,,,Enabled,,,,,,0.4,,,,,,,
Sponsored Products,Product Ad,Create,POSITIVEJAR_TURTLE_SP00_emotional support turtle_Phrase_Nguyen_280526,POSITIVEJAR_TURTLE_SP00_emotional support turtle_Phrase_Nguyen_280526,,,,,,,,,,Enabled,,POSITIVEJAR_TURTLE,,,,,,,,,,,
Sponsored Products,Keyword,Create,POSITIVEJAR_TURTLE_SP00_emotional support turtle_Phrase_Nguyen_280526,POSITIVEJAR_TURTLE_SP00_emotional support turtle_Phrase_Nguyen_280526,,,,,,,,,,Enabled,,,,,,,0.4,emotional support turtle,phrase,,,,
Sponsored Products,Campaign,Create,POSITIVEJAR_TURTLE_SP00_positive turtle_Phrase_Nguyen_280526,,88958883595750,,,,POSITIVEJAR_TURTLE_SP00_positive turtle_Phrase_Nguyen_280526,,20260528,,Manual,Enabled,5.0,,,,,,,,,Dynamic bids - down only,,,
Sponsored Products,Bidding Adjustment,Create,POSITIVEJAR_TURTLE_SP00_positive turtle_Phrase_Nguyen_280526,,,,,,,,,,,Enabled,,,,,,,,,,,Placement Top,0,
Sponsored Products,Bidding Adjustment,Create,POSITIVEJAR_TURTLE_SP00_positive turtle_Phrase_Nguyen_280526,,,,,,,,,,,Enabled,,,,,,,,,,,Placement Product Page,0,
Sponsored Products,Bidding Adjustment,Create,POSITIVEJAR_TURTLE_SP00_positive turtle_Phrase_Nguyen_280526,,,,,,,,,,,Enabled,,,,,,,,,,,Placement Rest Of Search,0,
Sponsored Products,Ad Group,Create,POSITIVEJAR_TURTLE_SP00_positive turtle_Phrase_Nguyen_280526,POSITIVEJAR_TURTLE_SP00_positive turtle_Phrase_Nguyen_280526,,,,,,positive turtle,,,,Enabled,,,,,,0.4,,,,,,,
Sponsored Products,Product Ad,Create,POSITIVEJAR_TURTLE_SP00_positive turtle_Phrase_Nguyen_280526,POSITIVEJAR_TURTLE_SP00_positive turtle_Phrase_Nguyen_280526,,,,,,,,,,Enabled,,POSITIVEJAR_TURTLE,,,,,,,,,,,
Sponsored Products,Keyword,Create,POSITIVEJAR_TURTLE_SP00_positive turtle_Phrase_Nguyen_280526,POSITIVEJAR_TURTLE_SP00_positive turtle_Phrase_Nguyen_280526,,,,,,,,,,Enabled,,,,,,,0.4,positive turtle,phrase,,,,
Sponsored Products,Campaign,Create,POSITIVEJAR_TURTLE_SP00_turtle in a jar_Phrase_Nguyen_280526,,88958883595750,,,,POSITIVEJAR_TURTLE_SP00_turtle in a jar_Phrase_Nguyen_280526,,20260528,,Manual,Enabled,5.0,,,,,,,,,Dynamic bids - down only,,,
Sponsored Products,Bidding Adjustment,Create,POSITIVEJAR_TURTLE_SP00_turtle in a jar_Phrase_Nguyen_280526,,,,,,,,,,,Enabled,,,,,,,,,,,Placement Top,0,
Sponsored Products,Bidding Adjustment,Create,POSITIVEJAR_TURTLE_SP00_turtle in a jar_Phrase_Nguyen_280526,,,,,,,,,,,Enabled,,,,,,,,,,,Placement Product Page,0,
Sponsored Products,Bidding Adjustment,Create,POSITIVEJAR_TURTLE_SP00_turtle in a jar_Phrase_Nguyen_280526,,,,,,,,,,,Enabled,,,,,,,,,,,Placement Rest Of Search,0,
Sponsored Products,Ad Group,Create,POSITIVEJAR_TURTLE_SP00_turtle in a jar_Phrase_Nguyen_280526,POSITIVEJAR_TURTLE_SP00_turtle in a jar_Phrase_Nguyen_280526,,,,,,turtle in a jar,,,,Enabled,,,,,,0.4,,,,,,,
Sponsored Products,Product Ad,Create,POSITIVEJAR_TURTLE_SP00_turtle in a jar_Phrase_Nguyen_280526,POSITIVEJAR_TURTLE_SP00_turtle in a jar_Phrase_Nguyen_280526,,,,,,,,,,Enabled,,POSITIVEJAR_TURTLE,,,,,,,,,,,
Sponsored Products,Keyword,Create,POSITIVEJAR_TURTLE_SP00_turtle in a jar_Phrase_Nguyen_280526,POSITIVEJAR_TURTLE_SP00_turtle in a jar_Phrase_Nguyen_280526,,,,,,,,,,Enabled,,,,,,,0.4,turtle in a jar,phrase,,,,
Sponsored Products,Campaign,Create,POSITIVEJAR_TURTLE_SP00_turtle souvenir_Phrase_Nguyen_280526,,88958883595750,,,,POSITIVEJAR_TURTLE_SP00_turtle souvenir_Phrase_Nguyen_280526,,20260528,,Manual,Enabled,5.0,,,,,,,,,Dynamic bids - down only,,,
Sponsored Products,Bidding Adjustment,Create,POSITIVEJAR_TURTLE_SP00_turtle souvenir_Phrase_Nguyen_280526,,,,,,,,,,,Enabled,,,,,,,,,,,Placement Top,0,
Sponsored Products,Bidding Adjustment,Create,POSITIVEJAR_TURTLE_SP00_turtle souvenir_Phrase_Nguyen_280526,,,,,,,,,,,Enabled,,,,,,,,,,,Placement Product Page,0,
Sponsored Products,Bidding Adjustment,Create,POSITIVEJAR_TURTLE_SP00_turtle souvenir_Phrase_Nguyen_280526,,,,,,,,,,,Enabled,,,,,,,,,,,Placement Rest Of Search,0,
Sponsored Products,Ad Group,Create,POSITIVEJAR_TURTLE_SP00_turtle souvenir_Phrase_Nguyen_280526,POSITIVEJAR_TURTLE_SP00_turtle souvenir_Phrase_Nguyen_280526,,,,,,turtle souvenir,,,,Enabled,,,,,,0.4,,,,,,,
Sponsored Products,Product Ad,Create,POSITIVEJAR_TURTLE_SP00_turtle souvenir_Phrase_Nguyen_280526,POSITIVEJAR_TURTLE_SP00_turtle souvenir_Phrase_Nguyen_280526,,,,,,,,,,Enabled,,POSITIVEJAR_TURTLE,,,,,,,,,,,
Sponsored Products,Keyword,Create,POSITIVEJAR_TURTLE_SP00_turtle souvenir_Phrase_Nguyen_280526,POSITIVEJAR_TURTLE_SP00_turtle souvenir_Phrase_Nguyen_280526,,,,,,,,,,Enabled,,,,,,,0.4,turtle souvenir,phrase,,,,
Sponsored Products,Campaign,Create,POSITIVEJAR_TURTLE_SP00_turtle home decor_Phrase_Nguyen_280526,,88958883595750,,,,POSITIVEJAR_TURTLE_SP00_turtle home decor_Phrase_Nguyen_280526,,20260528,,Manual,Enabled,5.0,,,,,,,,,Dynamic bids - down only,,,
Sponsored Products,Bidding Adjustment,Create,POSITIVEJAR_TURTLE_SP00_turtle home decor_Phrase_Nguyen_280526,,,,,,,,,,,Enabled,,,,,,,,,,,Placement Top,0,
Sponsored Products,Bidding Adjustment,Create,POSITIVEJAR_TURTLE_SP00_turtle home decor_Phrase_Nguyen_280526,,,,,,,,,,,Enabled,,,,,,,,,,,Placement Product Page,0,
Sponsored Products,Bidding Adjustment,Create,POSITIVEJAR_TURTLE_SP00_turtle home decor_Phrase_Nguyen_280526,,,,,,,,,,,Enabled,,,,,,,,,,,Placement Rest Of Search,0,
Sponsored Products,Ad Group,Create,POSITIVEJAR_TURTLE_SP00_turtle home decor_Phrase_Nguyen_280526,POSITIVEJAR_TURTLE_SP00_turtle home decor_Phrase_Nguyen_280526,,,,,,turtle home decor,,,,Enabled,,,,,,0.4,,,,,,,
Sponsored Products,Product Ad,Create,POSITIVEJAR_TURTLE_SP00_turtle home decor_Phrase_Nguyen_280526,POSITIVEJAR_TURTLE_SP00_turtle home decor_Phrase_Nguyen_280526,,,,,,,,,,Enabled,,POSITIVEJAR_TURTLE,,,,,,,,,,,
Sponsored Products,Keyword,Create,POSITIVEJAR_TURTLE_SP00_turtle home decor_Phrase_Nguyen_280526,POSITIVEJAR_TURTLE_SP00_turtle home decor_Phrase_Nguyen_280526,,,,,,,,,,Enabled,,,,,,,0.4,turtle home decor,phrase,,,,
Sponsored Products,Campaign,Create,POSITIVEJAR_TURTLE_SP00_sea turtle decor_Phrase_Nguyen_280526,,88958883595750,,,,POSITIVEJAR_TURTLE_SP00_sea turtle decor_Phrase_Nguyen_280526,,20260528,,Manual,Enabled,5.0,,,,,,,,,Dynamic bids - down only,,,
Sponsored Products,Bidding Adjustment,Create,POSITIVEJAR_TURTLE_SP00_sea turtle decor_Phrase_Nguyen_280526,,,,,,,,,,,Enabled,,,,,,,,,,,Placement Top,0,
Sponsored Products,Bidding Adjustment,Create,POSITIVEJAR_TURTLE_SP00_sea turtle decor_Phrase_Nguyen_280526,,,,,,,,,,,Enabled,,,,,,,,,,,Placement Product Page,0,
Sponsored Products,Bidding Adjustment,Create,POSITIVEJAR_TURTLE_SP00_sea turtle decor_Phrase_Nguyen_280526,,,,,,,,,,,Enabled,,,,,,,,,,,Placement Rest Of Search,0,
Sponsored Products,Ad Group,Create,POSITIVEJAR_TURTLE_SP00_sea turtle decor_Phrase_Nguyen_280526,POSITIVEJAR_TURTLE_SP00_sea turtle decor_Phrase_Nguyen_280526,,,,,,sea turtle decor,,,,Enabled,,,,,,0.4,,,,,,,
Sponsored Products,Product Ad,Create,POSITIVEJAR_TURTLE_SP00_sea turtle decor_Phrase_Nguyen_280526,POSITIVEJAR_TURTLE_SP00_sea turtle decor_Phrase_Nguyen_280526,,,,,,,,,,Enabled,,POSITIVEJAR_TURTLE,,,,,,,,,,,
Sponsored Products,Keyword,Create,POSITIVEJAR_TURTLE_SP00_sea turtle decor_Phrase_Nguyen_280526,POSITIVEJAR_TURTLE_SP00_sea turtle decor_Phrase_Nguyen_280526,,,,,,,,,,Enabled,,,,,,,0.4,sea turtle decor,phrase,,,,
Sponsored Products,Campaign,Create,POSITIVEJAR_TURTLE_SP00_inspirational turtle_Phrase_Nguyen_280526,,88958883595750,,,,POSITIVEJAR_TURTLE_SP00_inspirational turtle_Phrase_Nguyen_280526,,20260528,,Manual,Enabled,5.0,,,,,,,,,Dynamic bids - down only,,,
Sponsored Products,Bidding Adjustment,Create,POSITIVEJAR_TURTLE_SP00_inspirational turtle_Phrase_Nguyen_280526,,,,,,,,,,,Enabled,,,,,,,,,,,Placement Top,0,
Sponsored Products,Bidding Adjustment,Create,POSITIVEJAR_TURTLE_SP00_inspirational turtle_Phrase_Nguyen_280526,,,,,,,,,,,Enabled,,,,,,,,,,,Placement Product Page,0,
Sponsored Products,Bidding Adjustment,Create,POSITIVEJAR_TURTLE_SP00_inspirational turtle_Phrase_Nguyen_280526,,,,,,,,,,,Enabled,,,,,,,,,,,Placement Rest Of Search,0,
Sponsored Products,Ad Group,Create,POSITIVEJAR_TURTLE_SP00_inspirational turtle_Phrase_Nguyen_280526,POSITIVEJAR_TURTLE_SP00_inspirational turtle_Phrase_Nguyen_280526,,,,,,inspirational turtle,,,,Enabled,,,,,,0.4,,,,,,,
Sponsored Products,Product Ad,Create,POSITIVEJAR_TURTLE_SP00_inspirational turtle_Phrase_Nguyen_280526,POSITIVEJAR_TURTLE_SP00_inspirational turtle_Phrase_Nguyen_280526,,,,,,,,,,Enabled,,POSITIVEJAR_TURTLE,,,,,,,,,,,
Sponsored Products,Keyword,Create,POSITIVEJAR_TURTLE_SP00_inspirational turtle_Phrase_Nguyen_280526,POSITIVEJAR_TURTLE_SP00_inspirational turtle_Phrase_Nguyen_280526,,,,,,,,,,Enabled,,,,,,,0.4,inspirational turtle,phrase,,,,
Sponsored Products,Campaign,Create,POSITIVEJAR_TURTLE_SP00_cute turtle accessories_Phrase_Nguyen_280526,,88958883595750,,,,POSITIVEJAR_TURTLE_SP00_cute turtle accessories_Phrase_Nguyen_280526,,20260528,,Manual,Enabled,5.0,,,,,,,,,Dynamic bids - down only,,,
Sponsored Products,Bidding Adjustment,Create,POSITIVEJAR_TURTLE_SP00_cute turtle accessories_Phrase_Nguyen_280526,,,,,,,,,,,Enabled,,,,,,,,,,,Placement Top,0,
Sponsored Products,Bidding Adjustment,Create,POSITIVEJAR_TURTLE_SP00_cute turtle accessories_Phrase_Nguyen_280526,,,,,,,,,,,Enabled,,,,,,,,,,,Placement Product Page,0,
Sponsored Products,Bidding Adjustment,Create,POSITIVEJAR_TURTLE_SP00_cute turtle accessories_Phrase_Nguyen_280526,,,,,,,,,,,Enabled,,,,,,,,,,,Placement Rest Of Search,0,
Sponsored Products,Ad Group,Create,POSITIVEJAR_TURTLE_SP00_cute turtle accessories_Phrase_Nguyen_280526,POSITIVEJAR_TURTLE_SP00_cute turtle accessories_Phrase_Nguyen_280526,,,,,,cute turtle accessories,,,,Enabled,,,,,,0.4,,,,,,,
Sponsored Products,Product Ad,Create,POSITIVEJAR_TURTLE_SP00_cute turtle accessories_Phrase_Nguyen_280526,POSITIVEJAR_TURTLE_SP00_cute turtle accessories_Phrase_Nguyen_280526,,,,,,,,,,Enabled,,POSITIVEJAR_TURTLE,,,,,,,,,,,
Sponsored Products,Keyword,Create,POSITIVEJAR_TURTLE_SP00_cute turtle accessories_Phrase_Nguyen_280526,POSITIVEJAR_TURTLE_SP00_cute turtle accessories_Phrase_Nguyen_280526,,,,,,,,,,Enabled,,,,,,,0.4,cute turtle accessories,phrase,,,,
Sponsored Products,Campaign,Create,POSITIVEJAR_TURTLE_SP00_turtle card_Phrase_Nguyen_280526,,88958883595750,,,,POSITIVEJAR_TURTLE_SP00_turtle card_Phrase_Nguyen_280526,,20260528,,Manual,Enabled,5.0,,,,,,,,,Dynamic bids - down only,,,
Sponsored Products,Bidding Adjustment,Create,POSITIVEJAR_TURTLE_SP00_turtle card_Phrase_Nguyen_280526,,,,,,,,,,,Enabled,,,,,,,,,,,Placement Top,0,
Sponsored Products,Bidding Adjustment,Create,POSITIVEJAR_TURTLE_SP00_turtle card_Phrase_Nguyen_280526,,,,,,,,,,,Enabled,,,,,,,,,,,Placement Product Page,0,
Sponsored Products,Bidding Adjustment,Create,POSITIVEJAR_TURTLE_SP00_turtle card_Phrase_Nguyen_280526,,,,,,,,,,,Enabled,,,,,,,,,,,Placement Rest Of Search,0,
Sponsored Products,Ad Group,Create,POSITIVEJAR_TURTLE_SP00_turtle card_Phrase_Nguyen_280526,POSITIVEJAR_TURTLE_SP00_turtle card_Phrase_Nguyen_280526,,,,,,turtle card,,,,Enabled,,,,,,0.4,,,,,,,
Sponsored Products,Product Ad,Create,POSITIVEJAR_TURTLE_SP00_turtle card_Phrase_Nguyen_280526,POSITIVEJAR_TURTLE_SP00_turtle card_Phrase_Nguyen_280526,,,,,,,,,,Enabled,,POSITIVEJAR_TURTLE,,,,,,,,,,,
Sponsored Products,Keyword,Create,POSITIVEJAR_TURTLE_SP00_turtle card_Phrase_Nguyen_280526,POSITIVEJAR_TURTLE_SP00_turtle card_Phrase_Nguyen_280526,,,,,,,,,,Enabled,,,,,,,0.4,turtle card,phrase,,,,
Sponsored Products,Campaign,Create,POSITIVEJAR_TURTLE_SP00_turtle stuff_Broad_Nguyen_280526,,88958883595750,,,,POSITIVEJAR_TURTLE_SP00_turtle stuff_Broad_Nguyen_280526,,20260528,,Manual,Enabled,5.0,,,,,,,,,Dynamic bids - down only,,,
Sponsored Products,Bidding Adjustment,Create,POSITIVEJAR_TURTLE_SP00_turtle stuff_Broad_Nguyen_280526,,,,,,,,,,,Enabled,,,,,,,,,,,Placement Top,0,
Sponsored Products,Bidding Adjustment,Create,POSITIVEJAR_TURTLE_SP00_turtle stuff_Broad_Nguyen_280526,,,,,,,,,,,Enabled,,,,,,,,,,,Placement Product Page,0,
Sponsored Products,Bidding Adjustment,Create,POSITIVEJAR_TURTLE_SP00_turtle stuff_Broad_Nguyen_280526,,,,,,,,,,,Enabled,,,,,,,,,,,Placement Rest Of Search,0,
Sponsored Products,Ad Group,Create,POSITIVEJAR_TURTLE_SP00_turtle stuff_Broad_Nguyen_280526,POSITIVEJAR_TURTLE_SP00_turtle stuff_Broad_Nguyen_280526,,,,,,turtle stuff,,,,Enabled,,,,,,0.3,,,,,,,
Sponsored Products,Product Ad,Create,POSITIVEJAR_TURTLE_SP00_turtle stuff_Broad_Nguyen_280526,POSITIVEJAR_TURTLE_SP00_turtle stuff_Broad_Nguyen_280526,,,,,,,,,,Enabled,,POSITIVEJAR_TURTLE,,,,,,,,,,,
Sponsored Products,Keyword,Create,POSITIVEJAR_TURTLE_SP00_turtle stuff_Broad_Nguyen_280526,POSITIVEJAR_TURTLE_SP00_turtle stuff_Broad_Nguyen_280526,,,,,,,,,,Enabled,,,,,,,0.3,turtle stuff,broad,,,,
Sponsored Products,Campaign,Create,POSITIVEJAR_TURTLE_SP00_emotional support turtle_Broad_Nguyen_280526,,88958883595750,,,,POSITIVEJAR_TURTLE_SP00_emotional support turtle_Broad_Nguyen_280526,,20260528,,Manual,Enabled,5.0,,,,,,,,,Dynamic bids - down only,,,
Sponsored Products,Bidding Adjustment,Create,POSITIVEJAR_TURTLE_SP00_emotional support turtle_Broad_Nguyen_280526,,,,,,,,,,,Enabled,,,,,,,,,,,Placement Top,0,
Sponsored Products,Bidding Adjustment,Create,POSITIVEJAR_TURTLE_SP00_emotional support turtle_Broad_Nguyen_280526,,,,,,,,,,,Enabled,,,,,,,,,,,Placement Product Page,0,
Sponsored Products,Bidding Adjustment,Create,POSITIVEJAR_TURTLE_SP00_emotional support turtle_Broad_Nguyen_280526,,,,,,,,,,,Enabled,,,,,,,,,,,Placement Rest Of Search,0,
Sponsored Products,Ad Group,Create,POSITIVEJAR_TURTLE_SP00_emotional support turtle_Broad_Nguyen_280526,POSITIVEJAR_TURTLE_SP00_emotional support turtle_Broad_Nguyen_280526,,,,,,emotional support turtle,,,,Enabled,,,,,,0.3,,,,,,,
Sponsored Products,Product Ad,Create,POSITIVEJAR_TURTLE_SP00_emotional support turtle_Broad_Nguyen_280526,POSITIVEJAR_TURTLE_SP00_emotional support turtle_Broad_Nguyen_280526,,,,,,,,,,Enabled,,POSITIVEJAR_TURTLE,,,,,,,,,,,
Sponsored Products,Keyword,Create,POSITIVEJAR_TURTLE_SP00_emotional support turtle_Broad_Nguyen_280526,POSITIVEJAR_TURTLE_SP00_emotional support turtle_Broad_Nguyen_280526,,,,,,,,,,Enabled,,,,,,,0.3,emotional support turtle,broad,,,,
Sponsored Products,Campaign,Create,POSITIVEJAR_TURTLE_SP00_positive turtle_Broad_Nguyen_280526,,88958883595750,,,,POSITIVEJAR_TURTLE_SP00_positive turtle_Broad_Nguyen_280526,,20260528,,Manual,Enabled,5.0,,,,,,,,,Dynamic bids - down only,,,
Sponsored Products,Bidding Adjustment,Create,POSITIVEJAR_TURTLE_SP00_positive turtle_Broad_Nguyen_280526,,,,,,,,,,,Enabled,,,,,,,,,,,Placement Top,0,
Sponsored Products,Bidding Adjustment,Create,POSITIVEJAR_TURTLE_SP00_positive turtle_Broad_Nguyen_280526,,,,,,,,,,,Enabled,,,,,,,,,,,Placement Product Page,0,
Sponsored Products,Bidding Adjustment,Create,POSITIVEJAR_TURTLE_SP00_positive turtle_Broad_Nguyen_280526,,,,,,,,,,,Enabled,,,,,,,,,,,Placement Rest Of Search,0,
Sponsored Products,Ad Group,Create,POSITIVEJAR_TURTLE_SP00_positive turtle_Broad_Nguyen_280526,POSITIVEJAR_TURTLE_SP00_positive turtle_Broad_Nguyen_280526,,,,,,positive turtle,,,,Enabled,,,,,,0.3,,,,,,,
Sponsored Products,Product Ad,Create,POSITIVEJAR_TURTLE_SP00_positive turtle_Broad_Nguyen_280526,POSITIVEJAR_TURTLE_SP00_positive turtle_Broad_Nguyen_280526,,,,,,,,,,Enabled,,POSITIVEJAR_TURTLE,,,,,,,,,,,
Sponsored Products,Keyword,Create,POSITIVEJAR_TURTLE_SP00_positive turtle_Broad_Nguyen_280526,POSITIVEJAR_TURTLE_SP00_positive turtle_Broad_Nguyen_280526,,,,,,,,,,Enabled,,,,,,,0.3,positive turtle,broad,,,,
Sponsored Products,Campaign,Create,POSITIVEJAR_TURTLE_SP00_turtle in a jar_Broad_Nguyen_280526,,88958883595750,,,,POSITIVEJAR_TURTLE_SP00_turtle in a jar_Broad_Nguyen_280526,,20260528,,Manual,Enabled,5.0,,,,,,,,,Dynamic bids - down only,,,
Sponsored Products,Bidding Adjustment,Create,POSITIVEJAR_TURTLE_SP00_turtle in a jar_Broad_Nguyen_280526,,,,,,,,,,,Enabled,,,,,,,,,,,Placement Top,0,
Sponsored Products,Bidding Adjustment,Create,POSITIVEJAR_TURTLE_SP00_turtle in a jar_Broad_Nguyen_280526,,,,,,,,,,,Enabled,,,,,,,,,,,Placement Product Page,0,
Sponsored Products,Bidding Adjustment,Create,POSITIVEJAR_TURTLE_SP00_turtle in a jar_Broad_Nguyen_280526,,,,,,,,,,,Enabled,,,,,,,,,,,Placement Rest Of Search,0,
Sponsored Products,Ad Group,Create,POSITIVEJAR_TURTLE_SP00_turtle in a jar_Broad_Nguyen_280526,POSITIVEJAR_TURTLE_SP00_turtle in a jar_Broad_Nguyen_280526,,,,,,turtle in a jar,,,,Enabled,,,,,,0.3,,,,,,,
Sponsored Products,Product Ad,Create,POSITIVEJAR_TURTLE_SP00_turtle in a jar_Broad_Nguyen_280526,POSITIVEJAR_TURTLE_SP00_turtle in a jar_Broad_Nguyen_280526,,,,,,,,,,Enabled,,POSITIVEJAR_TURTLE,,,,,,,,,,,
Sponsored Products,Keyword,Create,POSITIVEJAR_TURTLE_SP00_turtle in a jar_Broad_Nguyen_280526,POSITIVEJAR_TURTLE_SP00_turtle in a jar_Broad_Nguyen_280526,,,,,,,,,,Enabled,,,,,,,0.3,turtle in a jar,broad,,,,
Sponsored Products,Campaign,Create,POSITIVEJAR_TURTLE_SP00_turtle souvenir_Broad_Nguyen_280526,,88958883595750,,,,POSITIVEJAR_TURTLE_SP00_turtle souvenir_Broad_Nguyen_280526,,20260528,,Manual,Enabled,5.0,,,,,,,,,Dynamic bids - down only,,,
Sponsored Products,Bidding Adjustment,Create,POSITIVEJAR_TURTLE_SP00_turtle souvenir_Broad_Nguyen_280526,,,,,,,,,,,Enabled,,,,,,,,,,,Placement Top,0,
Sponsored Products,Bidding Adjustment,Create,POSITIVEJAR_TURTLE_SP00_turtle souvenir_Broad_Nguyen_280526,,,,,,,,,,,Enabled,,,,,,,,,,,Placement Product Page,0,
Sponsored Products,Bidding Adjustment,Create,POSITIVEJAR_TURTLE_SP00_turtle souvenir_Broad_Nguyen_280526,,,,,,,,,,,Enabled,,,,,,,,,,,Placement Rest Of Search,0,
Sponsored Products,Ad Group,Create,POSITIVEJAR_TURTLE_SP00_turtle souvenir_Broad_Nguyen_280526,POSITIVEJAR_TURTLE_SP00_turtle souvenir_Broad_Nguyen_280526,,,,,,turtle souvenir,,,,Enabled,,,,,,0.3,,,,,,,
Sponsored Products,Product Ad,Create,POSITIVEJAR_TURTLE_SP00_turtle souvenir_Broad_Nguyen_280526,POSITIVEJAR_TURTLE_SP00_turtle souvenir_Broad_Nguyen_280526,,,,,,,,,,Enabled,,POSITIVEJAR_TURTLE,,,,,,,,,,,
Sponsored Products,Keyword,Create,POSITIVEJAR_TURTLE_SP00_turtle souvenir_Broad_Nguyen_280526,POSITIVEJAR_TURTLE_SP00_turtle souvenir_Broad_Nguyen_280526,,,,,,,,,,Enabled,,,,,,,0.3,turtle souvenir,broad,,,,
Sponsored Products,Campaign,Create,POSITIVEJAR_TURTLE_SP00_turtle home decor_Broad_Nguyen_280526,,88958883595750,,,,POSITIVEJAR_TURTLE_SP00_turtle home decor_Broad_Nguyen_280526,,20260528,,Manual,Enabled,5.0,,,,,,,,,Dynamic bids - down only,,,
Sponsored Products,Bidding Adjustment,Create,POSITIVEJAR_TURTLE_SP00_turtle home decor_Broad_Nguyen_280526,,,,,,,,,,,Enabled,,,,,,,,,,,Placement Top,0,
Sponsored Products,Bidding Adjustment,Create,POSITIVEJAR_TURTLE_SP00_turtle home decor_Broad_Nguyen_280526,,,,,,,,,,,Enabled,,,,,,,,,,,Placement Product Page,0,
Sponsored Products,Bidding Adjustment,Create,POSITIVEJAR_TURTLE_SP00_turtle home decor_Broad_Nguyen_280526,,,,,,,,,,,Enabled,,,,,,,,,,,Placement Rest Of Search,0,
Sponsored Products,Ad Group,Create,POSITIVEJAR_TURTLE_SP00_turtle home decor_Broad_Nguyen_280526,POSITIVEJAR_TURTLE_SP00_turtle home decor_Broad_Nguyen_280526,,,,,,turtle home decor,,,,Enabled,,,,,,0.3,,,,,,,
Sponsored Products,Product Ad,Create,POSITIVEJAR_TURTLE_SP00_turtle home decor_Broad_Nguyen_280526,POSITIVEJAR_TURTLE_SP00_turtle home decor_Broad_Nguyen_280526,,,,,,,,,,Enabled,,POSITIVEJAR_TURTLE,,,,,,,,,,,
Sponsored Products,Keyword,Create,POSITIVEJAR_TURTLE_SP00_turtle home decor_Broad_Nguyen_280526,POSITIVEJAR_TURTLE_SP00_turtle home decor_Broad_Nguyen_280526,,,,,,,,,,Enabled,,,,,,,0.3,turtle home decor,broad,,,,
Sponsored Products,Campaign,Create,POSITIVEJAR_TURTLE_SP00_sea turtle decor_Broad_Nguyen_280526,,88958883595750,,,,POSITIVEJAR_TURTLE_SP00_sea turtle decor_Broad_Nguyen_280526,,20260528,,Manual,Enabled,5.0,,,,,,,,,Dynamic bids - down only,,,
Sponsored Products,Bidding Adjustment,Create,POSITIVEJAR_TURTLE_SP00_sea turtle decor_Broad_Nguyen_280526,,,,,,,,,,,Enabled,,,,,,,,,,,Placement Top,0,
Sponsored Products,Bidding Adjustment,Create,POSITIVEJAR_TURTLE_SP00_sea turtle decor_Broad_Nguyen_280526,,,,,,,,,,,Enabled,,,,,,,,,,,Placement Product Page,0,
Sponsored Products,Bidding Adjustment,Create,POSITIVEJAR_TURTLE_SP00_sea turtle decor_Broad_Nguyen_280526,,,,,,,,,,,Enabled,,,,,,,,,,,Placement Rest Of Search,0,
Sponsored Products,Ad Group,Create,POSITIVEJAR_TURTLE_SP00_sea turtle decor_Broad_Nguyen_280526,POSITIVEJAR_TURTLE_SP00_sea turtle decor_Broad_Nguyen_280526,,,,,,sea turtle decor,,,,Enabled,,,,,,0.3,,,,,,,
Sponsored Products,Product Ad,Create,POSITIVEJAR_TURTLE_SP00_sea turtle decor_Broad_Nguyen_280526,POSITIVEJAR_TURTLE_SP00_sea turtle decor_Broad_Nguyen_280526,,,,,,,,,,Enabled,,POSITIVEJAR_TURTLE,,,,,,,,,,,
Sponsored Products,Keyword,Create,POSITIVEJAR_TURTLE_SP00_sea turtle decor_Broad_Nguyen_280526,POSITIVEJAR_TURTLE_SP00_sea turtle decor_Broad_Nguyen_280526,,,,,,,,,,Enabled,,,,,,,0.3,sea turtle decor,broad,,,,
Sponsored Products,Campaign,Create,POSITIVEJAR_TURTLE_SP00_inspirational turtle_Broad_Nguyen_280526,,88958883595750,,,,POSITIVEJAR_TURTLE_SP00_inspirational turtle_Broad_Nguyen_280526,,20260528,,Manual,Enabled,5.0,,,,,,,,,Dynamic bids - down only,,,
Sponsored Products,Bidding Adjustment,Create,POSITIVEJAR_TURTLE_SP00_inspirational turtle_Broad_Nguyen_280526,,,,,,,,,,,Enabled,,,,,,,,,,,Placement Top,0,
Sponsored Products,Bidding Adjustment,Create,POSITIVEJAR_TURTLE_SP00_inspirational turtle_Broad_Nguyen_280526,,,,,,,,,,,Enabled,,,,,,,,,,,Placement Product Page,0,
Sponsored Products,Bidding Adjustment,Create,POSITIVEJAR_TURTLE_SP00_inspirational turtle_Broad_Nguyen_280526,,,,,,,,,,,Enabled,,,,,,,,,,,Placement Rest Of Search,0,
Sponsored Products,Ad Group,Create,POSITIVEJAR_TURTLE_SP00_inspirational turtle_Broad_Nguyen_280526,POSITIVEJAR_TURTLE_SP00_inspirational turtle_Broad_Nguyen_280526,,,,,,inspirational turtle,,,,Enabled,,,,,,0.3,,,,,,,
Sponsored Products,Product Ad,Create,POSITIVEJAR_TURTLE_SP00_inspirational turtle_Broad_Nguyen_280526,POSITIVEJAR_TURTLE_SP00_inspirational turtle_Broad_Nguyen_280526,,,,,,,,,,Enabled,,POSITIVEJAR_TURTLE,,,,,,,,,,,
Sponsored Products,Keyword,Create,POSITIVEJAR_TURTLE_SP00_inspirational turtle_Broad_Nguyen_280526,POSITIVEJAR_TURTLE_SP00_inspirational turtle_Broad_Nguyen_280526,,,,,,,,,,Enabled,,,,,,,0.3,inspirational turtle,broad,,,,
Sponsored Products,Campaign,Create,POSITIVEJAR_TURTLE_SP00_cute turtle accessories_Broad_Nguyen_280526,,88958883595750,,,,POSITIVEJAR_TURTLE_SP00_cute turtle accessories_Broad_Nguyen_280526,,20260528,,Manual,Enabled,5.0,,,,,,,,,Dynamic bids - down only,,,
Sponsored Products,Bidding Adjustment,Create,POSITIVEJAR_TURTLE_SP00_cute turtle accessories_Broad_Nguyen_280526,,,,,,,,,,,Enabled,,,,,,,,,,,Placement Top,0,
Sponsored Products,Bidding Adjustment,Create,POSITIVEJAR_TURTLE_SP00_cute turtle accessories_Broad_Nguyen_280526,,,,,,,,,,,Enabled,,,,,,,,,,,Placement Product Page,0,
Sponsored Products,Bidding Adjustment,Create,POSITIVEJAR_TURTLE_SP00_cute turtle accessories_Broad_Nguyen_280526,,,,,,,,,,,Enabled,,,,,,,,,,,Placement Rest Of Search,0,
Sponsored Products,Ad Group,Create,POSITIVEJAR_TURTLE_SP00_cute turtle accessories_Broad_Nguyen_280526,POSITIVEJAR_TURTLE_SP00_cute turtle accessories_Broad_Nguyen_280526,,,,,,cute turtle accessories,,,,Enabled,,,,,,0.3,,,,,,,
Sponsored Products,Product Ad,Create,POSITIVEJAR_TURTLE_SP00_cute turtle accessories_Broad_Nguyen_280526,POSITIVEJAR_TURTLE_SP00_cute turtle accessories_Broad_Nguyen_280526,,,,,,,,,,Enabled,,POSITIVEJAR_TURTLE,,,,,,,,,,,
Sponsored Products,Keyword,Create,POSITIVEJAR_TURTLE_SP00_cute turtle accessories_Broad_Nguyen_280526,POSITIVEJAR_TURTLE_SP00_cute turtle accessories_Broad_Nguyen_280526,,,,,,,,,,Enabled,,,,,,,0.3,cute turtle accessories,broad,,,,
Sponsored Products,Campaign,Create,POSITIVEJAR_TURTLE_SP00_turtle card_Broad_Nguyen_280526,,88958883595750,,,,POSITIVEJAR_TURTLE_SP00_turtle card_Broad_Nguyen_280526,,20260528,,Manual,Enabled,5.0,,,,,,,,,Dynamic bids - down only,,,
Sponsored Products,Bidding Adjustment,Create,POSITIVEJAR_TURTLE_SP00_turtle card_Broad_Nguyen_280526,,,,,,,,,,,Enabled,,,,,,,,,,,Placement Top,0,
Sponsored Products,Bidding Adjustment,Create,POSITIVEJAR_TURTLE_SP00_turtle card_Broad_Nguyen_280526,,,,,,,,,,,Enabled,,,,,,,,,,,Placement Product Page,0,
Sponsored Products,Bidding Adjustment,Create,POSITIVEJAR_TURTLE_SP00_turtle card_Broad_Nguyen_280526,,,,,,,,,,,Enabled,,,,,,,,,,,Placement Rest Of Search,0,
Sponsored Products,Ad Group,Create,POSITIVEJAR_TURTLE_SP00_turtle card_Broad_Nguyen_280526,POSITIVEJAR_TURTLE_SP00_turtle card_Broad_Nguyen_280526,,,,,,turtle card,,,,Enabled,,,,,,0.3,,,,,,,
Sponsored Products,Product Ad,Create,POSITIVEJAR_TURTLE_SP00_turtle card_Broad_Nguyen_280526,POSITIVEJAR_TURTLE_SP00_turtle card_Broad_Nguyen_280526,,,,,,,,,,Enabled,,POSITIVEJAR_TURTLE,,,,,,,,,,,
Sponsored Products,Keyword,Create,POSITIVEJAR_TURTLE_SP00_turtle card_Broad_Nguyen_280526,POSITIVEJAR_TURTLE_SP00_turtle card_Broad_Nguyen_280526,,,,,,,,,,Enabled,,,,,,,0.3,turtle card,broad,,,,
Sponsored Products,Campaign,Create,POSITIVEJAR_TURTLE_SP00_turtle for graduation gift_Broad_Nguyen_280526,,88958883595750,,,,POSITIVEJAR_TURTLE_SP00_turtle for graduation gift_Broad_Nguyen_280526,,20260528,,Manual,Enabled,5.0,,,,,,,,,Dynamic bids - down only,,,
Sponsored Products,Bidding Adjustment,Create,POSITIVEJAR_TURTLE_SP00_turtle for graduation gift_Broad_Nguyen_280526,,,,,,,,,,,Enabled,,,,,,,,,,,Placement Top,0,
Sponsored Products,Bidding Adjustment,Create,POSITIVEJAR_TURTLE_SP00_turtle for graduation gift_Broad_Nguyen_280526,,,,,,,,,,,Enabled,,,,,,,,,,,Placement Product Page,0,
Sponsored Products,Bidding Adjustment,Create,POSITIVEJAR_TURTLE_SP00_turtle for graduation gift_Broad_Nguyen_280526,,,,,,,,,,,Enabled,,,,,,,,,,,Placement Rest Of Search,0,
Sponsored Products,Ad Group,Create,POSITIVEJAR_TURTLE_SP00_turtle for graduation gift_Broad_Nguyen_280526,POSITIVEJAR_TURTLE_SP00_turtle for graduation gift_Broad_Nguyen_280526,,,,,,turtle for graduation gift,,,,Enabled,,,,,,0.3,,,,,,,
Sponsored Products,Product Ad,Create,POSITIVEJAR_TURTLE_SP00_turtle for graduation gift_Broad_Nguyen_280526,POSITIVEJAR_TURTLE_SP00_turtle for graduation gift_Broad_Nguyen_280526,,,,,,,,,,Enabled,,POSITIVEJAR_TURTLE,,,,,,,,,,,
Sponsored Products,Keyword,Create,POSITIVEJAR_TURTLE_SP00_turtle for graduation gift_Broad_Nguyen_280526,POSITIVEJAR_TURTLE_SP00_turtle for graduation gift_Broad_Nguyen_280526,,,,,,,,,,Enabled,,,,,,,0.3,turtle for graduation gift,broad,,,,
Sponsored Products,Campaign,Create,POSITIVEJAR_TURTLE_SP00_mothers day turtle gifts_Broad_Nguyen_280526,,88958883595750,,,,POSITIVEJAR_TURTLE_SP00_mothers day turtle gifts_Broad_Nguyen_280526,,20260528,,Manual,Enabled,5.0,,,,,,,,,Dynamic bids - down only,,,
Sponsored Products,Bidding Adjustment,Create,POSITIVEJAR_TURTLE_SP00_mothers day turtle gifts_Broad_Nguyen_280526,,,,,,,,,,,Enabled,,,,,,,,,,,Placement Top,0,
Sponsored Products,Bidding Adjustment,Create,POSITIVEJAR_TURTLE_SP00_mothers day turtle gifts_Broad_Nguyen_280526,,,,,,,,,,,Enabled,,,,,,,,,,,Placement Product Page,0,
Sponsored Products,Bidding Adjustment,Create,POSITIVEJAR_TURTLE_SP00_mothers day turtle gifts_Broad_Nguyen_280526,,,,,,,,,,,Enabled,,,,,,,,,,,Placement Rest Of Search,0,
Sponsored Products,Ad Group,Create,POSITIVEJAR_TURTLE_SP00_mothers day turtle gifts_Broad_Nguyen_280526,POSITIVEJAR_TURTLE_SP00_mothers day turtle gifts_Broad_Nguyen_280526,,,,,,mothers day turtle gifts,,,,Enabled,,,,,,0.3,,,,,,,
Sponsored Products,Product Ad,Create,POSITIVEJAR_TURTLE_SP00_mothers day turtle gifts_Broad_Nguyen_280526,POSITIVEJAR_TURTLE_SP00_mothers day turtle gifts_Broad_Nguyen_280526,,,,,,,,,,Enabled,,POSITIVEJAR_TURTLE,,,,,,,,,,,
Sponsored Products,Keyword,Create,POSITIVEJAR_TURTLE_SP00_mothers day turtle gifts_Broad_Nguyen_280526,POSITIVEJAR_TURTLE_SP00_mothers day turtle gifts_Broad_Nguyen_280526,,,,,,,,,,Enabled,,,,,,,0.3,mothers day turtle gifts,broad,,,,
Sponsored Products,Campaign,Create,POSITIVEJAR_TURTLE_SP00_teacher appreciation gifts turtle_Broad_Nguyen_280526,,88958883595750,,,,POSITIVEJAR_TURTLE_SP00_teacher appreciation gifts turtle_Broad_Nguyen_280526,,20260528,,Manual,Enabled,5.0,,,,,,,,,Dynamic bids - down only,,,
Sponsored Products,Bidding Adjustment,Create,POSITIVEJAR_TURTLE_SP00_teacher appreciation gifts turtle_Broad_Nguyen_280526,,,,,,,,,,,Enabled,,,,,,,,,,,Placement Top,0,
Sponsored Products,Bidding Adjustment,Create,POSITIVEJAR_TURTLE_SP00_teacher appreciation gifts turtle_Broad_Nguyen_280526,,,,,,,,,,,Enabled,,,,,,,,,,,Placement Product Page,0,
Sponsored Products,Bidding Adjustment,Create,POSITIVEJAR_TURTLE_SP00_teacher appreciation gifts turtle_Broad_Nguyen_280526,,,,,,,,,,,Enabled,,,,,,,,,,,Placement Rest Of Search,0,
Sponsored Products,Ad Group,Create,POSITIVEJAR_TURTLE_SP00_teacher appreciation gifts turtle_Broad_Nguyen_280526,POSITIVEJAR_TURTLE_SP00_teacher appreciation gifts turtle_Broad_Nguyen_280526,,,,,,teacher appreciation gifts turtle,,,,Enabled,,,,,,0.3,,,,,,,
Sponsored Products,Product Ad,Create,POSITIVEJAR_TURTLE_SP00_teacher appreciation gifts turtle_Broad_Nguyen_280526,POSITIVEJAR_TURTLE_SP00_teacher appreciation gifts turtle_Broad_Nguyen_280526,,,,,,,,,,Enabled,,POSITIVEJAR_TURTLE,,,,,,,,,,,
Sponsored Products,Keyword,Create,POSITIVEJAR_TURTLE_SP00_teacher appreciation gifts turtle_Broad_Nguyen_280526,POSITIVEJAR_TURTLE_SP00_teacher appreciation gifts turtle_Broad_Nguyen_280526,,,,,,,,,,Enabled,,,,,,,0.3,teacher appreciation gifts turtle,broad,,,,
Sponsored Products,Campaign,Create,POSITIVEJAR_TURTLE_SP00_mothers day gifts for mom_Broad_Nguyen_280526,,88958883595750,,,,POSITIVEJAR_TURTLE_SP00_mothers day gifts for mom_Broad_Nguyen_280526,,20260528,,Manual,Enabled,5.0,,,,,,,,,Dynamic bids - down only,,,
Sponsored Products,Bidding Adjustment,Create,POSITIVEJAR_TURTLE_SP00_mothers day gifts for mom_Broad_Nguyen_280526,,,,,,,,,,,Enabled,,,,,,,,,,,Placement Top,0,
Sponsored Products,Bidding Adjustment,Create,POSITIVEJAR_TURTLE_SP00_mothers day gifts for mom_Broad_Nguyen_280526,,,,,,,,,,,Enabled,,,,,,,,,,,Placement Product Page,0,
Sponsored Products,Bidding Adjustment,Create,POSITIVEJAR_TURTLE_SP00_mothers day gifts for mom_Broad_Nguyen_280526,,,,,,,,,,,Enabled,,,,,,,,,,,Placement Rest Of Search,0,
Sponsored Products,Ad Group,Create,POSITIVEJAR_TURTLE_SP00_mothers day gifts for mom_Broad_Nguyen_280526,POSITIVEJAR_TURTLE_SP00_mothers day gifts for mom_Broad_Nguyen_280526,,,,,,mothers day gifts for mom,,,,Enabled,,,,,,0.3,,,,,,,
Sponsored Products,Product Ad,Create,POSITIVEJAR_TURTLE_SP00_mothers day gifts for mom_Broad_Nguyen_280526,POSITIVEJAR_TURTLE_SP00_mothers day gifts for mom_Broad_Nguyen_280526,,,,,,,,,,Enabled,,POSITIVEJAR_TURTLE,,,,,,,,,,,
Sponsored Products,Keyword,Create,POSITIVEJAR_TURTLE_SP00_mothers day gifts for mom_Broad_Nguyen_280526,POSITIVEJAR_TURTLE_SP00_mothers day gifts for mom_Broad_Nguyen_280526,,,,,,,,,,Enabled,,,,,,,0.3,mothers day gifts for mom,broad,,,,
Sponsored Products,Campaign,Create,POSITIVEJAR_TURTLE_SP00_retirement gifts for women_Broad_Nguyen_280526,,88958883595750,,,,POSITIVEJAR_TURTLE_SP00_retirement gifts for women_Broad_Nguyen_280526,,20260528,,Manual,Enabled,5.0,,,,,,,,,Dynamic bids - down only,,,
Sponsored Products,Bidding Adjustment,Create,POSITIVEJAR_TURTLE_SP00_retirement gifts for women_Broad_Nguyen_280526,,,,,,,,,,,Enabled,,,,,,,,,,,Placement Top,0,
Sponsored Products,Bidding Adjustment,Create,POSITIVEJAR_TURTLE_SP00_retirement gifts for women_Broad_Nguyen_280526,,,,,,,,,,,Enabled,,,,,,,,,,,Placement Product Page,0,
Sponsored Products,Bidding Adjustment,Create,POSITIVEJAR_TURTLE_SP00_retirement gifts for women_Broad_Nguyen_280526,,,,,,,,,,,Enabled,,,,,,,,,,,Placement Rest Of Search,0,
Sponsored Products,Ad Group,Create,POSITIVEJAR_TURTLE_SP00_retirement gifts for women_Broad_Nguyen_280526,POSITIVEJAR_TURTLE_SP00_retirement gifts for women_Broad_Nguyen_280526,,,,,,retirement gifts for women,,,,Enabled,,,,,,0.3,,,,,,,
Sponsored Products,Product Ad,Create,POSITIVEJAR_TURTLE_SP00_retirement gifts for women_Broad_Nguyen_280526,POSITIVEJAR_TURTLE_SP00_retirement gifts for women_Broad_Nguyen_280526,,,,,,,,,,Enabled,,POSITIVEJAR_TURTLE,,,,,,,,,,,
Sponsored Products,Keyword,Create,POSITIVEJAR_TURTLE_SP00_retirement gifts for women_Broad_Nguyen_280526,POSITIVEJAR_TURTLE_SP00_retirement gifts for women_Broad_Nguyen_280526,,,,,,,,,,Enabled,,,,,,,0.3,retirement gifts for women,broad,,,,
Sponsored Products,Campaign,Create,POSITIVEJAR_TURTLE_SP00_graduation gifts for girls_Broad_Nguyen_280526,,88958883595750,,,,POSITIVEJAR_TURTLE_SP00_graduation gifts for girls_Broad_Nguyen_280526,,20260528,,Manual,Enabled,5.0,,,,,,,,,Dynamic bids - down only,,,
Sponsored Products,Bidding Adjustment,Create,POSITIVEJAR_TURTLE_SP00_graduation gifts for girls_Broad_Nguyen_280526,,,,,,,,,,,Enabled,,,,,,,,,,,Placement Top,0,
Sponsored Products,Bidding Adjustment,Create,POSITIVEJAR_TURTLE_SP00_graduation gifts for girls_Broad_Nguyen_280526,,,,,,,,,,,Enabled,,,,,,,,,,,Placement Product Page,0,
Sponsored Products,Bidding Adjustment,Create,POSITIVEJAR_TURTLE_SP00_graduation gifts for girls_Broad_Nguyen_280526,,,,,,,,,,,Enabled,,,,,,,,,,,Placement Rest Of Search,0,
Sponsored Products,Ad Group,Create,POSITIVEJAR_TURTLE_SP00_graduation gifts for girls_Broad_Nguyen_280526,POSITIVEJAR_TURTLE_SP00_graduation gifts for girls_Broad_Nguyen_280526,,,,,,graduation gifts for girls,,,,Enabled,,,,,,0.3,,,,,,,
Sponsored Products,Product Ad,Create,POSITIVEJAR_TURTLE_SP00_graduation gifts for girls_Broad_Nguyen_280526,POSITIVEJAR_TURTLE_SP00_graduation gifts for girls_Broad_Nguyen_280526,,,,,,,,,,Enabled,,POSITIVEJAR_TURTLE,,,,,,,,,,,
Sponsored Products,Keyword,Create,POSITIVEJAR_TURTLE_SP00_graduation gifts for girls_Broad_Nguyen_280526,POSITIVEJAR_TURTLE_SP00_graduation gifts for girls_Broad_Nguyen_280526,,,,,,,,,,Enabled,,,,,,,0.3,graduation gifts for girls,broad,,,,
